Unnamed: 0,Text,Aspect,Explanations,Cleaned_Text,Reconstruction_Error,Anomaly
0,Once it happens there is no going back and you are stuck in an empty void of darkness forever,4,empty void of darkness,happens going back stuck empty void darkness forever,1.999496371539401,True
1,Now i am filled with guilt and stuck feeling like crap,4,filled with guilt and stuck feeling like crap,filled guilt stuck feeling like crap,2.5177896062240057,True
2,And i got home and the voices returned and kept telling me i was piece of shit,4,piece of shit,got home voice returned kept telling piece shit,1.0978460281156308,False
3,"Before her I survived since shit, sexual assaults and the like",1,sexual assaults,survived since shit sexual assault like,0.19663644874827346,False
4,"I feel like there are only three things that you absolutely cannot be, dumb, ugly, and useless",1,"ugly, dumb, and useless",feel like three thing absolutely dumb ugly useless,0.6576265087757204,False
5,"I've gotten through life fairly well being able to somewhat accept the dumb and ugly part, I tried to blame it on other factors for a while but they're just an integral part of who I am",1,"ugly, dumb",'ve gotten life fairly well able somewhat accept dumb ugly part tried blame factor 're integral part,0.7351967541617296,False
6,"I seem to have a big inferiority complex Today in class we were doing little clay figures that represented something to us, while everyone else's looked beautiful and detailed, mine was all desfigured and ugly, while everyone's had a meaning behind them, mine was ""hurr duuurr i like octopus"" Why cant i be the best in something for once?? I felt so embarrassdd when it was my turn to talk about my model, all i wanted to do was say ""sorry teacher but im a talentless piece of shit"" Im petty, im pathetic, i dont want to be but i cant help but feel this way",1,mine was all desfigured and ugly,seem big inferiority complex today class little clay figure represented something u everyone else 's looked beautiful detailed mine desfigured ugly everyone 's meaning behind mine `` hurr duuurr like octopus '' cant best something felt embarrassdd turn talk model wanted say `` sorry teacher im talentless piece shit '' im petty im pathetic dont want cant help feel way,1.3545785022686696,False
7,"Ive been fired from the last 5 jobs, all for reasons of using marijuana to calm myself from my co workers, or outright having a verbal confrontation which results in me getting fired",1,all for reasons of using marijuana,ive fired last 5 job reason using marijuana calm co worker outright verbal confrontation result getting fired,1.8654052404619066,True
8,"I have a big nose, big forehead, big everything and it‚Äö√Ñ√¥s so hard to deal with",1,big forehead,big nose big forehead big everything it‚äö√ñ√¥s hard deal,0.7737160265458572,False
9,"I hate my skin color, i hate my body, i hate how i cant lose weight, i hate how anti-social i am, i hate how dumb i am, i hate my anxiety, i hate how i can make other people laugh but not myself, i hate how lonely i am",1,"i hate my body, i hate my anxiety",hate skin color hate body hate cant lose weight hate anti-social hate dumb hate anxiety hate make people laugh hate lonely,0.6684244205704892,False
10,"the way thinking about dying is so painful but just makes you feel more tired, like you just want it to happen",1,feel more tired,way thinking dying painful make feel tired like want happen,1.088551880327669,False
11,"The rejection, the leaving, the being ignored, the being bullied and made fun of",1,"rejection, the being ignored",rejection leaving ignored bullied made fun,1.219989998920604,False
12,"Don‚Äö√Ñ√¥t usually drink, but do you ever feel so useless and depressed you just want to drink yourself into oblivion?",1,"drink yourself into oblivion, feel so useless",don‚äö√ñ√¥t usually drink ever feel useless depressed want drink oblivion,0.685499574518679,False
13,"I'm 23, I have a worthless ass history degree, no physical attraction whatsoever, no real job, no social life, and no hope of getting out of the US because fuck this country",1,"no physical attraction, no real job, no social life, worthless",'m 23 worthless as history degree physical attraction whatsoever real job social life hope getting u fuck country,1.2504273974280704,False
14,The only thang that ever makes me feel better is getting high and that‚Äö√Ñ√¥s a fucking problem,1,feel better is getting high,thang ever make feel better getting high that‚äö√ñ√¥s fucking problem,0.33738925542996456,False
15,So why can‚Äö√Ñ√¥t I? Every time I look in the mirror all I see are flaws,1,flaws,can‚äö√ñ√¥t every time look mirror see flaw,1.0827027362972363,False
16,"My stomach bulges out too much, my face is fat, my acne is ugly, I need to shave, my teeth are yellow, my butt‚Äö√Ñ√¥s too small, etc",1,"face is fat, acne is ugly, teeth are yellow",stomach bulge much face fat acne ugly need shave teeth yellow butt‚äö√ñ√¥s small etc,1.0982832099824373,False
17,Why can‚Äö√Ñ√¥t I see the good in myself? My biggest insecurity is my stomach,1,my stomach,can‚äö√ñ√¥t see good biggest insecurity stomach,1.6409604272937608,False
18,Im going to kill myself soon it will be easy i think im going to do it in the bathtub so it wont have a lot of blood staining i feel bad for the person or people that are going to have to carry my fat fucking body down the stairs I cant stop thinking about this i just feel bad when I think of my parents finding me,1,my fat fucking body,im going kill soon easy think im going bathtub wont lot blood staining feel bad person people going carry fat fucking body stair cant stop thinking feel bad think parent finding,0.7152959352921717,False
19,"I hate myself, I hate how I look",1,how I look,hate hate look,0.18299356011941326,False
20,"ive always been an ugly kid and hated the way i looked, i envied my childhood friends because they were prettier than me and got better treatment",1,ugly kid,ive always ugly kid hated way looked envied childhood friend prettier got better treatment,1.5762239417430488,False
21,I can't even do basic stuff that's easy for everyone,1,can't even do basic stuff,ca n't even basic stuff 's easy everyone,1.9319211634791809,True
22,I lay around when I'm not running errands/working/going to therapy and it makes my body sore as hell,1,my body sore as hell,lay around 'm running errands/working/going therapy make body sore hell,2.122927379533033,True
23,"So I have depression and anxiety that I take medication for, it's been going well helping me however I am quitting college (to help alleviate the stress and anxiety in my life) and will no longer be covered under my parents healthcare so I will be paying for my medications out of pocket",1,medications out of pocket,depression anxiety take medication 's going well helping however quitting college help alleviate stress anxiety life longer covered parent healthcare paying medication pocket,1.0118276614701331,False
24,I've been in a really bad place and haven't had the time to process any of what I've been dealing with,1,been in a really bad place,'ve really bad place n't time process 've dealing,0.9923998381995974,False
25,I'm literally shitting myself about having to ask for more special treatment because of my fucking head not working properly,1,head not working properly,'m literally shitting ask special treatment fucking head working properly,1.5275529132872419,False
26,Being poor sucks,2,being poor,poor suck,0.8040475053023015,False
27,i‚Äö√Ñ√¥ve been in Partial Hospitalization something like 5 times over the past 4-5 years,1,been in Partial Hospitalization,i‚äö√ñ√¥ve partial hospitalization something like 5 time past 4-5 year,0.21925403088268955,False
28,"This is probably a symptom of PTSD I am diagnosed with, but I still need to find ways to overcome these irrational fears",1,PTSD I am diagnosed with,probably symptom ptsd diagnosed still need find way overcome irrational fear,1.1343284200291885,False
29,"EDIT: I was in a bad mood, mostly frustrated as the songs I made in the period of 2 weeks I was created hadn't struck a chord with me, but since the responses i've gotten i've since got a new perspective on it",1,"songs I made, hadn't struck a chord with me",edit bad mood mostly frustrated song made period 2 week created n't struck chord since response 've gotten 've since got new perspective,1.217660565774208,False
30,"I barely eat, but am gaining weight",1,but am gaining weight,barely eat gaining weight,1.1441653046728129,False
31,I'm tired yet oversleeping,1,oversleeping,'m tired yet oversleeping,0.1804395275606054,False
32,"My dad told me that the doctors give him a year, maybe",1,dad told me that the doctors give him a year,dad told doctor give year maybe,0.5745121627794598,False
33,I have no friends and I spend everyday sleeping,1,spend everyday sleeping,friend spend everyday sleeping,0.9665945311508325,False
34,Had to go outside and walk for a bit because I didn't want anyone to see me break down,4,break down,go outside walk bit n't want anyone see break,1.6316322109044452,False
35,I have extreme fatigue,1,extreme fatigue,extreme fatigue,1.5736341002280623,False
36,Is this 20lb sudden weight loss something that can be attributed to depression? I am generally a very healthy person,1,sudden weight loss,20lb sudden weight loss something attributed depression generally healthy person,2.2621917186001497,True
37,"I workout daily, but haven't been able to the past month because of my extreme fatigue and depression",1,extreme fatigue,workout daily n't able past month extreme fatigue depression,1.3994158574093007,False
38,"Over the past few years I've been obsessing over random hobbies, jumping from one to the other, thinking it was just me finding new interests",4,obsessing,past year 've obsessing random hobby jumping one thinking finding new interest,1.982714447096496,True
39,I have trouble sleeping at night because work stresses me out so much,1,"sleeping at night, have trouble sleeping at night",trouble sleeping night work stress much,0.9508493299647419,False
40,"I didn't go to work today because I had a breakdown last night, and when it was time to get up for work I felt dizzy and glued to my bed",1,didn't go to work today because I had a breakdown last night,n't go work today breakdown last night time get work felt dizzy glued bed,0.5710284780070699,False
41,I don't have healthcare through work and I can't afford healthcare out of pocket,1,don't have healthcare through work and I can't afford healthcare out of pocket,n't healthcare work ca n't afford healthcare pocket,2.108930527965554,True
42,"My recruiter told me it should be okay (I haven‚Äö√Ñ√¥t been officially diagnosed), but if I go on meds I won‚Äö√Ñ√¥t have a chance",1,but if I go on meds I won‚Äö√Ñ√¥t have a chance,recruiter told okay haven‚äö√ñ√¥t officially diagnosed go med won‚äö√ñ√¥t chance,1.1993179058792125,False
43,"It‚Äö√Ñ√¥s usually a skill that people are just born with or learn at an early age, but I didn‚Äö√Ñ√¥t thanks to all the stupid things wrong with me",1,usually a skill that people are just born with or learn at an early age,it‚äö√ñ√¥s usually skill people born learn early age didn‚äö√ñ√¥t thanks stupid thing wrong,1.4438381752397234,False
44,"They tell me that I need to be medically evaluated but, I can't get a drive to get medically evaluated when everything is 30-40 miles away",1,medically evaluated,tell need medically evaluated ca n't get drive get medically evaluated everything 30-40 mile away,1.0201020061187391,False
45,"I played a sport as a teenager, if I decided to go back to the team now I would make myself physically sick with worry, so much so that it wouldn't be worth it",1,physically sick with worry,played sport teenager decided go back team would make physically sick worry much would n't worth,2.1334480961293356,True
46,"I‚Äö√Ñ√¥m 30 years old, drug free and enjoy the occasional beer",1,drug free and enjoy the occasional beer,i‚äö√ñ√¥m 30 year old drug free enjoy occasional beer,1.1229450046068399,False
47,"I don't want to work, I don't want to travel, I don't want to go back to college, learn new things, go out, meet people, date, exercise, cook, read books, write, eat, or anything else",1,don't want to go back to college,n't want work n't want travel n't want go back college learn new thing go meet people date exercise cook read book write eat anything else,1.4901775765337124,False
48,"I'm trying to plan out treatment but lodging, transportation and funding is difficult",1,trying to plan out treatment but lodging,'m trying plan treatment lodging transportation funding difficult,1.658974320844886,False
49,"I have let myself slip because of health problems and no matter how much I study, I can't get past a B or C on exams",1,"health problems, exams",let slip health problem matter much study ca n't get past b c exam,0.751769141019944,False
50,"I am 20 years old, I am from Romania and I have ADHD",1,ADHD,20 year old romania adhd,1.219415119830946,False
51,At 16 years old I've started to masturbate everyday and at 17 to drink alcoholic drinks,1,alcoholic drinks,16 year old 've started masturbate everyday 17 drink alcoholic drink,1.3054507992849949,False
52,I don‚Äö√Ñ√¥t know how I‚Äö√Ñ√¥m going to hide the scars covering my arm during the summer when it‚Äö√Ñ√¥s 100 fucking degrees out,1,scars,don‚äö√ñ√¥t know i‚äö√ñ√¥m going hide scar covering arm summer it‚äö√ñ√¥s 100 fucking degree,1.3092032755726928,False
53,Cutting my hand right now cause I know it won‚Äö√Ñ√¥t leave scars like are on my arm,1,scars,cutting hand right cause know won‚äö√ñ√¥t leave scar like arm,1.084191327002301,False
54,"I have been unemployed since December and I was holding on until I got my tax refund so I could see my psychiatrist for new meds, fixing my car, anything until I can get another job",1,have been unemployed,unemployed since december holding got tax refund could see psychiatrist new med fixing car anything get another job,1.652373496661064,False
55,"I‚Äö√Ñ√¥m on meds, trileptal, sertraline, lorazepam",1,"meds, trileptal, sertraline, lorazepam",i‚äö√ñ√¥m med trileptal sertraline lorazepam,1.1726384342506877,False
56,"I cannot afford to keep going, and I was hoping someone might have some suggestions or exercises in general to stop feeling sad",1,exercises,afford keep going hoping someone might suggestion exercise general stop feeling sad,1.6127985014946402,False
57,"Even if I tried to focus on doing stuff I enjoy doing, I can't do it for long, my head gets dizzy",1,head gets dizzy,even tried focus stuff enjoy ca n't long head get dizzy,0.8944769717505232,False
58,I can't read lines in a book without getting my vision blurry and end up forgetting which line I was supposed to read,1,vision blurry,ca n't read line book without getting vision blurry end forgetting line supposed read,1.4241622724099945,False
59,I am disabled but I cannot even get disability,1,disabled,disabled even get disability,0.9295368785884792,False
60,"Right now as I'm in a taxi going home, I drank 10 pills of antidepressants, wanted to drink the entire bottle and pass out on the road peacefully but couldn't get myself to finish the bottle",1,drank 10 pills of antidepressants,right 'm taxi going home drank 10 pill antidepressant wanted drink entire bottle pas road peacefully could n't get finish bottle,1.6869813841874284,False
61,Doubt I'll be able to go to work tomorrow because have never drank this much and definitely tried before but couldn't follow through,1,never drank this much,doubt 'll able go work tomorrow never drank much definitely tried could n't follow,2.3555461319042057,True
62,"Since the injury happened at work, I was forced to resign my position in order to get a worker's comp settlement",1,injury happened at work,since injury happened work forced resign position order get worker 's comp settlement,3.106344604888421,True
63,"Right now it's 9:05 and I've got: 11 caffeine pills and counting 2 Monster energy cans 1 Pepsi bottle 2 Coke cans I heard that if you overdose on caffeine, you could slip into a coma or die, seems reasonable for me",1,11 caffeine pills,right 's 9:05 've got 11 caffeine pill counting 2 monster energy can 1 pepsi bottle 2 coke can heard overdose caffeine could slip coma die seems reasonable,1.5125689766286496,False
64,":( I was taking Adderall and desipramine before, but last term was rough",1,I was taking Adderall and desipramine,taking adderall desipramine last term rough,2.1989409328276888,True
65,"After school ended, I stopped taking the Adderall, as I noticed that I grew tolerant to it",1,Adderall,school ended stopped taking adderall noticed grew tolerant,1.4945184850886204,False
66,"What do I do??? I honestly need an appointment with my therapist today, but I have to wait till the 3rd and I feel like stuff could burst out of me before then that will alert people to my depression which I don't want",1,I honestly need an appointment with my therapist today,honestly need appointment therapist today wait till 3rd feel like stuff could burst alert people depression n't want,1.787582960212132,False
67,And all this is made worse by the fact that I'm not actually diagnosed,1,And all this is made worse by the fact that I'm not actually diagnosed,made worse fact 'm actually diagnosed,1.0749744335812454,False
68,"My therapist said it's not pathological what I have, but I feel completely alone in my thoughts and feelings all the time",1,My therapist said it's not pathological,therapist said 's pathological feel completely alone thought feeling time,0.47372243961689114,False
69,"I have avoidant personality disorder and major depressive disorder and over the course of two years lost hundreds of friends, and its just now really starting to hit me",1,avoidant personality disorder,avoidant personality disorder major depressive disorder course two year lost hundred friend really starting hit,1.3192018982716371,False
70,"I have eight months off of drugs and alcohol, if I do either I'll spend at least six months in jail, but I want to so fucking bad",1,eight months off of drugs and alcohol,eight month drug alcohol either 'll spend least six month jail want fucking bad,0.55820309195857,False
71,I suffer from several chronic illnesses and have spent the whole year here,1,chronic illness,suffer several chronic illness spent whole year,1.2779046290585263,False
72,"I've been at rock bottom for a while now, and I know that recovering from this depression and involuntary celibacy will be the hardest battle I've yet to fight in my life",1,depression and involuntary celibacy,'ve rock bottom know recovering depression involuntary celibacy hardest battle 've yet fight life,1.1674190158649265,False
73,"i drank too much again and felt suicidal, ended up going to the hospital and passing out in the hospital toilet while waiting for a doctor",1,waiting for doctor,drank much felt suicidal ended going hospital passing hospital toilet waiting doctor,1.842512905196634,False
74,"I know I need meds, but I don't *want* them",1,I need meds,know need med n't want,0.2920406865451542,False
75,"Today I've had multiple anxiety attacks, breakdowns and panic attacks",1,panic attacks,today 've multiple anxiety attack breakdown panic attack,0.984954738488349,False
76,"This morning I spent about 3 hours straight crying, shaking and twitching",4,crying,morning spent 3 hour straight cry shaking twitching,1.4163687464177535,False
77,"I keep hallucinating that someone I know is standing in the doorway and then my vision goes blurry my head hurts then everything returns to normal, I start crying again rinse and repeat",4,"crying, hallucinating",keep hallucinating someone know standing doorway vision go blurry head hurt everything return normal start cry rinse repeat,1.2108988507063165,False
78,Im a 21 year old guy who has become highly addicted to marijuana and alcohol and I feel like Im splitting my personality,1,addicted to marijuana and alcohol,im 21 year old guy become highly addicted marijuana alcohol feel like im splitting personality,1.3592271630306214,False
79,I had a car crash today,1,car crash,car crash today,0.7523798601517865,False
80,"cycle of drugs and eating disorder and sleep and crying , long drives in the dark in the silence , loneliness and screaming",4,sleep and crying,cycle drug eating disorder sleep cry long drive dark silence loneliness screaming,1.868875076762027,True
81,"Over the past 4 weeks, I've become a lot worse, I have anxiety, developed insomnia and I cannot eat",1,insomnia,past 4 week 've become lot worse anxiety developed insomnia eat,0.5067656261170572,False
82,"I'm not a homeless, heavy drug addict",1,heavy drug addict,'m homeless heavy drug addict,1.54085585424632,False
83,"It's like i'm stuck in a tiny, tiny hole and i can barely breath",1,barely breath,'s like 'm stuck tiny tiny hole barely breath,2.148428105240072,True
84,"My depression has not lifted, I seem to have a bit more physical energy and motivation but I am still mentally clouded",1,mentally clouded,depression lifted seem bit physical energy motivation still mentally clouded,0.8369839647635159,False
85,"Maybe I just have some sort of addiction, but when I'm off of it for even 5 minutes to go to the bathroom or something, I'm reminded of how shitty life is",1,addiction,maybe sort addiction 'm even 5 minute go bathroom something 'm reminded shitty life,1.698689706253194,False
86,"After many years of variety of meds for a variety of things (ADHD, depression, sleep, bipolar), I decided to self-medicate with coffee, melatonin, excercise, a therapy light, and running my own business rather than having to follow stupid rules",1,"ADHD, bipolar",many year variety med variety thing adhd depression sleep bipolar decided self-medicate coffee melatonin excercise therapy light running business rather follow stupid rule,1.600740116891749,False
87,"therapy, I have antidepressants, I've hopped through the hoops of NLP, affirmations, binaural beats, meditation, tried to stop drinking",1,binaural beats,therapy antidepressant 've hopped hoop nlp affirmation binaural beat meditation tried stop drinking,1.0341867135456604,False
88,I'm on a new cocktail of meds that keep me stable for 9 hours of the day and let me sleep at night,1,new cocktail of meds,'m new cocktail med keep stable 9 hour day let sleep night,0.429950550021189,False
89,"I can't go to the hospital because that's a huge hospital bill, it's really embarrassing, they'll tie me down and force medication down my throat",1,"huge hospital, force medication",ca n't go hospital 's huge hospital bill 's really embarrassing 'll tie force medication throat,1.4511256572928801,False
90,Ive been on Viibryd for about a year give or take,1,been on Viibryd,ive viibryd year give take,0.5941095278807769,False
91,"I've read a few forums and have noticed that most people have experienced rapid weight gain with this medication, and no matter how hard they've worked- the weight wont budge",1,rapid weight gain,'ve read forum noticed people experienced rapid weight gain medication matter hard 've worked- weight wont budge,1.557895818437856,False
92,"Does anyone currently take viibryd? Have you even come off of it, what was it like? I heard the withdrawals are horrible",1,withdrawals are horrible,anyone currently take viibryd even come like heard withdrawal horrible,1.277500223918851,False
93,We tried celexa again- didn't work,1,tried celexa,tried celexa again- n't work,2.3367703781563915,True
94,"I'm failing out of school, I can't start a relationship, my autism is getting worse, and I won't even have a place to live next month when I turn 18",1,autism is getting worse,'m failing school ca n't start relationship autism getting worse wo n't even place live next month turn 18,0.7234401934759976,False
95,This took a lot of courage to post and for me to be drunk to want to post it,1,me to be drunk,took lot courage post drunk want post,1.4249458963415709,False
96,"But I can just wake up in the morning and be unable to move my legs, and have great difficulty moving my arms as well",1,unable to move my legs,wake morning unable move leg great difficulty moving arm well,1.4620841324995792,False
97,"I was just curious as to what medication/mg are you on? Has it helped you? what other meds have you tried? I'm currently on Effexor XR 300mg, and it has helped me so much!!! but if I don't take my medication at the same time everyday I feel so sick, horrible brain zaps to where I cant even move my head/eyes",1,"what medication, horrible brain zaps",curious medication/mg helped med tried 'm currently effexor xr 300mg helped much n't take medication time everyday feel sick horrible brain zap cant even move head/eyes,1.4238543685813325,False
98,"I was hoping I wouldn't feel like complete shit because I started Prozac a couple months ago, but here I am!",1,Prozac,hoping would n't feel like complete shit started prozac couple month ago,1.185049807955931,False
99,So I have rapid cycling bipolar 2 which is a less severe form of bipolar,1,less severe form of bipolar,rapid cycling bipolar 2 le severe form bipolar,1.683359795093081,False
100,I'm being partially hospitalized for paranoia,1,partially hospitalized for paranoia,'m partially hospitalized paranoia,0.005983329560710359,False
101,this is gonna be a really rambley post so i am so sorry i'm like really out of it right now i don't know if it's wellbutrin (which i was prescribed like 4 weeks ago) or just me or something but like i've been so fucking weak and shaky,1,wellbutrin,gon na really rambley post sorry 'm like really right n't know 's wellbutrin prescribed like 4 week ago something like 've fucking weak shaky,1.287084153461211,False
102,my hands are shaking like i have fucking parkinson's and i have zero appetite whatsoever,1,zero appetite,hand shaking like fucking parkinson 's zero appetite whatsoever,1.848574489350017,False
103,one day last week i spent the entire night hallucinating shadows and feeling extremely paranoid,1,paranoid,one day last week spent entire night hallucinating shadow feeling extremely paranoid,1.181800786082748,False
104,But long story short when things get really bad for me I sometimes get really clumsy and mess up a lot,1,clumsy,long story short thing get really bad sometimes get really clumsy mess lot,0.9966956430085596,False
105,Anybody else? I'm an aspiring screenwriter and I write my best stuff when I'm in the dark places my depression takes me,1,aspiring screenwriter,anybody else 'm aspiring screenwriter write best stuff 'm dark place depression take,1.5839369322499726,False
106,"I need time off to just sort out what I want to do in life, but at work during the week it's all rush rush rush and stress and chores and anxiety",4,stress and chores and anxiety,need time sort want life work week 's rush rush rush stress chore anxiety,0.6272925247907909,False
107,"For the past week (Maybe more ? Can't remember) I've maybe taken my antidepressants twice instead of every morning, because I'm dumb and keep forgetting or thinking it's fine, and now my head is killing me, I feel like I'm going to throw up 24/7, I've been having nightmares and I basically feel like shit",1,"antidepressants, nightmares",past week maybe ca n't remember 've maybe taken antidepressant twice instead every morning 'm dumb keep forgetting thinking 's fine head killing feel like 'm going throw 24/7 've nightmare basically feel like shit,1.1557416771088518,False
108,I drink too much,1,drink too much,drink much,0.8569271023555081,False
109,I almost feel like I'm addicted at this point,1,addicted,almost feel like 'm addicted point,1.1868704706303423,False
110,So I'm better of getting full sleep hours and making up for it later,4,full sleep hours,'m better getting full sleep hour making later,0.6979747944525668,False
111,despite trying meds and in therapy,1,"meds, therapy",despite trying med therapy,1.1718976098275764,False
112,and have been feeling unwell since then,1,feeling unwell,feeling unwell since,0.19362244798447414,False
113,"I'm not sleeping, eating irregularly",1,sleeping,'m sleeping eating irregularly,1.048137985939619,False
114,Today had to leave work because my depression was so bad that i started having panic attacks,1,panic attacks,today leave work depression bad started panic attack,0.5965056957102662,False
115,"Can't sleep at 3 in the morning, going through withdrawal symptoms because I'm trying to diet again but am addicted to junk food, and just frustrated because I can't enjoy anything in life and everything everyone says just sounds like bullshit",1,"withdrawal symptoms, addicted to junk food",ca n't sleep 3 morning going withdrawal symptom 'm trying diet addicted junk food frustrated ca n't enjoy anything life everything everyone say sound like bullshit,1.6171036375069598,False
116,"I have a medical condition that causes me to faint whenever I experience shock or stress,After much anticipation of going back of school due to loneliness,NO ONE even mentioned it,even though before the holidays I fainted in front of everyone,No one even asked me If I was ok,Not only that,NO ONE has tried to help me with my psychological problems,everyone is just repelled away from me as ""I'm an asshole"",even though no one has seen the true story of me yet,fuck you,teacher,I will heat up a razor-bladed drill bit,and shove it up your sorry ass if I could",1,medical condition,medical condition cause faint whenever experience shock stress much anticipation going back school due loneliness one even mentioned even though holiday fainted front everyone one even asked ok one tried help psychological problem everyone repelled away `` 'm asshole '' even though one seen true story yet fuck teacher heat razor-bladed drill bit shove sorry as could,1.7753610695566968,False
117,I've had panic attacks before and tried to talk to my mom about it but she just blew it off by telling to watch videos about breathing exercises or some bullshit,1,panic attacks,'ve panic attack tried talk mom blew telling watch video breathing exercise bullshit,1.4617458372405372,False
118,"But I feel my anxiety creeps in again and maybe I should go back on my pills? They were not ""hardcore"" by any means, but helped ease some of the anxiety",1,pills,feel anxiety creep maybe go back pill `` hardcore '' mean helped ease anxiety,0.7573590432064776,False
119,I've just been prescribed Citalopram 20mg - started treatment today,1,prescribed Citalopram 20mg - started treatment today,'ve prescribed citalopram 20mg started treatment today,1.1384337055401679,False
120,I'm attempting medication finally,1,attempting medication,'m attempting medication finally,0.6974432475435428,False
121,But even here it feels insurmountable,1,feels insurmountable,even feel insurmountable,0.07930841909126272,False
122,It makes eating out really unpleasant too,4,really unpleasant,make eating really unpleasant,0.6519005250736005,False
123,I only take Lexapro,1,take Lexapro,take lexapro,1.1990577251466201,False
124,"It's not an upset stomach, it just feels unwell, and it changes my mood because it's all I can focus on",1,feels unwell,'s upset stomach feel unwell change mood 's focus,1.4148998242820048,False
125,I think the main reason it's so hard for me to overcome my depression is that it's actually a physical illness,1,physical illness,think main reason 's hard overcome depression 's actually physical illness,0.7230955526344678,False
126,"It feels like having a really bad cold or flu all the time - not feeling like getting out of bed, general aches, grogginess, brain fog",1,"aches, grogginess, brain fog",feel like really bad cold flu time feeling like getting bed general ache grogginess brain fog,0.8655768388116416,False
127,I may have to take short term disability while I'm in the hospital and I'm scared and nervous,1,short term disability,may take short term disability 'm hospital 'm scared nervous,1.61539109425637,False
128,"My residing in bed with a mountain of inertia has left me with needing two tooth caps, devolving physical fitness, increasing neuroticism, cynicism, etc etc",1,"neuroticism, cynicism",residing bed mountain inertia left needing two tooth cap devolving physical fitness increasing neuroticism cynicism etc etc,1.291892326884127,False
129,"Well it did, to the point where any pressure on my stomach caused me pain and I would have to just lay down until the upset stomach subsided",1,upset stomach,well point pressure stomach caused pain would lay upset stomach subsided,1.708654405593663,False
130,I toughed it out for awhile because i felt so good but it just got to be too much so I stopped taking it about a week ago when it started making me vomit,1,making me vomit,toughed awhile felt good got much stopped taking week ago started making vomit,0.5522792865426207,False
131,I had been on Zoloft 50mg and even got down to 25 mg for anxiety and depression,1,25 mg for anxiety and depression,zoloft 50mg even got 25 mg anxiety depression,1.5291466382947678,False
132,So now I'm on 100 mg of pristiq and have yet to witness any change,1,100 mg of pristiq,'m 100 mg pristiq yet witness change,1.3127135801026195,False
133,So basically since last night I have been on the panic attack rollercoaster,1,panic attack,basically since last night panic attack rollercoaster,0.8818080828373698,False
134,I feel dead and hopeless,4,feel dead and hopeless,feel dead hopeless,0.8637774568327119,False
135,"Hi, I've been feeling incredibly tired and lethargic lately",1,incredibly tired and lethargic lately,hi 've feeling incredibly tired lethargic lately,1.2209869922169352,False
136,"I have improved my life significantly over the past two years: I found an antidepressant that works for me, I've gone back to school, I've got a steady job, I've even gone on a few dates, and I adopted a dog to give me a place to focus my attention and love on",1,antidepressant that works for me,improved life significantly past two year found antidepressant work 've gone back school 've got steady job 've even gone date adopted dog give place focus attention love,0.890185185529977,False
137,out of no where my chest began to tighten and my heart started racing,1,"out of no where my chest began to tighten, heart started racing",chest began tighten heart started racing,0.9187913180527685,False
138,"I am on medication, but yet all day long, I feel panic, trouble breathing and shaking all day for like no reason",1,"panic, trouble breathing",medication yet day long feel panic trouble breathing shaking day like reason,0.9420996863816421,False
139,My meds are fucked I'm a month out from seeing my doctor to get them fixed I see my therapist soon but he can't prescribe shit,1,"meds are fucked, I'm a month out from seeing my doctor to get them fixed",med fucked 'm month seeing doctor get fixed see therapist soon ca n't prescribe shit,0.6969534069163367,False
140,"I hate that for most of the medications I've tried anyway, it doesn't take away the sad, it merely allows you to function through it",1,hate that for most of the medications,hate medication 've tried anyway n't take away sad merely allows function,0.4179074876350959,False
141,"My family has an extreme history of mental illness &amp; alcohol abuse so it‚Äö√Ñ√¥s not cand land here, it‚Äö√Ñ√¥s depressing as can be",1,"extreme history of mental illness &am, alcohol abuse",family extreme history mental illness amp alcohol abuse it‚äö√ñ√¥s cand land it‚äö√ñ√¥s depressing,1.2560348328152817,False
142,"I‚Äö√Ñ√¥ve tried therapy, medication but nothing is working",1,"tried therapy, medication but nothing is working",i‚äö√ñ√¥ve tried therapy medication nothing working,0.5825644487313483,False
143,My entire life has been wasted by crippling depression and ptsd and borderline personality,1,borderline personality disorder,entire life wasted crippling depression ptsd borderline personality,1.3632520518446138,False
144,I'd stop for a bit and then start crying again,4,start crying,'d stop bit start cry,0.6512095842720571,False
145,"I kept thinking about killing myself while I was at work, then I'd start crying while thinking of my mom's reaction after I kill myself",4,start crying,kept thinking killing work 'd start cry thinking mom 's reaction kill,0.7847724317820012,False
146,I sit here blood on my legs out of the cuts that i madea My shell is breaking I cant do anythind nobody can knwo idon tknow what to do anyt more,1,"blood on my legs, out of the cuts",sit blood leg cut madea shell breaking cant anythind nobody knwo idon tknow anyt,1.9933122327200536,True
147,Hello i whoud wish if you watch my channel i posted a link on some tips and tricks on how to get out of deppression because i am also deppressed i am bipolar so i thought it can help some people idk check me out,1,bipolar,hello whoud wish watch channel posted link tip trick get deppression also deppressed bipolar thought help people idk check,2.048102555229233,True
148,I stayed in the psychiatric unit of a hospital for a week,1,psychiatric unit of a hospital,stayed psychiatric unit hospital week,0.6737307232040382,False
149,"I'm on new meds, I still don't feel any different, I really don't know what to do",1,on new meds,'m new med still n't feel different really n't know,0.4959802794925324,False
150,"Um, so I'm 13 and I have depression and anxiety, but I'm only on medication for anxiety until I get my depression medication later",1,only on medication,um 'm 13 depression anxiety 'm medication anxiety get depression medication later,0.9407850278602745,False
151,"The only joy I get is from sex, drugs, and alcohol and only those are temporary",1,"drugs, alcohol, only joy I get is from sex",joy get sex drug alcohol temporary,1.3113205080448105,False
152,I got diagnosed with a pretty serious autoimmune disease about 5 months ago,1,serious autoimmune disease,got diagnosed pretty serious autoimmune disease 5 month ago,0.723209661531419,False
153,"As I was trying to fall asleep, I started to hear weird things coming from outside my bedroom",1,hear weird things,trying fall asleep started hear weird thing coming outside bedroom,1.2386694876905149,False
154,"I love all of them very much, but they don‚Äö√Ñ√¥t know they‚Äö√Ñ√¥re talking to a ghost",1,talking to a ghost,love much don‚äö√ñ√¥t know they‚äö√ñ√¥re talking ghost,0.29172766320083987,False
155,"is this a depression thing? is this a medication thing? (i'm on lamictal, lexapro and seroquel)",1,medication,depression thing medication thing 'm lamictal lexapro seroquel,0.62253022478033,False
156,"This year was a shit, the finances in my house were rockbottom, the health problems get bigger by the time and the success is not even around us, but I'm by my own, right? Just had a motorcycle accident the day before yesterday and it was definitely a mistake",1,"health problems get bigger, motorcycle accident",year shit finance house rockbottom health problem get bigger time success even around u 'm right motorcycle accident day yesterday definitely mistake,1.8311381094671146,False
157,The doctors have no further suggestions but ECT,1,ECT,doctor suggestion ect,0.7562040008994019,False
158,I'm sick about everything,1,sick about everything,'m sick everything,0.3745010816982888,False
159,"I stopped taking my medication impulsively, I was taking depakote 250mg once a day for about 2 months and stopped taking it for about 4 days now",1,medication,stopped taking medication impulsively taking depakote 250mg day 2 month stopped taking 4 day,0.6800244841100025,False
160,Headaches at night I get tired at night but still manage to sleep late Even on medication I still feel the depression and hopelessness strongly,1,medication,headache night get tired night still manage sleep late even medication still feel depression hopelessness strongly,1.1153825996656974,False
161,I recently got diagnosed bipolar last september,1,bipolar,recently got diagnosed bipolar last september,0.9398615027432681,False
162,I was prescribed Mirtazapine some time ago because of depression and insomnia and I have been taking it for a month now,1,"prescribed Mirtazapine, insomnia",prescribed mirtazapine time ago depression insomnia taking month,0.773331701610212,False
163,I've been dealing with a depressive episode (biopolar) for a while,1,dealing with a depressive episode (biopolar),'ve dealing depressive episode biopolar,1.5058010313347443,False
164,"Recently diagnosed with Dysthymia w/ anxiety, I've been suffering through this for years but only started getting help in the last year",1,diagnosed with Dysthymia w/ anxiety,recently diagnosed dysthymia w/ anxiety 've suffering year started getting help last year,0.5281317993709883,False
165,"I'm on my 4th antidepressant (zoloft, wellbutrin, lexapro, effexor) now with no success",1,"antidepressant (zoloft, wellbutrin, lexapro, effexor)",'m 4th antidepressant zoloft wellbutrin lexapro effexor success,2.816222592160767,True
166,They smoke weed and have also told me about times when they've done cocaine,1,"smoke weed, cocaine",smoke weed also told time 've done cocaine,0.6809038778464976,False
167,I think I have an addictive personality and cocaine might not be a good thing for me to try,1,"addictive personality, cocaine",think addictive personality cocaine might good thing try,0.6204619441175162,False
168,"For the past several years I've started the year either depressed, literally on the verge of suicide, or high as fuck, and the rest of the year always mirrored that, proving my paranoia right",1,paranoia,past several year 've started year either depressed literally verge suicide high fuck rest year always mirrored proving paranoia right,0.5658514999592549,False
169,"But it's 4:45am on jan 1st now and I'm drunk as hell because I ran out of weed so I couldn't sleep and now I'm suicidal as well and I can't help but feeling like 2018 is going to be a whole other year of drugs and booze and depression and it's like, what's the point? Why don't I just end it now? I just want to die lmfao I can't even bring in the new year right, I've screwed everything?? Fuck Where do I even go from here?",1,"drunk as hell, weed",'s 4:45am jan 1st 'm drunk hell ran weed could n't sleep 'm suicidal well ca n't help feeling like 2018 going whole year drug booze depression 's like 's point n't end want die lmfao ca n't even bring new year right 've screwed everything fuck even go,0.7036629058725037,False
170,"How often is it that a suicidal person actually goes through with it eventually? Like if someone was suicidal years ago but had some help and got a little better, how often is it that hey'd have a sort of relapse? Sorry, I'm feeling super hopeless right now and I don't know if I want good news or bad news (to be honest I'm not really sure which is which either)",1,relapse,often suicidal person actually go eventually like someone suicidal year ago help got little better often hey 'd sort relapse sorry 'm feeling super hopeless right n't know want good news bad news honest 'm really sure either,1.116300901833306,False
171,"Plus, just took a ritalin pill so I'll be fucked after the ride",1,just took a ritalin pill,plus took ritalin pill 'll fucked ride,1.0770298292977616,False
172,"But I had a period where for 2 days I had worsening of depressive symptoms, suicidal thoughts and very impulsive - like - uncontrollable anxiety (with constant shaking for 2 days straight)",4,uncontrollable anxiety,period 2 day worsening depressive symptom suicidal thought impulsive like uncontrollable anxiety constant shaking 2 day straight,1.3839309245281584,False
173,I of course didn't bring this up to my doctor and I am now wondering is it possible that the drugs used to self medicate might be causing alternative effects with the antidepressants? The effexor seems to be a better fit for me as I didn't have many side effects but I still had a similar episode I had before,1,self medicate,course n't bring doctor wondering possible drug used self medicate might causing alternative effect antidepressant effexor seems better fit n't many side effect still similar episode,2.057304730448748,True
174,"It all starts with a painful headache, then horrible thoughts and followed by uncontrollable anxiety that doesn't seem to die down",4,uncontrollable anxiety,start painful headache horrible thought followed uncontrollable anxiety n't seem die,0.9080219101997331,False
175,I remember I self medicated the second time in hopes it would stop the episode but that either didn't work or made it worse,1,self medicate,remember self medicated second time hope would stop episode either n't work made worse,0.7258776932401044,False
176,My drug of choice is Red Bull,1,drug of choice is Red Bull,drug choice red bull,1.4742365988254544,False
177,"Over the past 4 years I've dealt with many suicides, overdoses and death",1,overdoses,past 4 year 've dealt many suicide overdoses death,0.7042981477205683,False
178,"Just the idea of being able to leave this reality and just be drunk alone at home is comforting, not needing to care or be there",1,drunk,idea able leave reality drunk alone home comforting needing care,1.2588469829874156,False
179,"I just got too drunk, is all",1,drunk,got drunk,0.45457884417814104,False
180,She wasn't just too drunk,1,drunk,n't drunk,0.5662023740147721,False
181,"I took my pocket knife, washed it, and started cutting on my right arm",1,started cutting on my right arm,took pocket knife washed started cutting right arm,0.9124742516782214,False
182,"If I can feel pain, I'm worth living, right? I don't even know anymore",1,feel pain,feel pain 'm worth living right n't even know anymore,0.5114867606837877,False
183,"I‚Äö√Ñ√¥m about an hour away from the it being 2018 and like every year, I‚Äö√Ñ√¥m alone and a little drunk",1,drunk,i‚äö√ñ√¥m hour away 2018 like every year i‚äö√ñ√¥m alone little drunk,0.9406595821949905,False
184,"Over the past few years, health and ED fucked up sex life to point wife wont even try anymore",1,health and ED,past year health ed fucked sex life point wife wont even try anymore,0.9539684038751876,False
185,Past year she has become an online gaming addict and you have to drag her away from the machine,1,addict,past year become online gaming addict drag away machine,1.2646822742709638,False
186,Everyone is out getting drunk and being reckless (like every other 19 year old),1,drunk and being reckless,everyone getting drunk reckless like every 19 year old,0.7278225428645156,False
187,"Everyone is out drinking, smoking weed, blowing off fireworks, and having sex",1,"drinking, smoking weed",everyone drinking smoking weed blowing firework sex,1.1530998346237091,False
188,"That was also the year I got suspended for drug use (I attended a boarding school), and subsequently got waitlisted at 5 top 20 schools that I would have got into if it hadn't been for my suspension",1,suspended for drug use,also year got suspended drug use attended boarding school subsequently got waitlisted 5 top 20 school would got n't suspension,0.5230794529017923,False
189,I have been taking Sertraline for 9 months and was on max dosage and after 3 months everything got better,1,Sertraline for 9 months and was on max dosage,taking sertraline 9 month max dosage 3 month everything got better,0.7359988399084337,False
190,"I read about others but I didn‚Äö√Ñ√¥t truly understand how intense they are, my mindset is going back to what is was, I slept 2 hours maximum a night, I have constant brain zaps, sweats",1,"slept 2 hours maximum a night, brain zaps",read others didn‚äö√ñ√¥t truly understand intense mindset going back slept 2 hour maximum night constant brain zap sweat,1.1509432638415473,False
191,Ive recently had the alpha stim bought for me by a parent,1,alpha stim bought for me by a parent,ive recently alpha stim bought parent,0.5863573646582192,False
192,"I need some sort of support or some shit, I‚Äö√Ñ√¥ve been fucked by depression for years and now I found a lump on my testicle",1,found a lump on my testicle,need sort support shit i‚äö√ñ√¥ve fucked depression year found lump testicle,0.7540568660418655,False
193,"I hate taking my pills, I feel so numb and dizzy",1,hate taking my pill,hate taking pill feel numb dizzy,0.5463526442245059,False
194,"Let me start by saying I'm not an addict, but it was my first time trying opiates",1,trying opiates,let start saying 'm addict first time trying opiate,1.1632200911325086,False
195,"Everything was going fine until I started sweating buckets, getting an intense itch, throwing up, and falling in and out of consciousness",1,"getting an intense itch, and falling in and out of consciousness",everything going fine started sweating bucket getting intense itch throwing falling consciousness,1.3497608544103936,False
196,"About a month ago, I was moderately depressed but a video triggered what I thought was euphoria in me",1,euphoria,month ago moderately depressed video triggered thought euphoria,0.8188738983141636,False
197,"At first, it didn't feel like it, I felt realllly good, but then I thought, ""I haven't felt like this, my heart is racing, this must be anxiety"" and then it changed to another anxiety episode",1,heart is racing,first n't feel like felt realllly good thought `` n't felt like heart racing must anxiety '' changed another anxiety episode,0.6832879473710871,False
198,"damn, at least some fcking alcohol would have made this shitty, depressing-ass night a little easier",1,alcohol,damn least fcking alcohol would made shitty depressing-ass night little easier,1.6647072598931478,False
199,"that's what everyone else is doing anyway, getting black-out drunk",1,getting black-out,'s everyone else anyway getting black-out drunk,0.4765441235107116,False
200,I have several autoimmune disorders (lupus is the main) and have a hard time keeping on weight,1,"have several autoimmune disorders, lupus is the main",several autoimmune disorder lupus main hard time keeping weight,1.4191786931533057,False
201,I‚Äö√Ñ√¥m in a lot of pain,1,lot of pain,i‚äö√ñ√¥m lot pain,0.31667634410241285,False
202,We were all kind of drunk and my boyfriend's friend asked a friend of mine if he take a shot from her belly button and she said no,1,drunk,kind drunk boyfriend 's friend asked friend mine take shot belly button said,0.6696618051183721,False
203,"I'm worse off than I've been in a long time, and attempted suicide 4 times in the past 3 months, ending up with two hospitalizations and being committed to behavioral center",1,ending up with two hospitalizations and being committed to behavioral center,'m worse 've long time attempted suicide 4 time past 3 month ending two hospitalization committed behavioral center,0.5511059384980797,False
204,I just wanna sleep and never wake up,1,sleep and never wake up,wan na sleep never wake,0.8116601356671806,False
205,i was only a slefish stoner that smoked everyday,1,smoked everyday,slefish stoner smoked everyday,0.7020324523124061,False
206,i wake up and i go to sleep crying pretty much every night,1,go to sleep crying,wake go sleep cry pretty much every night,0.6400098375682279,False
207,I'm still able to do daily tasks but my minds all ways blank when I do them when I do think it's usually a long thought about deppressing stuff or it's quick thoughts,1,minds all ways blank,'m still able daily task mind way blank think 's usually long thought deppressing stuff 's quick thought,0.8427216859842764,False
208,Sometimes I get the urge to choke myself with my hands and one time I scratched myself very hard and the next day a scab formed where I scratched,1,"urge to choke myself, scratched myself",sometimes get urge choke hand one time scratched hard next day scab formed scratched,1.498804508093405,False
209,"I've had four heart attacks due to bad genetics and i'm only 25, and i need to know what i need to do next",1,had four heart attacks due to bad genetics,'ve four heart attack due bad genetics 'm 25 need know need next,0.45637167223738434,False
210,"Now I can't stop thinking about self harming, which I haven't done since I was 15, that was 8 years ago",1,can't stop thinking about self harming,ca n't stop thinking self harming n't done since 15 8 year ago,1.2688374055482319,False
211,"I can't distract myself from these thoughts anymore, I know I'm going relapse into my eating disorder and I'm just fucking exhausted with this",1,eating disorder,ca n't distract thought anymore know 'm going relapse eating disorder 'm fucking exhausted,0.6324022727125371,False
212,"A lonely hurt in my lower chest, a mild stomachache, and despair",1,"hurt in my lower chest, a mild stomachache",lonely hurt lower chest mild stomachache despair,2.3352113697936154,True
213,After multiple admissions to hospital and trying heaps of different medication my doctor has recommended I try TMS,1,different medication,multiple admission hospital trying heap different medication doctor recommended try tm,0.8569872395630672,False
214,I know there are tons of different kinds of medication so how does the doctor know which one to prescribe? Do you have a say in which antidepressants you're leaning towards? I know some of them have severe side effects so I'm wondering if after they've talked with you to inspect you if they give you a choice from a list they feel is best or if they usually start you off the bat with one kind of medication without questions asked,1,severe side effects,know ton different kind medication doctor know one prescribe say antidepressant 're leaning towards know severe side effect 'm wondering 've talked inspect give choice list feel best usually start bat one kind medication without question asked,1.1225287947734945,False
215,I was planning a tattoo to get that would cover all my old scars,1,cover all my old scars,planning tattoo get would cover old scar,2.2998431676091395,True
216,"‚Äö√Ñ√π When I got home, I got into comfortable pajamas and researched lethal doses of the medicines I have in my cabinet",1,researched lethal doses,‚äö√ñ√π got home got comfortable pajama researched lethal dos medicine cabinet,0.2642414645843581,False
217,I started the new year drunk and now first time high,1,drunk and now first time high,started new year drunk first time high,0.4321078127864955,False
218,"Pretty much the title (for depression) but I booked it when I was drunk and really fucked up, now I'm not so sure because my anxiety is kicking in",1,booked it when I was drunk and really fucked up,pretty much title depression booked drunk really fucked 'm sure anxiety kicking,0.5989245418825319,False
219,seroquel has helped keep me stabile but instead of getting mania like I used too just tend to be on a consistent level of depression,1,instead of getting mania,seroquel helped keep stabile instead getting mania like used tend consistent level depression,1.406016368526299,False
220,It bothers me that you can have fun unless you drink and act dumb with other people,1,drink,bother fun unless drink act dumb people,1.8791092348196141,True
221,"I‚Äö√Ñ√¥ve been seeing the same Psych for years, however am considering switching to a psychiatrist because I‚Äö√Ñ√¥ve been on the same low dose of fluoxetine for years",1,been on the same low dose of fluoxetine for year,i‚äö√ñ√¥ve seeing psych year however considering switching psychiatrist i‚äö√ñ√¥ve low dose fluoxetine year,1.0221811260217883,False
222,"I‚Äö√Ñ√¥ve always been depressed feeling and I self harmed when I was a teenager, but it was never like this",1,self harmed,i‚äö√ñ√¥ve always depressed feeling self harmed teenager never like,1.4023480976866258,False
223,"I think child birth triggered something because this all started with the intense sadness after having my first son (I‚Äö√Ñ√¥m assuming it was Postpartum Depression, but I never reached out",1,Postpartum Depression,think child birth triggered something started intense sadness first son i‚äö√ñ√¥m assuming postpartum depression never reached,1.6811892939763795,False
224,I played the sims had a few drinks and smoked weed and went to sleep at 11,1,smoked weed,played sims drink smoked weed went sleep 11,1.3154801876149593,False
225,"A few weeks ago I noticed I started getting really fatigued, I couldn‚Äö√Ñ√¥t drag myself out of bed, and by late afternoon I was a zombie",1,really fatigued,week ago noticed started getting really fatigued couldn‚äö√ñ√¥t drag bed late afternoon zombie,0.9177372919105946,False
226,Is this a type of agitated depression? I don‚Äö√Ñ√¥t have a history of bipolar,1,history of bipolar,type agitated depression don‚äö√ñ√¥t history bipolar,1.2381123080748677,False
227,"my heart is beating so fast and i feel so worried and anxious, i feel suffocated",1,heart is beating so fast,heart beating fast feel worried anxious feel suffocated,0.7073182265345906,False
228,"The lack of energy, loss of interest in enjoyed activities",1,lack of energy,lack energy loss interest enjoyed activity,1.5908465248996877,False
229,"In other words, I‚Äö√Ñ√¥ve been self-medicating nightly for 3 or 4 decades, a moderate to heavy drinker",1,heavy drinker,word i‚äö√ñ√¥ve self-medicating nightly 3 4 decade moderate heavy drinker,1.0876619594293329,False
230,Like seriously I can just be driving and I'll have a breakdown and start crying,4,"breakdown, start crying",like seriously driving 'll breakdown start cry,1.3132941641323272,False
231,"It‚Äö√Ñ√¥s just a constant state of ‚Äö√Ñ√∫You‚Äö√Ñ√¥re super depressed, isolate yourself from everyone because your a poison, waste your day away, think about progressing in life but of course you won‚Äö√Ñ√¥t do anything, etc I just feel like I have a mild OCD and I can‚Äö√Ñ√¥t stop obsessing over my mental health and how I‚Äö√Ñ√¥m slowly rotting",1,have a mild OCD,it‚äö√ñ√¥s constant state ‚äö√ñ√∫you‚äö√ñ√¥re super depressed isolate everyone poison waste day away think progressing life course won‚äö√ñ√¥t anything etc feel like mild ocd can‚äö√ñ√¥t stop obsessing mental health i‚äö√ñ√¥m slowly rotting,0.9805365766831792,False
232,5mg for about 3month with no issues for panic/anxiety attack but this week has been the worse for me,1,panic/ anxiety attack,5mg 3month issue panic/anxiety attack week worse,0.7241542728050605,False
233,Bonus points if you plead with a cab driver to drop you off at a famous-for-suicides bridge so you can jump off,1,so you can jump off,bonus point plead cab driver drop famous-for-suicides bridge jump,1.7245112511389082,False
234,That‚Äö√Ñ√¥s how they are-I can‚Äö√Ñ√¥t do things my way cause I‚Äö√Ñ√¥m an immature autistic 23 year old who‚Äö√Ñ√¥s only staying with them because they offered me a place to stay while I build up money and looked for housing,1,"an immature autistic 23 year old, build up money",that‚äö√ñ√¥s are-i can‚äö√ñ√¥t thing way cause i‚äö√ñ√¥m immature autistic 23 year old who‚äö√ñ√¥s staying offered place stay build money looked housing,1.2871403945429807,False
235,"Since then, I've been on meds and doing therapy",1,been on meds and doing therapy,since 've med therapy,0.50447031022645,False
236,"I'm day drunk, miserable, and not feelin the pills",1,day drunk,'m day drunk miserable feelin pill,0.5416199751889288,False
237,"I cut my wrists, arms, veins on joints both vertically and horizontally",1,"cut my wrists, arms",cut wrist arm vein joint vertically horizontally,1.225131333922381,False
238,I finally told my parents I was depressed and now they're getting me a therapist,1,therapist,finally told parent depressed 're getting therapist,0.5454898425120643,False
239,"Hey all, I've been on Lexapro (generic) for a couple years now, no issues",1,been on Lexapro (generic),hey 've lexapro generic couple year issue,1.174409971087981,False
240,I'm concerned with the possibility of seizures,1,concerned with the possibility of seizures,'m concerned possibility seizure,0.005983329560710359,False
241,They always say I‚Äö√Ñ√¥m paranoid and that I‚Äö√Ñ√¥m making everything up,1,paranoid,always say i‚äö√ñ√¥m paranoid i‚äö√ñ√¥m making everything,1.1726291180569297,False
242,"For about a year and a half now, I've been having these really bad headaches that usually last for days",1,headaches,year half 've really bad headache usually last day,1.087430002973372,False
243,"- right around 8-9 at night every night I start to get really bored, and I always get the urge to smoke a bowl or drink a few beers just for something to do",1,"urge to smoke, drink",right around 8-9 night every night start get really bored always get urge smoke bowl drink beer something,1.0090399826779133,False
244,"I hate my breasts they look fkn huge (But they look average sometimes which is good) I hate my shitty stomach that sticks out too much, I hate my fat arms, I hate everything about my face but I specifically hate my face shape, nose, lips and forehead",1,"shitty stomach that sticks out, hate my breasts",hate breast look fkn huge look average sometimes good hate shitty stomach stick much hate fat arm hate everything face specifically hate face shape nose lip forehead,0.5626444606593847,False
245,"Whenever i try to feel better about myself, someone rips me down",1,someone rips me down,whenever try feel better someone rip,0.3426625488719188,False
246,I'm 17 and I think i have body dysmorphia disorder,1,body dysmorphia disorder,'m 17 think body dysmorphia disorder,1.6010513580075203,False
247,I fixate on everything and constantly look at the mirror at my flaws,1,"my flaws, fixate on everything",fixate everything constantly look mirror flaw,1.1245461593212875,False
248,"Now my question: does any of you have experience with taking those meds while smoking weed? I have not smoked any since i started my meds, but im thinking about maybe having a joint when i get home (im abroad for the holidays)",1,"smoking weed, taking those meds",question experience taking med smoking weed smoked since started med im thinking maybe joint get home im abroad holiday,0.8526397880937313,False
249,I have suffered from my clinical depression for almost one to two years Every day I wake up in misery and tiredness I feel miserable all the time How can people live like that for years???,1,suffered from my clinical depression for almost one to two years,suffered clinical depression almost one two year every day wake misery tiredness feel miserable time people live like year,0.9790300728190895,False
250,I have Asperger's Syndrome,1,Asperger's Syndrome,asperger 's syndrome,0.005983329560710359,False
251,"It's been a long couple years and I've really tried, 4 therapists, so many medications, daily exercise, diet changes",1,"4 therapists, so many medications, daily exercise, diet changes",'s long couple year 've really tried 4 therapist many medication daily exercise diet change,0.9925661230919743,False
252,"*Meds, thanks autocorrect",1,Meds,med thanks autocorrect,0.47378111706187875,False
253,Questions cloud my mind such as will I ever be the person that I once was? Will I ever feel some sort of acceptance from myself and from others? Will all of this become too much and I end up killing myself because of it? Ive started to self destruct and I am now drinking almost everyday,1,drinking almost everyday,question cloud mind ever person ever feel sort acceptance others become much end killing ive started self destruct drinking almost everyday,1.04767658273285,False
254,How can i convince him into rehab/further therapy? He's also on meds but they dont seem to work because of drugs,1,rehab,convince rehab/further therapy 's also med dont seem work drug,1.2236524433218883,False
255,"I'm ALWAYS uncomfortable, Whether it's OCD, social anxiety, or self consciousness",1,OCD,'m always uncomfortable whether 's ocd social anxiety self consciousness,0.8162597950552438,False
256,"I‚Äö√Ñ√¥m struggling with alcoholism, depression, anxiety, and self harm",1,alcoholism,i‚äö√ñ√¥m struggling alcoholism depression anxiety self harm,0.9237604909231873,False
257,"It's so frustrating because I really do consider myself an ambitious and goal-oriented person, but the smallest things (even taking a shower or brushing my teeth) feel physically and mentally impossible at the moment",1,physically and mentally impossible at the moment,'s frustrating really consider ambitious goal-oriented person smallest thing even taking shower brushing teeth feel physically mentally impossible moment,1.864491818422914,True
258,All these bull shit new year post makes me sick,1,sick,bull shit new year post make sick,0.5621762040337863,False
259,I'm a 17 years old male and I have been diagnosed with a really fucked up case of ADHD,1,ADHD,'m 17 year old male diagnosed really fucked case adhd,1.8642084652808744,True
260,"My therapist told me that it isn't depression, but then what is it? I have ALL symptoms, and I'm in a hole so deep I can't see the sun anymore",1,can't see the sun anymore,therapist told n't depression symptom 'm hole deep ca n't see sun anymore,1.2787375943065937,False
261,"Probably doesn't help that I welcomed it with coke, booze and weed",1,weed,probably n't help welcomed coke booze weed,0.7682209184130756,False
262,But in reality I've been thinking for weeks about where I can cut where no one will know,1,cut where no one will know,reality 've thinking week cut one know,0.9403435935367432,False
263,"I have such intense flashbacks about the trauma I had through therapy and being held at a hospital where the staff were horrible to the patients, I break down crying",1,"trauma, I had through therapy and being held at a hospital where the staff were horrible to the patients",intense flashback trauma therapy held hospital staff horrible patient break cry,1.1874636540948527,False
264,"5 Effexor 2nd &amp; 3rd week: 20mg Celexa &amp; 75mg effexor 4th week: 10mg Celexa &amp; 150mg Effexor 5th week: Psychiatrist appointment Now, i'm on week 3 taking 20mg Celexa &amp; 75mg Effexor and i'm starting to get very depressed",1,Psychiatrist appointment,5 effexor 2nd amp 3rd week 20mg celexa amp 75mg effexor 4th week 10mg celexa amp 150mg effexor 5th week psychiatrist appointment 'm week 3 taking 20mg celexa amp 75mg effexor 'm starting get depressed,2.7565109428605927,True
265,"Hi all fellow friends who are suffering from depression! I have IBS, suffer from sleep paralysis almost every single night, be a paranoiac",1,"have IBS, suffer from sleep paralysis almost every single night, be a paranoiac",hi fellow friend suffering depression ibs suffer sleep paralysis almost every single night paranoiac,1.0174411174208469,False
266,i have 34 375 mg tablets and alcohol,1,have 34 375 mg tablets and alcohol,34 375 mg tablet alcohol,1.212872351943226,False
267,i just want to know if it will hurt and how long it will take,1,if it will hurt and how long it will take,want know hurt long take,0.31398474069471477,False
268,Most of the time I'm usually either numb or kinda content but then suddenly my chest wells up and shit like this happens and I have no clue why,1,chest wells up,time 'm usually either numb kinda content suddenly chest well shit like happens clue,1.1268732882750472,False
269,"It started seven years ago, just some muscle aches, swelling, with a dull pain, which I pretended was better after some ibuprofen, but it persisted",1,"muscle aches, swelling",started seven year ago muscle ache swelling dull pain pretended better ibuprofen persisted,0.9830804977358251,False
270,"I recently opened up to a family member that I take 2 medications for my depression (and for anxiety &amp; PTSD), and I have trouble explaining how they work for me, and how I feel/think/am with and without them",1,PTSD,recently opened family member take 2 medication depression anxiety amp ptsd trouble explaining work feel/think/am without,1.1537208917848714,False
271,"I've been on 2 different meds in the past, and they either didn't work, or wore off after a few months so I never went back to the doctor to try others",1,been on 2 different meds in the past,'ve 2 different med past either n't work wore month never went back doctor try others,0.5870808224298273,False
272,"Within the last nine months, I‚Äö√Ñ√¥ve begun feeling like my blood sugar is low all the time, and I‚Äö√Ñ√¥ve stopped exercising because I felt like I was going to pass out afterward",1,begun feeling like my blood sugar is low all the time,within last nine month i‚äö√ñ√¥ve begun feeling like blood sugar low time i‚äö√ñ√¥ve stopped exercising felt like going pas afterward,0.5680509632428667,False
273,I felt it was needed I take stupid amounts of drugs and alcohol because I don't care anymore I'm resigned that I will take my life through suicide or accidental overdose,1,"stupid amounts of drugs and alcohol, I'm resigned that I will take my life through suicide or accidental overdose",felt needed take stupid amount drug alcohol n't care anymore 'm resigned take life suicide accidental overdose,1.0707400633841448,False
274,I only eat 500-800 calories a day,1,only eat 500-800 calories a day,eat 500-800 calorie day,0.7353936306470968,False
275,I wear three waist trimmers at all times and exercise 3-4 hours a day,1,exercise 3-4 hours a day,wear three waist trimmer time exercise 3-4 hour day,1.0817843880038904,False
276,"I'm 5'8"" and weigh 105 pounds but I want to get to 100",1,"5'8"" and weigh 105 pounds but I want to get to 100",'m 5 8 '' weigh 105 pound want get 100,0.12997499066611978,False
277,I feel like such a fat and ugly slob and I want to cry every time I look in the mirror,1,feel like such a fat and ugly slob,feel like fat ugly slob want cry every time look mirror,0.6616093538116729,False
278,im sitting in front of a brand new laptop with my wisky in hand and i have no self worth at all,1,wisky in hand,im sitting front brand new laptop wisky hand self worth,0.7910969994066659,False
279,I guess I also kinda drank too much alcohol (which is why I told myself to quit it this year - wish me luck),1,too much alcohol,guess also kinda drank much alcohol told quit year wish luck,1.2706806232669956,False
280,"Succumbed to alcohol, failing college and getting kicked out my dorm",1,"Succumbed to alcohol, failing college and getting kicked out my dorm",succumbed alcohol failing college getting kicked dorm,0.7978189144396258,False
281,"Now that I am a bit older and have had the illness for so long, I'm kinda more just okay with it? Like I used to get more triggered and depressed simply because I was self-aware that I had an illness, but now that's gone",1,illness,bit older illness long 'm kinda okay like used get triggered depressed simply self-aware illness 's gone,1.6095130928977008,False
282,"Phone calls give me anxiety, I know I'm going to have a bout of PTSD related to driving, I'm going to feel guilty about wrecking my parents' car, but I'm okay",1,PTSD,phone call give anxiety know 'm going bout ptsd related driving 'm going feel guilty wrecking parent car 'm okay,1.2091455528000066,False
283,What was it like? How much did you take? I'm just curious as to what an OD is like,1,curious as to what an OD is like,like much take 'm curious od like,1.0949753685399768,False
284,Pretty sure I spelt that wrong but I was very recently (a few hours ago) updated to 250mg sertraline and I woke up with a horrible migraine and it‚Äö√Ñ√¥s so bad I can‚Äö√Ñ√¥t go back to sleep,1,updated to 250mg sertraline,pretty sure spelt wrong recently hour ago updated 250mg sertraline woke horrible migraine it‚äö√ñ√¥s bad can‚äö√ñ√¥t go back sleep,1.196894519661534,False
285,I've been on a medical/sick leave since my depression has been really bad for the past few weeks (almost a month),1,been on a medical/sick leave,'ve medical/sick leave since depression really bad past week almost month,0.5032575233281255,False
286,"The SSRIs completely took away my depression, but didn't resolve my anxiety or OCD",1,"The SSRIs completely took away my depression, but didn't resolve my anxiety or OCD",ssri completely took away depression n't resolve anxiety ocd,1.430066615958999,False
287,"About 3 years ago my dad got sick with cancer and went through all the treatments, radiation, surgeries, chemotherapy and eventually when all else failed, immunotherapy",1,dad got sick with cancer and went through all the treatments,3 year ago dad got sick cancer went treatment radiation surgery chemotherapy eventually else failed immunotherapy,0.9197659749426556,False
288,Have / had anyone ever been on sertraline (Zoloft) 300mg or more? Did it work better for you? Did any adverse effect happen? Have / had anyone ever been on bupropion XL (Wellbutrin XL) 450mg or more? Did it work better for you? Did any adverse effect happen? (I have known that this medicine can increase seizure risk when in high dose,1,been on sertraline (Zoloft) 300mg or more,anyone ever sertraline zoloft 300mg work better adverse effect happen anyone ever bupropion xl wellbutrin xl 450mg work better adverse effect happen known medicine increase seizure risk high dose,1.8169558465739115,False
289,I have got 3 panic attacks in the last 5 days,1,panic attacks,got 3 panic attack last 5 day,0.6893800617612837,False
290,"I have been trying to have a baby for the last 4 years and after several miscarriages, and late periods here I am empty handed",1,trying to have a baby for the last 4 years and after several miscarriages,trying baby last 4 year several miscarriage late period empty handed,1.2162024118991461,False
291,"What's the use in getting me out of this depression and anxiety and possibly being able to get myself another girlfriend if I'm not even going to be able to perform properly anyway? Or even enjoy it? This might be a deal breaker for me so I was wondering if anybody has had any positive experiences with this? Did it pass over time or go back to normal as soon as you quit the drug? Thanks TLDR: Scared of the sexual side effects of Celexa, any positive experiences to ease my worry?",1,Scared of the sexual side effects of Celexa,'s use getting depression anxiety possibly able get another girlfriend 'm even going able perform properly anyway even enjoy might deal breaker wondering anybody positive experience pas time go back normal soon quit drug thanks tldr scared sexual side effect celexa positive experience ease worry,1.9964149545735685,True
292,"I have been on the SSRI ""citalopram"" for about six weeks now and have seen no improvement with my depression",1,citalopram,ssri `` citalopram '' six week seen improvement depression,2.0323468192145886,True
293,"Still craving to feel other than numb, still scared that my boyfriend will find out I am cutting again, still picking up that vodka bottle",1,"cutting again, vodka bottle",still craving feel numb still scared boyfriend find cutting still picking vodka bottle,0.8853353257143625,False
294,"I also haven't slept much yet, I can't sleep cause I keep hearing things which is driving me crazy",1,can't sleep cause I keep hearing things which is driving me crazy,also n't slept much yet ca n't sleep cause keep hearing thing driving crazy,1.3076480729020472,False
295,"Even if I really do disadvantage myself in the future, I‚Äö√Ñ√¥ll blame it on my depression and my antidepressants not working, so I won‚Äö√Ñ√¥t feel bad",1,antidepressants,even really disadvantage future i‚äö√ñ√¥ll blame depression antidepressant working won‚äö√ñ√¥t feel bad,0.8929756118941079,False
296,I‚Äö√Ñ√¥m scared that a gunshot wound won‚Äö√Ñ√¥t be fast enough and I don‚Äö√Ñ√¥t have any bitcoin so I can‚Äö√Ñ√¥t order the right drugs online,1,drugs online,i‚äö√ñ√¥m scared gunshot wound won‚äö√ñ√¥t fast enough don‚äö√ñ√¥t bitcoin can‚äö√ñ√¥t order right drug online,0.8026286548279563,False
297,"I finally got some form of disability for my epilepsy, it's not much but I am no longer worrying about money",1,disability for my epilepsy,finally got form disability epilepsy 's much longer worrying money,1.4936360077379944,False
298,I'm actually legitimately fucking terrified and depressed that the US is ending marijuana legalization,1,marijuana legalization,'m actually legitimately fucking terrified depressed u ending marijuana legalization,1.8145029319352326,False
299,I think my computer and smartphone addiction definitely adds to my depression but it feels impossible to get my ass out of the computer chair,1,addiction,think computer smartphone addiction definitely add depression feel impossible get as computer chair,2.372375352413964,True
300,Increased my Prozac dosage a month ago and now I'm determined to end it all,1,Increased my Prozac dosage a month ago,increased prozac dosage month ago 'm determined end,0.4089026821752234,False
301,"The tumour has reduced massively in size, and the parts they were really concerned with appear to be gone",1,tumour has reduced massively in size,tumour reduced massively size part really concerned appear gone,0.3938410945083718,False
302,After a long struggle I recently decided to seek medical help and was diagnosed with severe depression and anxiety,1,seek medical help and was diagnosed with severe depression and anxiety,long struggle recently decided seek medical help diagnosed severe depression anxiety,0.9735004466611854,False
303,I have really bad anxiety to the point where I feel like throwing up,4,bad anxiety to the point where I feel like throwing up,really bad anxiety point feel like throwing,0.2768131823407528,False
304,"Any experiences? I am lost and finally succumbed to going to my doctor and he appointed me these meds, I have just started taking them",1,finally succumbed to going to my doctor and he appointed me these meds,experience lost finally succumbed going doctor appointed med started taking,0.7704466251409252,False
305,"Within a space of 2-3 months I had third degree burns to feet due to accident not my fault, and when I finally got back to work I now have a hernia",1,had third degree burns to feet due to accident not my fault,within space 2-3 month third degree burn foot due accident fault finally got back work hernia,1.7011718971577543,False
306,"I've had a history, not going into it, but I used to have psychotic depression at 21, with a very above average drinking habit",1,"have psychotic depression at 21, with a very above average drinking habit",'ve history going used psychotic depression 21 average drinking habit,1.7361225707639194,False
307,The only enjoyment I've had my winter break or the past few years is when I get high with hydrocodone or other pills,1,get high with hydrocodone or other pills,enjoyment 've winter break past year get high hydrocodone pill,0.5524848860231346,False
308,If anyone else has been prescribed Lexapro has it helped you or made your depression worse?,1,prescribed Lexapro,anyone else prescribed lexapro helped made depression worse,1.2513731854070174,False
309,"I've been dealing with major depression and anxiety for some time now, I am using meds and seeing a psychiatrist but it does not help me a bit",1,using meds and seeing a psychiatrist but it does not help me a bit,'ve dealing major depression anxiety time using med seeing psychiatrist help bit,1.4824689109181421,False
310,I had been taking Lexapro for 2 years up until thanksgiving,1,been taking Lexapro for 2 years,taking lexapro 2 year thanksgiving,0.8826960147365097,False
311,"In the interest of staying alive until my new dosage of medication kicks in (and hopefully works), my therapist suggested I stay distracted",1,staying alive until my new dosage of medication kicks in,interest staying alive new dosage medication kick hopefully work therapist suggested stay distracted,1.4624559843832774,False
312,Some fuckin weed would be a good start tho lol,1,Some fuckin weed would be a good start,fuckin weed would good start tho lol,1.8353833116620946,False
313,My depression is now back with a vengeance and I‚Äö√Ñ√¥m so worried that if my alopecia comes back this time I won‚Äö√Ñ√¥t be able to handle it,1,my alopecia comes back,depression back vengeance i‚äö√ñ√¥m worried alopecia come back time won‚äö√ñ√¥t able handle,0.8437105296796015,False
314,"I've been going through CBT which has lots of research support, but I always find myself slacking off on changing my behaviours and when I do that",1,going through CBT which has lots of research support,'ve going cbt lot research support always find slacking changing behaviour,0.7101220522128103,False
315,antidepressants just make you numb,1,antidepressants just make you numb,antidepressant make numb,0.9963641015682252,False
316,"Can anyone help? need a place to find it, prescription ran out",1,prescription ran out,anyone help need place find prescription ran,0.38319865372067435,False
317,"On the bad days, I get a sort of ""heavy"" feeling in my limbs",1,"get a sort of ""heavy"" feeling in my limbs",bad day get sort `` heavy '' feeling limb,1.527873878694901,False
318,"Sometimes my fingertips tingle, especially if I end up crying",1,"fingertips tingle, end up crying",sometimes fingertip tingle especially end cry,1.4258568814574815,False
319,And my muscles will feel sore and jelly-like as if I'd just gotten done with a strenuous workout,1,my muscles will feel sore and jelly-like,muscle feel sore jelly-like 'd gotten done strenuous workout,2.347637378175602,True
320,There‚Äö√Ñ√¥s this terrible feeling that aches inside my chest,1,this terrible feeling that aches inside my chest,there‚äö√ñ√¥s terrible feeling ache inside chest,0.9923549342649269,False
321,I don‚Äö√Ñ√¥t know if this is some sort of drug reaction or maybe he just has built up anger over today diagnoses?,1,some sort of drug reaction or maybe he just has built up anger over today diagnoses,don‚äö√ñ√¥t know sort drug reaction maybe built anger today diagnosis,0.7595707816075937,False
322,I was just prescribed it for my severe depression and anxiety,1,prescribed,prescribed severe depression anxiety,1.0572164355445022,False
323,"I had enough to drink that it doesn't hurt, still know what i have to do",1,drink,enough drink n't hurt still know,0.5469074448612915,False
324,So after some deep soul searching the past couple of days i have come to the conclusion that i am still self harming (29/F) but not by cutting myself like i used to when i was very young,1,"self harming, cutting myself",deep soul searching past couple day come conclusion still self harming 29/f cutting like used young,1.435551476349132,False
325,"I guess my thinking is that if i get myself into fights, i‚Äö√Ñ√¥m going to get hurt and a part of me is hoping to be seriously injured so i can just have a break from life Ô£ø√º√¥√ë Anyone else have any odd things they do during a low period?",1,seriously injured,guess thinking get fight i‚äö√ñ√¥m going get hurt part hoping seriously injured break life ô£ø√º√¥√ë anyone else odd thing low period,1.2015323116780727,False
326,"I was going to a doctor who just wanted to prescribe medication, but none of it seemed to really help",1,prescribe medication,going doctor wanted prescribe medication none seemed really help,0.517850181175464,False
327,I changed insurance recently and had to switch doctors,1,switch doctors,changed insurance recently switch doctor,1.5518138219540047,False
328,"So I scheduled a needs assessment and thought, ""finally",1,needs assessment,scheduled need assessment thought `` finally,0.46339050377098623,False
329,A terminal disease looks like it's my only escape,1,terminal disease,terminal disease look like 's escape,1.2610056522213808,False
330,Going to focus on getting terminal cancer or maybe sudden death due to heart problems,1,"terminal cancer, heart problems",going focus getting terminal cancer maybe sudden death due heart problem,1.199829466573142,False
331,I have to make up my mind tonight because this is the only night I‚Äö√Ñ√¥m considering antidepressants,1,antidepressants,make mind tonight night i‚äö√ñ√¥m considering antidepressant,0.9690738802463587,False
332,when there was a big operation i was injuried with a dislocated shoulder,1,operation,big operation injuried dislocated shoulder,0.7845416985393697,False
333,"And I have paranoia too, ever since last year",1,paranoia,paranoia ever since last year,0.15002265716536622,False
334,I took antidepressant and antipsychotics,1,"antidepressant, antipsychotics",took antidepressant antipsychotic,1.3121641663190593,False
335,And this time I take 2 capsule prozac every moening,1,prozac,time take 2 capsule prozac every moening,0.16191496321308313,False
336,"The summer of 2019 I started developing severe OCD after suffering from mild, unnoticeable OCD for many years",1,severe OCD,summer 2019 started developing severe ocd suffering mild unnoticeable ocd many year,1.8181697319455112,False
337,anybody know any sites or location to go for help with seeing a lot of trauma and that the has PTSD from 9/11 as well that are easy get to and join in nyc Brooklyn,1,PTSD,anybody know site location go help seeing lot trauma ptsd 9/11 well easy get join nyc brooklyn,1.8762971566020512,True
338,Certain traumatic events happened that had a lot more impact on me than I realized they did in the moment,1,traumatic events,certain traumatic event happened lot impact realized moment,1.6631284374629214,False
339,This paired with health issues has me becoming more and more depressed and the good moments are far and between,1,health issues,paired health issue becoming depressed good moment far,0.963126400693591,False
340,i‚Äö√Ñ√¥ve been going thru a pretty big rough patch i‚Äö√Ñ√¥ve the last month and so the small amount of time i‚Äö√Ñ√¥ve spent at home has been devoted to either drinking smoking or sleeping so it‚Äö√Ñ√¥s become an absolute disaster,4,"smoking, drinking, sleeping",i‚äö√ñ√¥ve going thru pretty big rough patch i‚äö√ñ√¥ve last month small amount time i‚äö√ñ√¥ve spent home devoted either drinking smoking sleeping it‚äö√ñ√¥s become absolute disaster,0.650872198683544,False
341,After next Monday when I grab something to eat and a beer then I'll go to a place in the hills or somewhere where I won't be stopped and complete the method,1,beer,next monday grab something eat beer 'll go place hill somewhere wo n't stopped complete method,0.7466410894678546,False
342,Soon I'm going to be asleep and forever away from human suffering and be free if any issues for eternity ‚Äö√π¬ß√î‚àè√®,1,human suffering,soon 'm going asleep forever away human suffering free issue eternity ‚äö√π¬ß√î‚àè√®,1.4306150406502853,False
343,this is the first time I cut myself and it hurts,1,cut myself,first time cut hurt,0.4295440630814251,False
344,the pain snapped me back to reality and I don't know what to do,4,snapped me back,pain snapped back reality n't know,1.2288620873400964,False
345,"the pain hurts, I'm not used to any kind of physical pain and I can't stop crying",1,pain hurts,pain hurt 'm used kind physical pain ca n't stop cry,0.4853019573018484,False
346,"All the time I've lost to this disease, the contribution it's made to awful sleep, insomnia, and bad health in general",1,"disease, bad health, insomnia, awful sleep",time 've lost disease contribution 's made awful sleep insomnia bad health general,0.9484838862702575,False
347,"I wonder how many days, or how much time it's stolen and continuing to steal from my life? Do I get to suffer for decades and then die early too, maybe when it's just starting to be light",1,get to suffer,wonder many day much time 's stolen continuing steal life get suffer decade die early maybe 's starting light,1.5672916794046905,False
348,It sucks having problems that damage your mind thrust into your life that are beyond your control,4,damage your mind,suck problem damage mind thrust life beyond control,0.8285519887935257,False
349,I tried to kill myself via partial suspension hanging and all I got was a headache,1,headache,tried kill via partial suspension hanging got headache,1.01309850364235,False
350,i want to feel true happiness for once and not just happy off drugs,1,drugs,want feel true happiness happy drug,0.8022701248888027,False
351,I can't seem to dig out any actual real trauma,1,trauma,ca n't seem dig actual real trauma,1.0574538021446873,False
352,"Also asked if I was restless all the time and I said yes, and he told me no I wasn‚Äö√Ñ√¥t because I wasn‚Äö√Ñ√¥t fidgeting at that point (even though I was shaking and playing with my Kleenex) Then my mom mentioned the eating disorder clinic I‚Äö√Ñ√¥ve been going to and he asked my bmi and I‚Äö√Ñ√¥m not allowed to know it, so he made me stand up and started patting me down to get a ‚Äö√Ñ√∫feel for my weight‚Äö√Ñ√π",1,mom mentioned the eating disorder,also asked restless time said yes told wasn‚äö√ñ√¥t wasn‚äö√ñ√¥t fidgeting point even though shaking playing kleenex mom mentioned eating disorder clinic i‚äö√ñ√¥ve going asked bmi i‚äö√ñ√¥m allowed know made stand started patting get ‚äö√ñ√∫feel weight‚äö√ñ√π,1.4669080326739852,False
353,I was recently diagnosed with mild depression and GAD and have worry reduction group therapy in a few weeks,1,GAD,recently diagnosed mild depression gad worry reduction group therapy week,1.3739809250089652,False
354,I have tried monitoring sleep but that has stopped and I am sleeping less,1,sleeping less,tried monitoring sleep stopped sleeping le,0.887393134148735,False
355,That life is this huge hallucination and that this constant pain you feel is a sign you need to get out of the hallucination and the only way to do it is to kill yourself? Because I do,1,"huge hallucination, constant pain",life huge hallucination constant pain feel sign need get hallucination way kill,1.4818194348385414,False
356,i just want the pain to stop,1,pain,want pain stop,0.314396202079992,False
357,"I feel sad, anxious, nervous and still have panic attacks",4,"anxious, panic attack, nervous",feel sad anxious nervous still panic attack,1.2026763472524389,False
358,I've been to a mental hospital for appointments and medication but I want to be sectioned instead of forced to live in the normal everyday life that everyone else is living,1,"appointments, medication",'ve mental hospital appointment medication want sectioned instead forced live normal everyday life everyone else living,1.4946812239984222,False
359,"i had a psychiatrist appointment scheduled on the 7th, but my dad found out and is in a fight with my mom about it, who keeps coming into my room to tell me its all my fault because i don't want to try to convince my father that i DESERVE to seek treatment for already diagnosed depression and ocd",1,diagnosed depression and ocd,psychiatrist appointment scheduled 7th dad found fight mom keep coming room tell fault n't want try convince father deserve seek treatment already diagnosed depression ocd,1.5694036989238993,False
360,"Is accepting your depression bad? I‚Äö√Ñ√¥ve tried therapy and drugs, they didn‚Äö√Ñ√¥t work and I‚Äö√Ñ√¥ve found that I prefer myself unmedicated anyway",1,"unmedicated anyway, tried therapy and drugs",accepting depression bad i‚äö√ñ√¥ve tried therapy drug didn‚äö√ñ√¥t work i‚äö√ñ√¥ve found prefer unmedicated anyway,0.44344947060392753,False
361,i shouldn't be constantly in and out of mental hospitals,1,mental hospitals,n't constantly mental hospital,0.7206678819145538,False
362,i shouldn't be smoking and swallowing and shooting and snorting whatever i can get my hands on,1,smoking,n't smoking swallowing shooting snorting whatever get hand,0.9817135859913526,False
363,"i shouldnt have scars all over my arms, legs, belly, chest, and face from cutting",1,scars,shouldnt scar arm leg belly chest face cutting,1.6157225239223572,False
364,im getting a zip of xanax in a few days,1,xanax,im getting zip xanax day,0.2569264749667167,False
365,the coke and pills will,1,pills,coke pill,0.6033816596989493,False
366,Since so much people have overdosed on this subreddit I‚Äö√Ñ√¥m curious,1,overdosed,since much people overdosed subreddit i‚äö√ñ√¥m curious,1.2852784838990476,False
367,I have a bad tendency to use alcohol to numb these feelings and thoughts,1,alcohol,bad tendency use alcohol numb feeling thought,0.7114968345386927,False
368,And she has cancer now,1,she has cancer,cancer,1.1844089040525247,False
369,"Been coming off venlafaxine , it's been 2 weeks now been getting weird zaps, down mood, sex problems, and headaches",3,"down mood, headaches, sex problem, venlafaxine",coming venlafaxine 's 2 week getting weird zap mood sex problem headache,1.2403858309074298,False
370,"/experiences? Or any advice on how to help Probably worth mentioning I've done mdma a few times in the past month as well, which seems to get rid of the vena withdrawls for a couple of days but they keep coming back with vengeance",1,vengeanc,/experiences advice help probably worth mentioning 've done mdma time past month well seems get rid vena withdrawls couple day keep coming back vengeance,0.9611511360667462,False
371,"Hi! I was previously on 80 mg of Prozac and it helped a little with regulating my mood, but then I think my anxiety got worse because I started having trouble staying asleep and my problems with concentration got even worse",1,anxiety got worse,hi previously 80 mg prozac helped little regulating mood think anxiety got worse started trouble staying asleep problem concentration got even worse,1.0971236580761297,False
372,"Today, however, I suddenly experienced diarrhea and really bad nausea for the first time",1,"bad nausea, diarrhea",today however suddenly experienced diarrhea really bad nausea first time,0.9315569925781201,False
373,I have a porn and sex addiction that has lead me to chest on my girlfriend,1,porn and sex addiction,porn sex addiction lead chest girlfriend,1.8134194933643053,False
374,"I feel nauseous after taking pill,But i didn't drink from today till now (Sorry, my English isn‚Äö√Ñ√¥t good)",1,taking pill,feel nauseous taking pill n't drink today till sorry english isn‚äö√ñ√¥t good,1.9786329460007073,True
375,I have heart disease but Ihave slowly been losing weight and eating better,1,"heart disease, slowly been losing weight",heart disease ihave slowly losing weight eating better,1.3219685268264452,False
376,A few days ago I was diagnosed with depression,1,diagnosed,day ago diagnosed depression,0.5461166530955186,False
377,All i do is get high,1,get high,get high,0.5506501881401771,False
378,It gives me this fuzzy feeling I used to feel with my SO,1,fuzzy feeling,give fuzzy feeling used feel,0.4053449743628403,False
379,"Is it bad that I kind of want to just catch the virus already? I have a lot of health conditions and if I die from the virus, oh well it was tragic",1,"health conditions, virus",bad kind want catch virus already lot health condition die virus oh well tragic,1.6162967763841287,False
380,"My odds of getting it are pretty high anyway, seeing that I live in the epicenter of the US outbreak and have to go out in public for work",1,US outbreak,odds getting pretty high anyway seeing live epicenter u outbreak go public work,0.6081655405481902,False
381,I‚Äö√Ñ√¥m an inconvenience and my pain is over dramatic,1,pain is over dramatic,i‚äö√ñ√¥m inconvenience pain dramatic,0.22220098067188557,False
382,"Dying by COVID-19 would solve that, honestly",1,COVID-19,dying covid-19 would solve honestly,1.6021681346766539,False
383,"Start shifting personalities and when I interact with my mom or anyone calling me, it's me but not me",1,shifting personalities,start shifting personality interact mom anyone calling 's,1.672989800816583,False
384,"the disease is extremely painful and disabling every day is a battle with pain, and controlling symptoms",1,extremely painful,disease extremely painful disabling every day battle pain controlling symptom,1.1304934697296987,False
385,several doctors have diagnosed me with a neurological disease which they say is untreatable and not curable,1,"diagnosed, neurological disease, untreatable",several doctor diagnosed neurological disease say untreatable curable,0.8563218672209785,False
386,I‚Äö√Ñ√¥ve been diagnosed with PTSD recently and they tell me that my depression is from the PTSD but Jesus I feel like I‚Äö√Ñ√¥m just another mark on the books of a fucked up people,1,been diagnosed with PTSD,i‚äö√ñ√¥ve diagnosed ptsd recently tell depression ptsd jesus feel like i‚äö√ñ√¥m another mark book fucked people,1.3871976779289072,False
387,"I thought my depression had lessened because i was feeling things again, but i have been sober for 2 months now and i think it was probably just the alcohol, because i don‚Äö√Ñ√¥t feel like i have been becoming a lot more numb lately, not being sad feels good at least but i think a lot of the happiness has gone with it, i feel so bored",1,more numb,thought depression lessened feeling thing sober 2 month think probably alcohol don‚äö√ñ√¥t feel like becoming lot numb lately sad feel good least think lot happiness gone feel bored,0.47037139436902875,False
388,They found my stash of meds so I can't overdose,1,can't overdose,found stash med ca n't overdose,1.5806337960694092,False
389,"It‚Äö√Ñ√¥s next week, but I‚Äö√Ñ√¥ve had consistent panic attacks for the past week and it‚Äö√Ñ√¥s becoming too much",1,consistent panic attack,it‚äö√ñ√¥s next week i‚äö√ñ√¥ve consistent panic attack past week it‚äö√ñ√¥s becoming much,0.42478266462600905,False
390,"Im physically getting ill from it i have had headaches, coughs, sore throats I believe its because i feel down and i hardly sleep because im up all night thinkin about how lonely i am even when im not lonely but on the inside i am lonely",1,"cough, sore throats",im physically getting ill headache cough sore throat believe feel hardly sleep im night thinkin lonely even im lonely inside lonely,1.1179536639539338,False
391,"Of course I want them to wake up, be well again, and for the medical team to strive to save their life",1,medical team,course want wake well medical team strive save life,1.9098711517970892,True
392,I've been in a therapy for about 2 years now and it seems like I just got worse,1,therapy,'ve therapy 2 year seems like got worse,0.3638083014609887,False
393,I stopped taking my prescription because it didn't work for me,1,stopped taking my prescription,stopped taking prescription n't work,0.7011433985605328,False
394,There's always a lump in my throat and I've been extremely dissociative,1,lump in my throat,'s always lump throat 've extremely dissociative,2.1464121310969912,True
395,"This keeps happening, i dont know if its my ptsd or anxiety or a panic attack but i start to think about everything and i begin to panic and i am hyperventilating and feel like im trapped and i dont know where to go or what to do, i want to find support for everything and i just dont know where to go i have no one and nothing in my life i feel so alone and so desperate im terrified Help Please",1,"ptsd or anxiety or a panic attack, i begin to panic, hyperventilating",keep happening dont know ptsd anxiety panic attack start think everything begin panic hyperventilating feel like im trapped dont know go want find support everything dont know go one nothing life feel alone desperate im terrified help please,1.1872840311343495,False
396,"Recently it was suggested that I try TMS (Transcranial Magnetic Stimulation), which has been proven to be effective for depression like mine",1,try TMS,recently suggested try tm transcranial magnetic stimulation proven effective depression like mine,0.42445035004544995,False
397,"If I down a bottle of sleeping pills and painkillers, would it take me?",1,sleeping pills and painkiller,bottle sleeping pill painkiller would take,1.0747841568481749,False
398,"I explained my hurt and still got hurt, so I chose silence",1,still got hurt,explained hurt still got hurt chose silence,0.2634614971492533,False
399,I'm so sick of it so sick of it so sick of it so sick of it,1,sick of it,'m sick sick sick sick,0.3745010816982888,False
400,Why can't it just be fucking over? I'm so tired,1,so tired,ca n't fucking 'm tired,0.21838746697254136,False
401,"When I first set it, I frequently became nauseous and dizzy thinking about my impending mortality, but as I get closer and closer to the day, the less worried and more ready I feel",1,nauseous and dizzy,first set frequently became nauseous dizzy thinking impending mortality get closer closer day le worried ready feel,1.4301686062832073,False
402,"I attempt to develop motivation, but my depression and anxiety will team up with the PTSD I incurred from being robbed",1,anxiety will team up with the PTSD I incurred from being robbed,attempt develop motivation depression anxiety team ptsd incurred robbed,1.7975037769789364,False
403,Any chance anyone is up right now? i just cut and tried to take as many anti-depressant meds,1,just cut and tried to take as many anti-depressant meds,chance anyone right cut tried take many anti-depressant med,1.688879283117044,False
404,It's a constant pain in my chest and I really really wish the attempted OD would've worked but I was too fucking into crying to go find more pills it should've been enough,1,find more pills,'s constant pain chest really really wish attempted od would 've worked fucking cry go find pill 've enough,1.0408258486274835,False
405,"I went back recently and the interaction boiled down to them telling me 1) I was medicated at too young of an age (started SSRIs very young) and therefore my parents raised me incorrectly, and 2) Skepticism that the therapy ever helped me",1,therapy ever helped,went back recently interaction boiled telling 1 medicated young age started ssri young therefore parent raised incorrectly 2 skepticism therapy ever helped,1.8444451333124152,False
406,"I'm trying to do my best, I'm trying to improve my mental health, I'm taking my medication but I don't think I will ever be really happy, I don't really think I could be usefull for this society",1,taking my medication,'m trying best 'm trying improve mental health 'm taking medication n't think ever really happy n't really think could usefull society,0.7454235805980636,False
407,"I‚Äö√Ñ√¥ve been on bupropion, sertraline, risperidone and citalopram",1,sertraline,i‚äö√ñ√¥ve bupropion sertraline risperidone citalopram,1.308818241064109,False
408,"No dizziness, sleepiness, wooziness, grogginess, horniness, happiness, sadness, gassiness or any other ness",1,"sleepiness, gassiness",dizziness sleepiness wooziness grogginess horniness happiness sadness gassiness ness,0.8653854076299283,False
409,I was hit in a wreak that has made me suffer chronic headaches everyday,1,suffer chronic headaches everyday,hit wreak made suffer chronic headache everyday,1.3894425672512438,False
410,"Chronic heavy drinker, binge eater, lack of exercise",1,"binge eater, lack of exercise",chronic heavy drinker binge eater lack exercise,1.5792141343182693,False
411,"I have difficulty making plans due to a mild obsessive compulsive disorder, and just finding time",1,difficulty making plans due to a mild obsessive compulsive disorder,difficulty making plan due mild obsessive compulsive disorder finding time,2.009233188587163,True
412,I assume that death by virus or something else would be less than suicidal,1,death by virus,assume death virus something else would le suicidal,1.0507627043869778,False
413,"I'm missing work because I just can't be bothered, I don't have health insurance so I've been off medications for about 2 years, I just can't handle this anymore",1,off medications,'m missing work ca n't bothered n't health insurance 've medication 2 year ca n't handle anymore,0.7449573414275378,False
414,"Since I started college, my life has gone downhill because of my health",1,health,since started college life gone downhill health,0.5568868440465867,False
415,"On top of depression and anxiety, I also have chronic fatigue syndrome, chronic pelvic pain syndrome, migraines, and porn-induced erectile dysfunction",1,"I also have chronic fatigue syndrome, chronic pelvic pain syndrome, migraines, and porn-induced erectile dysfunction",top depression anxiety also chronic fatigue syndrome chronic pelvic pain syndrome migraine porn-induced erectile dysfunction,1.667795620480917,False
416,I went to a massage parlor where I'm pretty sure an unprotected act has led to me contracting HIV,1,led to me contracting HIV,went massage parlor 'm pretty sure unprotected act led contracting hiv,1.1997389748951428,False
417,"But I've been really afraid of the idea that, even tho they try to, they can't really change things or help me in the ways that really matter in the end, like my mental condition, my traumas and the inescapable barrier that is my social class",1,my traumas and the inescapable barrier,'ve really afraid idea even tho try ca n't really change thing help way really matter end like mental condition trauma inescapable barrier social class,0.8033755696088969,False
418,Please ffs please i need some kind of drug to fix this shit,1,please i need some kind of drug,please ffs please need kind drug fix shit,1.5806611003932225,False
419,I just got better a little bit and now i drinking and crying nonstop what should i do beside cutting myself or drinking alcohol?,4,i drinking and crying nonstop,got better little bit drinking cry nonstop beside cutting drinking alcohol,0.9785147787903529,False
420,My severe acne gives me really bad anxiety and makes me undesirable and I've tried getting rid of it but nothing works,1,severe acne,severe acne give really bad anxiety make undesirable 've tried getting rid nothing work,0.7663562402266897,False
421,"However I‚Äö√Ñ√¥ve had 3 failed shoulder surgeries since 2016 and my shoulder pain triggers relapses into anger, depression, and feeling bad for myself",1,failed shoulder surgeries,however i‚äö√ñ√¥ve 3 failed shoulder surgery since 2016 shoulder pain trigger relapse anger depression feeling bad,1.2448249107513456,False
422,I know people deal with much more serious strokes of misfortune than a bad arm but I often spiral into feeling bad for myself and being mad at myself for the basketball plays that led to the original injuries,1,original injuries,know people deal much serious stroke misfortune bad arm often spiral feeling bad mad basketball play led original injury,1.9495363635447809,True
423,"For the first week I was prescribed 5mg, 10mg thereafter",1,"I was prescribed 5mg, 10mg thereafter",first week prescribed 5mg 10mg thereafter,1.1380427746667534,False
424,Why is it the only time i don‚Äö√Ñ√¥t feel depressed is when I‚Äö√Ñ√¥m drunk or high? I‚Äö√Ñ√¥m not trying to rely on these things but damn it‚Äö√Ñ√¥s really hard not to,1,drunk,time don‚äö√ñ√¥t feel depressed i‚äö√ñ√¥m drunk high i‚äö√ñ√¥m trying rely thing damn it‚äö√ñ√¥s really hard,0.42212817187209273,False
425,"I'm always tired, my concentration and memory got worse, what did you do to get better? I'm taking 20 mg lexapro but seems it doesn't work for that, generic wellbutrin 150 mg too, i was exhausted even before taking medications",1,taking 20 mg lexapro,'m always tired concentration memory got worse get better 'm taking 20 mg lexapro seems n't work generic wellbutrin 150 mg exhausted even taking medication,1.298217543474001,False
426,"i wake up unrefreshed every fucking day, it's a nightmare, chronic headache and backache as well every day",1,"chronic headache, backache",wake unrefreshed every fucking day 's nightmare chronic headache backache well every day,1.801170891188467,False
427,I've tried telling her I can't sleep over because I need my meds and for other reasons,1,can't sleep,'ve tried telling ca n't sleep need med reason,0.5362874146013609,False
428,""" Or if I tell her that it's my anxiety and ADHD pills she is like ""everyone has some form of ADHD",4,"anxiety, ADHD",`` tell 's anxiety adhd pill like `` everyone form adhd,1.5199386769485796,False
429,"Due to fact that I have been doing self harm as way to punish myself for about a 1yr now my pesky razors won't make me bleed and bc of the lack of blood my hands and feet are always cold and purpleish, my wrist is partially numb, and I'm always tired mentally or physicall",1,"self harm, lack of blood",due fact self harm way punish 1yr pesky razor wo n't make bleed bc lack blood hand foot always cold purpleish wrist partially numb 'm always tired mentally physicall,1.5030421793074735,False
430,I feel like no matter how great I feel (I‚Äö√Ñ√¥ve been on antidepressants for almost two years now) it‚Äö√Ñ√¥s always in the back of my mind that my parents are suffering from illness and injury everyday and it kills me,1,my parents are suffering from illness and injury everyday,feel like matter great feel i‚äö√ñ√¥ve antidepressant almost two year it‚äö√ñ√¥s always back mind parent suffering illness injury everyday kill,1.1983810235854635,False
431,"I have severe severe depression, high magnitude of anxiety, neurotic personality and obsessive thinking",1,"high magnitude of anxiety, neurotic personality, obsessive thinking",severe severe depression high magnitude anxiety neurotic personality obsessive thinking,0.9603896582274144,False
432,Is this treatment appropriate and normal? Total sessions: 10 days Sessions per day: 2 15 mins each session with one hour gap in between,1,treatment,treatment appropriate normal total session 10 day session per day 2 15 min session one hour gap,2.4952656284934007,True
433,"I suffer from asthma, bronchopulmonary dysplasia, and a heart condition",1,"bronchopulmonary dysplasia, heart condition",suffer asthma bronchopulmonary dysplasia heart condition,1.670489157493998,False
434,I've suffered from pneumonia multiple times in the past and had to be placed on oxygen,1,suffered from pneumonia multiple times,'ve suffered pneumonia multiple time past placed oxygen,1.3809342549955057,False
435,Due to medical treatment I have been throwing up for what feels like most of the night,1,medical treatment,due medical treatment throwing feel like night,1.0666769605562103,False
436,When I relapsed on alcohol everything goes to shit,1,relapsed on alcohol,relapsed alcohol everything go shit,0.5780597377037325,False
437,I want to slit my wrists vertically,1,want to slit my wrist,want slit wrist vertically,1.4112304573666543,False
438,I also have a physical disability,1,physical disability,also physical disability,0.9125342831235684,False
439,I have a mental illness called schizophrenia where the brain cognitive is dysfunctional,1,"I have a mental illness called schizophrenia, the brain cognitive is dysfunctional",mental illness called schizophrenia brain cognitive dysfunctional,1.0418671459716942,False
440,"Why can‚Äö√Ñ√¥t I do what I need to do? I remember telling my final therapist how I‚Äö√Ñ√¥d sit paralyzed while my mind screamed at me to do things, and she said I just had to do them",1,paralyzed,can‚äö√ñ√¥t need remember telling final therapist i‚äö√ñ√¥d sit paralyzed mind screamed thing said,1.1666240659601568,False
441,"My moods were under control when I was on lithium and zoloft, but the zoloft (50 mg, so not much) absolutely ZAPPED my sex drive",1,"lithium, zoloft",mood control lithium zoloft zoloft 50 mg much absolutely zapped sex drive,2.3693621808750067,True
442,"Last June, I went off the zoloft and stuck with the lithium and felt fine, but I felt some depression symptoms coming back after a couple months",1,"lithium, zoloft",last june went zoloft stuck lithium felt fine felt depression symptom coming back couple month,1.2287306353812268,False
443,They want to send me to hospital,1,send me to hospital,want send hospital,0.6645760735151242,False
444,I've also been having dreams about car crashes to the point I'm scared to drive farther than 5 minutes from my house,1,dreams about car crashes,'ve also dream car crash point 'm scared drive farther 5 minute house,1.1714788643938232,False
445,"The first time, I lost nearly all of my memories from the past (retrograde amnesia), so I couldn't recognize most people that I knew",1,retrograde amnesia,first time lost nearly memory past retrograde amnesia could n't recognize people knew,1.3590342082055618,False
446,I use drugs to cope,1,use drugs to cope,use drug cope,1.2770574327037938,False
447,"Weed, Adderall, lean, alcohol, Xanax, Ambien, and LSD",1,alcohol,weed adderall lean alcohol xanax ambien lsd,0.9287523742344228,False
448,"Hey, i'm Anwen, I have a dissociative personality disorder aka DID",1,dissociative personality disorder,hey 'm anwen dissociative personality disorder aka,1.286989195878825,False
449,I have been so paralyzed with depression that I often cannot do basic tasks for myself,1,paralyzed,paralyzed depression often basic task,2.0272093654863945,True
450,I had an open cosmetic rhinoplasty 4 months ago and since then I've been experiencing symptoms that have been fairly debilitating for me,1,open cosmetic rhinoplasty,open cosmetic rhinoplasty 4 month ago since 've experiencing symptom fairly debilitating,1.311883275745013,False
451,I'm on sleeping pills which is barely helping me get a few hours throughout the night,1,on sleeping pills,'m sleeping pill barely helping get hour throughout night,1.0315511173769705,False
452,How would I know if I have empty nose syndrome or if I should wait longer to see if my issues are resolved naturally? Please help anyone who has gone through something similar or knows someone who has gotten better as I've become a shell of myself,1,empty nose syndrome,would know empty nose syndrome wait longer see issue resolved naturally please help anyone gone something similar know someone gotten better 've become shell,1.7310339887728603,False
453,"I'm constantly euphoric, spontaneous feeling of deep rage and an impulse to punch and scream",1,spontaneous feeling of deep rage and an impulse to punch and scream,'m constantly euphoric spontaneous feeling deep rage impulse punch scream,1.0315312049279801,False
454,Besides drinking and crying until I pass out,1,"drinking, crying",besides drinking cry pas,1.591030340541809,False
455,I still have no appetite,1,no appetite,still appetite,0.005983329560710359,False
456,I‚Äö√Ñ√¥ve cut myself with many different things over the years,1,cut myself,i‚äö√ñ√¥ve cut many different thing year,0.5417121700658594,False
457,"I‚Äö√Ñ√¥m addicted, but scared",1,"addicted, scared",i‚äö√ñ√¥m addicted scared,1.2411247673415824,False
458,"How do I stop? They‚Äö√Ñ√¥re just cuts I tell myself, but I know there‚Äö√Ñ√¥s some emotional damage",4,emotional damage,stop they‚äö√ñ√¥re cut tell know there‚äö√ñ√¥s emotional damage,0.5126467620262145,False
459,Debt + gambling addiction + pure unhappy,1,gambling addiction,debt gambling addiction pure unhappy,1.8160626513959657,False
460,"Welp, just got done with another batch of doctors visits and the results are in, I will be crippled for the rest of my life",1,doctors visit,welp got done another batch doctor visit result crippled rest life,1.2444598385847825,False
461,"I would like to say that I was shook, but I knew she has the habit of consuming a lot of sleeping pills just for not having to deal with the daily problems",1,consuming a lot of sleeping pills just for not having to deal with the daily problems,would like say shook knew habit consuming lot sleeping pill deal daily problem,1.0350171606902245,False
462,"And then my mate punched me in the face, and now I feel completely demotivated",1,my mate punched me in the face,mate punched face feel completely demotivated,1.4698466769382421,False
463,"It's like, what's the point, y'know? If I have fun, I get punched, if I'm upset, I get punched, if I say the wrong thing, I get punched, if I complain about it, I get punched! Like, what's the fucking point, y'know!?",1,I get punched,'s like 's point y'know fun get punched 'm upset get punched say wrong thing get punched complain get punched like 's fucking point y'know,1.9645926375816207,True
464,"Heck, I've been putting off this post for months now and I stopped halfway my stream of conciousness because there are far more serious problems to discuss about here than some indecision, burn-out and post-breakup trauma",1,burn-out and post-breakup trauma,heck 've putting post month stopped halfway stream conciousness far serious problem discus indecision burn-out post-breakup trauma,1.6190987560086632,False
465,"It's been the same for 10 fucking years: my parents get drunk, they start fighting and later they start bothering me and my big brother",1,start fighting,'s 10 fucking year parent get drunk start fighting later start bothering big brother,1.3556827548524775,False
466,I grew up to hate alcohol because I saw my father drunk been horrible to my mother,1,hate alcohol,grew hate alcohol saw father drunk horrible mother,1.3853422948104486,False
467,"I was diagnosed with depression, anxiety and OCD, I was hospitalized for a few suicide attempts",1,anxiety and OCD,diagnosed depression anxiety ocd hospitalized suicide attempt,1.164995605120846,False
468,"* Some time back, they got their house broken into and while fighting the intruder(s) off, they received an injury in their head",1,injury in their head,time back got house broken fighting intruder received injury head,2.0967553953166154,True
469,Since I've been diagnosed with severe depression in August I tried medication and am currently in therapy,1,"diagnosed, therapy",since 've diagnosed severe depression august tried medication currently therapy,0.7660910968287662,False
470,"The break-up, depression, moving out, having no close friends at my university, no sure if I even want to study the subjects I'm studying",1,close friends,break-up depression moving close friend university sure even want study subject 'm studying,1.0004976068216962,False
471,I don't feel anything anymore and randomly break down and cry,1,randomly break down and cry,n't feel anything anymore randomly break cry,0.575751489710727,False
472,Somebody I care very much for has been on escitalopram for years due to crippling depression,1,on escitalopram for years,somebody care much escitalopram year due crippling depression,1.1838325516560093,False
473,"Now, for the past week and a half, he's been feeling very emotional and out of control and the past 3 or 4 days he just can't stop crying, even at work",1,crying,past week half 's feeling emotional control past 3 4 day ca n't stop cry even work,0.790603551739687,False
474,"I've been depressed for more than a year now, I am a teenager and self-diagnosed but I'm absolutely sure what I've been going through is depression",1,self-diagnosed,'ve depressed year teenager self-diagnosed 'm absolutely sure 've going depression,1.0821545940986121,False
475,"She's happier after she broke up with me, I feel like its my fault i lost her it probably was, bipolar disorder OCD and anxiety just get to be to much for me and i either say things i don't mean or make dumb jokes",1,"bipolar disorder, OCD and anxiety",'s happier broke feel like fault lost probably bipolar disorder ocd anxiety get much either say thing n't mean make dumb joke,1.0662810016401836,False
476,"You used to make me die inside! Well look at me, depressed found people who care; I still sit at the edge of pulling the trigger are letting my car run me over, better yet I should probably just play Russian roulette with a loaded gun! All I do is think of you yet I stand in the place where is doesn't matter and I think today is where I curved my self into hell and you won and the record final broke in two! You where all I have; now I don't even have you, but I'm numb to pain and don't feel the bullet fly through my brain! ~NBC N/P",1,numb to pain,used make die inside well look depressed found people care still sit edge pulling trigger letting car run better yet probably play russian roulette loaded gun think yet stand place n't matter think today curved self hell record final broke two n't even 'm numb pain n't feel bullet fly brain ~nbc n/p,1.3784858180057142,False
477,I think being bored 9-5 is even more depressing! Now I'm desperately struggling to keep happy and I have this low to medium level of anxiety that just won't go away no matter how hard I try and think differently,1,"medium level of anxiety, being bored 9-5 is even more depressing",think bored 9-5 even depressing 'm desperately struggling keep happy low medium level anxiety wo n't go away matter hard try think differently,1.5004871393966306,False
478,I've gotten so used to my shitty life and the thought of wanting to die that I can't cry anymore when I'm depressed,1,can't cry anymore,'ve gotten used shitty life thought wanting die ca n't cry anymore 'm depressed,0.5644059372469705,False
479,Now i live with my drug addict dad in the hood,1,ive with my drug addict dad in the hood,live drug addict dad hood,1.1975522863648185,False
480,Feeling like I just want to turn to drugs right now,1,turn to drugs,feeling like want turn drug right,0.5808692203339778,False
481,Is it because I don't do sports? Because I'm so depressed I stay up till 4 every morning crying myself to sleep? I don't get it This last girl left me shattered,1,crying myself to sleep,n't sport 'm depressed stay till 4 every morning cry sleep n't get last girl left shattered,1.5641701128867769,False
482,My remaining parent has been diagnosed with cancer,1,parent has been diagnosed with cancer,remaining parent diagnosed cancer,0.8750702982310274,False
483,In the last weeks my suicidal thoughts have increased by alot and anxiety and an uncomfortable feeling in my chest has increased too,1,"anxiety, feeling in my chest",last week suicidal thought increased alot anxiety uncomfortable feeling chest increased,1.241164937246369,False
484,Will that do the trick? I could cut my veins off but I'm too much of a pussy to stand the pain,1,cut my veins,trick could cut vein 'm much pussy stand pain,1.7196737158073054,False
485,"I grew up in a toxic environment, now that I'm older, all the trauma is coming at me like a freight train and I'm just left to deal with it",1,trauma is coming at me,grew toxic environment 'm older trauma coming like freight train 'm left deal,2.0250998956665867,True
486,I look like a freak not crying,1,look like a freak not crying,look like freak cry,0.3171810106882567,False
487,I can't take much more pain,1,can't take much more pain,ca n't take much pain,0.24746147908436347,False
488,Add onto that my parents havent allowed me out of the house since I was released from the hospital for being suicidal,1,released from the hospital,add onto parent havent allowed house since released hospital suicidal,1.4477006804371346,False
489,"Premise, I have nocturnal enuresis",1,nocturnal enuresis,premise nocturnal enuresis,0.005983329560710359,False
490,"I want to stop myself from masturbating, I want to stop myself from watching porn",1,stop myself from watching porn,want stop masturbating want stop watching porn,1.420561134498151,False
491,I spent so long trying to convince myself that there's no huge fucking glaring flaw with my personality that drives people away but I guess the universe just keeps trying to convince me otherwise,1,glaring flaw with my personality that drives people away,spent long trying convince 's huge fucking glaring flaw personality drive people away guess universe keep trying convince otherwise,1.6684160864389648,False
492,"She was abusive, and a huge contributor to my worsening depression",1,abusive,abusive huge contributor worsening depression,1.0455587549934202,False
493,I go to bed and I can't sleep because I am just always thinking about all the bad stuff she has done to me,4,can't sleep,go bed ca n't sleep always thinking bad stuff done,0.5430902851968459,False
494,Why would anyone think that I'm pretty or attractive?,1,"Why would anyone think that I'm pretty, attractive",would anyone think 'm pretty attractive,1.1001215671487763,False
495,"Well point being I can‚Äö√Ñ√¥t continue with this wretched disease posing my thoughts, relationships and life",1,wretched disease,well point can‚äö√ñ√¥t continue wretched disease posing thought relationship life,1.0842681209630838,False
496,"These last couple of days though I just feel so lonely and depressed, I just want to drink constantly, I drank last night and the night before, and it‚Äö√Ñ√¥s only 11am and I already feel like drinking again",1,"drink constantly, lonely",last couple day though feel lonely depressed want drink constantly drank last night night it‚äö√ñ√¥s 11am already feel like drinking,0.8708736139983156,False
497,"Right now, im laying in my bed, legs sore, body numb, and drowning in despair",1,body numb,right im laying bed leg sore body numb drowning despair,2.0898832114094676,True
498,"I didn't do it for the sake of my mental health, I constantly get verbally and physically abused by those relatives and that has been like that since I was born",1,verbally and physically abused,n't sake mental health constantly get verbally physically abused relative like since born,1.2929854548659618,False
499,"I have battling with disease alone, no meds, got therapy just twice because I couldn't afford more, but still they say I have no right to complain since ""they had horrible childhoods and I didn't have to sell anything on the streets""",1,"disease alone, no meds, got therapy",battling disease alone med got therapy twice could n't afford still say right complain since `` horrible childhood n't sell anything street '',1.3641617758346047,False
500,I haven‚Äö√Ñ√¥t been able to stop crying and the pain has just become unbearable,1,pain,haven‚äö√ñ√¥t able stop cry pain become unbearable,0.7581457604158546,False
501,No life will ever make up for the pain I feel,1,pain,life ever make pain feel,0.22255052416572754,False
502,Today I could not leave my bed,1,could not leave my bed,today could leave bed,0.5334619827085445,False
503,"Ok so I'm not gonna lie, I'm drunk, its New Year's day, and I have had a lot of time to self reflect lately",1,drunk,ok 'm gon na lie 'm drunk new year 's day lot time self reflect lately,0.90979867251965,False
504,"When I was severely depressed, my therapist recommended using distraction to prevent myself from being consumed by flashbacks of former trauma",1,consumed by flashbacks of former trauma,severely depressed therapist recommended using distraction prevent consumed flashback former trauma,1.58106039381521,False
505,first they just dont talk to you? im not closee with my family for reasons of physical and psychological abuse i have about 4 or 5 close friends id say and they all know i struggle with depression and are always willing to help etc when i reach out but,1,physical and psychological abuse,first dont talk im closee family reason physical psychological abuse 4 5 close friend id say know struggle depression always willing help etc reach,0.6777913904031234,False
506,i have no more energy to do anything and have no pleasure doing things i enjoyed beforehand like going out,1,no more energy,energy anything pleasure thing enjoyed beforehand like going,0.4925820146930217,False
507,It feels like there's a weight on my chest all the time and anytime I think about being happy my mind shuts it down,1,there's a weight on my chest,feel like 's weight chest time anytime think happy mind shuts,0.8832227919115745,False
508,But I just need some way to get rid of the pain,1,rid of the pain,need way get rid pain,0.9339276574542885,False
509,"Sore feet and legs, a bit dehydrated and sunburnt, but still better",1,dehydrated,sore foot leg bit dehydrated sunburnt still better,2.4921229689863,True
510,I mean I see it as weak as a man standpoint but it‚Äö√Ñ√¥s comforting when it can put you to sleep getting all your emotions out and I constantly do it for the comfort I can never get from anybody else,1,weak,mean see weak man standpoint it‚äö√ñ√¥s comforting put sleep getting emotion constantly comfort never get anybody else,1.5755332220766167,False
511,"It‚Äö√Ñ√¥s nice and puts you to ease but it seems so pathetic but I can‚Äö√Ñ√¥t stop myself from doing it, I need comfort and I need self reinsurance that I‚Äö√Ñ√¥ll be okay and comforted",1,need comfort,it‚äö√ñ√¥s nice put ease seems pathetic can‚äö√ñ√¥t stop need comfort need self reinsurance i‚äö√ñ√¥ll okay comforted,0.9598172542668045,False
512,Is this really pathetic? I don‚Äö√Ñ√¥t think of it as a personal stand point but from self judge and trying to be generally not so weak,1,weak,really pathetic don‚äö√ñ√¥t think personal stand point self judge trying generally weak,1.2441645376348391,False
513,"When my brothers saw that they just tried to help me, and I told them too to fuck off and went outside to punch the wall until my hands started to bleed",1,punch the wall until my hands started to bleed,brother saw tried help told fuck went outside punch wall hand started bleed,1.1180807670732518,False
514,But I'm sick of feeling like shit all the time,1,feeling like shit all the time,'m sick feeling like shit time,0.24442449510853675,False
515,So why did I get cripplingly depressed all of a sudden? The brief period where I was exposed to just a little too much lead as a kid? When I fell on my head and got a crack in my skull at age 2? My parents don't eat that healthy and I didn't start eating right until my teens,1,eat that healthy,get cripplingly depressed sudden brief period exposed little much lead kid fell head got crack skull age 2 parent n't eat healthy n't start eating right teen,1.8170907100655298,False
516,"Yes I know I'm stupid, yes i know im slow, yes i know im weak and yes I know this amuses you but can you just please move on",1,"yes i know im slow, yes i know im weak and yes I know this amuses you",yes know 'm stupid yes know im slow yes know im weak yes know amuses please move,0.9396131455334791,False
517,I have newly joined the paralyzed party from a car accident and it‚Äö√Ñ√¥s hard to cope,1,ave newly joined the paralyzed party from a car accident,newly joined paralyzed party car accident it‚äö√ñ√¥s hard cope,1.530894234822521,False
518,i tried to rationalise but she just goes that my future would be ruined by my abnormality,1,rationalise but she just goes that my future would be ruined by my abnormality,tried rationalise go future would ruined abnormality,1.0438969707357306,False
519,It's 1AM here and I have a lot going on in my head so I can't really be bothered to sleep anytime soon,1,sleep anytime soon,'s 1am lot going head ca n't really bothered sleep anytime soon,0.5703522014984014,False
520,"Now, I'm scared that he could maybe tell her about my hair-shaving, or that my girlfriend could find my bald photos (4 of them) on facebook",1,bald,'m scared could maybe tell hair-shaving girlfriend could find bald photo 4 facebook,1.8849911280520453,True
521,"i‚Äö√Ñ√¥m always the one getting put down, bullied, or given a hard time in this household",4,bullied,i‚äö√ñ√¥m always one getting put bullied given hard time household,1.0354901759149617,False
522,"People always need to point out how I look, whether it be anorexic when I was sad or chubby when I started feeling a bit happier again",1,whether it be anorexic when I was sad or chubby,people always need point look whether anorexic sad chubby started feeling bit happier,0.45758455272651805,False
523,"I gave up all the weed and alcohol that I was doing last semester, but it was the only thing that helped",1,gave up all the weed and alcohol that I was doing last semester,gave weed alcohol last semester thing helped,1.2836426590320194,False
524,"Not control me, not contact me only when he wants something, not judging me and calling me chubby",1,not judging me and calling me chubby,control contact want something judging calling chubby,1.8146208850581402,False
525,How can I get help and reach out? I am so tired of being tired,1,so tired of being tired,get help reach tired tired,0.4198312967717264,False
526,"First, not having autism would be nice",1,not having autism would be nice,first autism would nice,0.9942340636162198,False
527,"I started self-harming about 2 weeks ago and it was such a bad mistake, it's becoming an addiction",1,addiction,started self-harming 2 week ago bad mistake 's becoming addiction,1.2820581732075176,False
528,"I almost ended up in the psych ward, kinda voluntarily because they asked me if i want to stay or go home and i said to go home but i kinda regret that now, idk why tbh",1,psych ward,almost ended psych ward kinda voluntarily asked want stay go home said go home kinda regret idk tbh,1.089233490368272,False
529,"While they were married, my siblings and I witnessed verbal abuse, threats, dad pushed our mom, mom crying, dad coming home drunk, and even after the divorce they constantly talked bad about each other",1,verbal abuse,married sibling witnessed verbal abuse threat dad pushed mom mom cry dad coming home drunk even divorce constantly talked bad,0.8750019986426619,False
530,"Ironically, this makes me want to self harm, but self harming itself has left me with scars that make me feel worse about myself which, in turn, makes me want to end my life or self harm more",1,left me with scars,ironically make want self harm self harming left scar make feel worse turn make want end life self harm,0.8122052259854674,False
531,"My parents fight all the time, Idk if ive been verbally abused or what but my mother yells at me a lot, typically calls me a little shit",3,"verbally abused, mother yells",parent fight time idk ive verbally abused mother yell lot typically call little shit,1.257331351199743,False
532,One of my friends who I thought was my friend leaked out that I'm autistic and have ADHD as well as I take medications for that every day,1,"autistic, ADHD",one friend thought friend leaked 'm autistic adhd well take medication every day,0.7227929790177196,False
533,"Preface, I'm a bit drunk rn, it helps numb this pain",1,"pain, drunk",preface 'm bit drunk rn help numb pain,0.616076485617715,False
534,I got home in a cab and cried the entire way,1,cried,got home cab cried entire way,1.1356600920178268,False
535,why not sneak some of my grandpas pain pills while im at it,1,pain pills,sneak grandpa pain pill im,0.41308781923468385,False
536,"For a long time, I've felt like my problems did not warrant a therapy session, so I am just now taking my situation more seriously",1,therapy session,long time 've felt like problem warrant therapy session taking situation seriously,1.209240117947269,False
537,"I might be able to get on my partner's insurance at some point, but I have no idea when, I'm now terrified of not being able to afford therapy, because I can feel myself getting close to a breaking point",1,therapy,might able get partner 's insurance point idea 'm terrified able afford therapy feel getting close breaking point,1.6047393049291527,False
538,"addicted parents who‚Äö√Ñ√¥ve never been there emotionally for me, abusive relationships, eating disorders, anxiety, depression",1,"anxiety, eating disorder, abusive relationships",addicted parent who‚äö√ñ√¥ve never emotionally abusive relationship eating disorder anxiety depression,0.8680448064918026,False
539,Still i find the relaxing effect alcohol have on me frightening,1,alcohol,still find relaxing effect alcohol frightening,1.4501355246835819,False
540,I‚Äö√Ñ√¥m just so sick and tired of it,1,sick,i‚äö√ñ√¥m sick tired,0.2502873087248806,False
541,"On the last 3 days, I just got emotionally triggerred just by reading a manga that potrays loneliness and pedophilic romantic relationships",1,pedophilic romantic relationships,last 3 day got emotionally triggerred reading manga potrays loneliness pedophilic romantic relationship,1.3148489599124769,False
542,Both my dad and mom were alcoholics and physically and emotionally abusive in the past,1,physically and emotionally abusive,dad mom alcoholic physically emotionally abusive past,0.7122710476977797,False
543,My mom relies on marijuana and other pain relieving drugs to get through her day,1,mom relies on marijuana,mom relies marijuana pain relieving drug get day,0.485330703718872,False
544,I was in a mentally abusive relationship with a lot of cheating and even my dreams act out me getting revenge,1,mentally abusive relationship,mentally abusive relationship lot cheating even dream act getting revenge,0.9982230015682249,False
545,"I have alcoholic dad, he often lies, also he borrowing my money, but never give them me back",1,alcoholic dad,alcoholic dad often lie also borrowing money never give back,0.7665678761576417,False
546,"I feel like the systems in place quite literally fuck you over if you have abusive families, needing their birth certificates to verify things",1,have abusive families,feel like system place quite literally fuck abusive family needing birth certificate verify thing,1.3085902459961778,False
547,Wherever I go I'm the ugliest person,1,ugliest person,wherever go 'm ugliest person,0.38377853415229374,False
548,not when i was assaulted (groped) not when i came home crying when i was bullied mercilessly,1,when i was assaulted (groped) not when i came home crying when i was bullied mercilessly,assaulted groped came home cry bullied mercilessly,0.9277927967314593,False
549,not when I cry to her that nobody loves me (literally says I'm being manipulative when I do and I'm doing it for attention) not when I slashed my thighs when she told me that if I didnt graduate college I would be a loser that relys on welfare homeless and a drug addict,1,a drug addict,cry nobody love literally say 'm manipulative 'm attention slashed thigh told didnt graduate college would loser relys welfare homeless drug addict,1.9729534662645802,True
550,I hit my best friend kinda on accident and he hates me now,1,"hit my best friend kinda on accident, he hates me now",hit best friend kinda accident hate,1.309558051327247,False
551,"I got drunker than I ever have in my life and I kind of got taken advantage of, and I really think about it a lot",1,drunker,got drunker ever life kind got taken advantage really think lot,0.6387287969201143,False
552,"How could this person that I thought was my friend let this happen to me? Why is it that everyone was mad at me for crying about it after it happened, why did everyone tell me I was making a scene, telling me I was making it a bigger deal than it really was",1,everyone was mad at me for crying,could person thought friend let happen everyone mad cry happened everyone tell making scene telling making bigger deal really,1.1583398989372504,False
553,"About two weeks ago my mom took all my meds away, u know , just in case",1,mom took all my meds away,two week ago mom took med away u know case,1.3506292802420876,False
554,I‚Äö√Ñ√¥m tired of my dad being a pervert and my mom being oblivious or pretending not to notice,1,pervert and oblivious,i‚äö√ñ√¥m tired dad pervert mom oblivious pretending notice,1.5506569639195635,False
555,"I'm stuck here, feeling miserable, and knowing I have to go out tonight and be social so I don't end up sitting here alone, probably drinking by myself and inevitably hurting myself",1,"probably drinking by myself and inevitably hurting myself, don't end up sitting here alone",'m stuck feeling miserable knowing go tonight social n't end sitting alone probably drinking inevitably hurting,1.0586767557985484,False
556,I spent mine crying in a dark house by myself,1,crying in a dark house by myself,spent mine cry dark house,1.1836260456354635,False
557,"I used to be parts of groups, used to make friends in school, used to have things to do outside the house",1,used to make friends,used part group used make friend school used thing outside house,0.7099875029384017,False
558,"but why do I feel so cynical, so annoyed, and so much like crying instead? I wish we were all together tonight",1,feel so cynical,feel cynical annoyed much like cry instead wish together tonight,0.9379636053535798,False
559,I have been hit hard with what I think is depression (have several symptoms) but it kind of makes me numb and not really care about shit anymore,1,makes me numb,hit hard think depression several symptom kind make numb really care shit anymore,0.7738235941479292,False
560,"I used to care about everything a lot and got anxious about everything, overthought everything",4,anxious about everything,used care everything lot got anxious everything overthought everything,0.44625494672624266,False
561,I have been feeling low for the past couple days and just felt really anxious and upset on the day of NYE,4,anxious,feeling low past couple day felt really anxious upset day nye,0.8759926589342713,False
562,"Fuck you and everything you stand for: whining, complaining, cynicism, pessimism",1,"cynicism, pessimism",fuck everything stand whining complaining cynicism pessimism,1.2372426157556342,False
563,"I could just get a refound from the store, but I couldn't make a call, instead sit in my room and cryed like a bitch",1,sit in my room and cryed like a bitch,could get refound store could n't make call instead sit room cryed like bitch,1.2961594058144974,False
564,"Ever since i started ive been kicked out of an apartment, failed loads, drunk too much, spent most of my money on shit food and now im waiting at home for my inevitable failure",1,drunk too much,ever since started ive kicked apartment failed load drunk much spent money shit food im waiting home inevitable failure,1.0561525889260026,False
565,But ever since I‚Äö√Ñ√¥ve been depressed (roughly 5 years now) I‚Äö√Ñ√¥ve been the most cynical person,1,been the most cynical person,ever since i‚äö√ñ√¥ve depressed roughly 5 year i‚äö√ñ√¥ve cynical person,0.17962043616524143,False
566,I'm stuck in this rut and I can't stop crying it's so hard to type and I'm in so much pain and I can't do this anymore I can't,1,"can't stop crying, much pain",'m stuck rut ca n't stop cry 's hard type 'm much pain ca n't anymore ca n't,0.5961773164180859,False
567,Then I cry and memories about hate return,4,cry,cry memory hate return,0.7536026536749275,False
568,This holiday was worth than normal and I started to cut again,1,cut again,holiday worth normal started cut,0.8839227405481368,False
569,I don't want to feel anxious anymore,4,anxious,n't want feel anxious anymore,0.3573938264442687,False
570,Some part of me wants to say that eventually I won't be anxious; I won't be a shitty person; I'll be better,4,anxious,part want say eventually wo n't anxious wo n't shitty person 'll better,0.7022440292691358,False
571,I can't fall asleep,1,can't fall asleep,ca n't fall asleep,1.4027334675545362,False
572,"I live in pain everyday, I don't want this life, I really sound like a teenager, huh? Yeah I am but the reason for my decision is not that ' a girl didn't like' or ' I am not enough ' type of thing",1,live in pain everyday,live pain everyday n't want life really sound like teenager huh yeah reason decision girl n't like enough type thing,1.797930940392079,False
573,"It's painful, I don't need this",1,painful,'s painful n't need,0.836757692435801,False
574,"My kids are getting older and don‚Äö√Ñ√¥t really need me anymore, my body aches all the time and when I look in the mirror I see an aging, tired face",1,"my body aches, see an aging, getting old",kid getting older don‚äö√ñ√¥t really need anymore body ache time look mirror see aging tired face,1.0642361808263836,False
575,I‚Äö√Ñ√¥m getting old,1,getting old,i‚äö√ñ√¥m getting old,0.47212049618974994,False
576,So my New Year's resolution would be to just end all this suffering and commit suicide,1,end all this suffering,new year 's resolution would end suffering commit suicide,1.4402465166659377,False
577,"My depression and anxiety was good for awhile, I was on meds but they actually made my down days worse and made me have suicidal thoughts so I stopped taking them but now it‚Äö√Ñ√¥s gotten worse again",1,on meds,depression anxiety good awhile med actually made day worse made suicidal thought stopped taking it‚äö√ñ√¥s gotten worse,0.551215598088998,False
578,"I will be hungry and know I NEED to eat, finally gear myself to the effort of cooking something, barely touch it, then get bored of eating and not want to anymore",1,then get bored of eating,hungry know need eat finally gear effort cooking something barely touch get bored eating want anymore,0.8417236078307955,False
579,Mine feels like a daily battle and a war of attrition,1,war of attrition,mine feel like daily battle war attrition,0.9002610109076771,False
580,"I know there are parties around where I would be welcome, but I'm tired",1,tired,know party around would welcome 'm tired,0.8355690424609775,False
581,I'm tired,1,tired,'m tired,0.1804395275606054,False
582,"While there's people out there are legitimately disabled through loss of limbs, MS, Rheumatoid Arthritis, cerebral palsy, etc etc etc! Even though depression isn't a direct physical disability, I just can't pull myself to keep myself going",1,"loss of limbs, cerebral palsy, Rheumatoid Arthiritis",'s people legitimately disabled loss limb m rheumatoid arthritis cerebral palsy etc etc etc even though depression n't direct physical disability ca n't pull keep going,1.305952636352266,False
583,I don't even have the energy to do anything about this and I'll probably be getting called for work soon,1,don't even have the energy to do anything,n't even energy anything 'll probably getting called work soon,0.6726497127409702,False
584,Everything I do just fills me the same feelings of saddens or anger I don't know what to do anymore,4,anger,everything fill feeling saddens anger n't know anymore,0.5336096605586079,False
585,"2017 was too fast and it makes me so anxious about thinking it, i feel like a loser and it makes me wanna cry",1,feel like a loser and it makes me wanna cry,2017 fast make anxious thinking feel like loser make wan na cry,1.045544397650055,False
586,I just want to hide and cry in my room,4,cry in my room,want hide cry room,1.3936627654329232,False
587,"But to make things worse, I'm just about as depressed as ever in terms of not wanting to do anything, escape sleeping, thinking about death, etc",1,escape sleeping,make thing worse 'm depressed ever term wanting anything escape sleeping thinking death etc,1.253089934802108,False
588,"I don't know how I'm paying my bills, I won't be able to go to my doctors because there goes my health insurance (guess I could apply for Medicaid idk) and just that feeling like I have no idea what I'm doing with my life",1,"doctors, health insurrance",n't know 'm paying bill wo n't able go doctor go health insurance guess could apply medicaid idk feeling like idea 'm life,1.0838683339979815,False
589,I'm suppose to go hang out w a friend tonite and I'm nervous I'll be in a terrible mood around him because of this,1,terrible mood,'m suppose go hang w friend tonite 'm nervous 'll terrible mood around,1.4281997508440714,False
590,I just want to sleep,1,just want to sleep,want sleep,0.29894070814634366,False
591,"And no, the big rock doesn't fucking break the chest ending my disgusting endless painful life, it stays there laughing at me when I'm crying",1,ending my disgusting endless painful life,big rock n't fucking break chest ending disgusting endless painful life stay laughing 'm cry,1.713818880398676,False
592,then i look at the pills,1,look at the pills,look pill,0.508742027798197,False
593,There are times where I'm so down I just want to cry,1,just want to cry,time 'm want cry,0.14387905964989853,False
594,all I can think of doing is cutting myself,1,cutting myself,think cutting,0.856722442215252,False
595,"I‚Äö√Ñ√¥m here, laying in bed, browsing this sub while occasionally checking Snapchat to see all of my friends out having the time of their lives",1,laying in bed,i‚äö√ñ√¥m laying bed browsing sub occasionally checking snapchat see friend time life,0.2500956401884426,False
596,"So here I am, in this shithole apartment, with my mother sleeping in the bed next to mine so I can‚Äö√Ñ√¥t even get up to have a smoke without waking her",1,shithole apartment,shithole apartment mother sleeping bed next mine can‚äö√ñ√¥t even get smoke without waking,1.2818331750415248,False
597,"A big wave of sadness just hit me like a ton of bricks and I don't even know why, I think I'm just gonna cry this on out",1,gonna cry this,big wave sadness hit like ton brick n't even know think 'm gon na cry,1.3258112121069956,False
598,"I just want to cry, all I want is a damn cry, I cant cry, nothing will come out, im full of pressure that wont release, I wouldnt mind passing peacefully in my sleep tonight",1,damn cry,want cry want damn cry cant cry nothing come im full pressure wont release wouldnt mind passing peacefully sleep tonight,1.784144696618171,False
599,I normally can ignore it but sometimes it just gets too much and I end up like I am now crying at my desk with no real reason why,4,crying at my desk,normally ignore sometimes get much end like cry desk real reason,0.5406531734515265,False
600,Im so tired of this,1,so tired of this,im tired,0.20171512602862413,False
601,I keep doing self destructive things,1,self destructive thing,keep self destructive thing,0.3097795297884078,False
602,"I could struggle until my limbs bleed, and I still wouldn‚Äö√Ñ√¥t be able to reach it",1,struggle until my limbs bleed,could struggle limb bleed still wouldn‚äö√ñ√¥t able reach,1.8007442055082603,False
603,"Then when others try to suggest it‚Äö√Ñ√¥s from lack of trying, well it feels like they‚Äö√Ñ√¥re rubbing salt in the cuts that the shackles have dug into my limbs",1,shackles have dug into my limbs,others try suggest it‚äö√ñ√¥s lack trying well feel like they‚äö√ñ√¥re rubbing salt cut shackle dug limb,0.9624577756621686,False
604,"I cannot name a single good thing about myself-I am not smart, not charismatic, not good looking, not a good person, not got social skills, got no talents or skills, I am bad at everything I've ever tried in my life",1,"not smart, not charismatic, not good looking",name single good thing myself-i smart charismatic good looking good person got social skill got talent skill bad everything 've ever tried life,0.9702328813896173,False
605,I‚Äö√Ñ√¥m so tired,1,so tired,i‚äö√ñ√¥m tired,0.13995316334224622,False
606,I want to leave this place I'm tired of it,1,tired of it,want leave place 'm tired,0.4145897433902551,False
607,"Every time I vent I feel a little better because I've gotten something off my chest, but then I feel worse the next day because I just made their day worse by talking to them about my depression",1,something off my chest,every time vent feel little better 've gotten something chest feel worse next day made day worse talking depression,0.7652780102271938,False
608,"I've been having some very dark thoughts about hurting myself and I find them to be quite troublesome, they just seem to pull me into an even darker place",1,hurting myself,'ve dark thought hurting find quite troublesome seem pull even darker place,1.6456280917034065,False
609,"I feel completely numb, like I'm going about my day in a daze",1,numb,feel completely numb like 'm going day daze,0.39609521432982914,False
610,"Hi all, been having on/off therapy past 3 years for anxiety+depression and more recently for PTSD",1,PTSD,hi on/off therapy past 3 year anxiety+depression recently ptsd,1.0049463104677725,False
611,I'm about to cry for no reason,1,cry for no reason,'m cry reason,0.502585456433322,False
612,It hurts so much,1,hurts,hurt much,0.2660967953665095,False
613,"All the shit in my life, the pain, the abuse, the rape",1,"the abuse, the rape",shit life pain abuse rape,0.7450643834440692,False
614,Help me Ive lost almost all feelings and I am unable to cry anymore,1,"unable to cry, lost almost all feelings",help ive lost almost feeling unable cry anymore,0.704396937638426,False
615,Im having panic after panic attack,1,panic,im panic panic attack,0.8346089507263064,False
616,"I start to feel better overall a d stay away from self destructive things, eat really healthy, and exercise",1,self destructive things,start feel better overall stay away self destructive thing eat really healthy exercise,1.6917246731523374,False
617,"My therapist might tell my parents about my past cutting (Ive avoided it for over a month just so i have proof that I ""stopped"")",1,cutting,therapist might tell parent past cutting ive avoided month proof `` stopped '',0.6996697745134041,False
618,"when something bad happens I rarely cry, I do feel aching in my heart and know that its sad I just don't feel like crying is the right way to react",1,aching in my heart,something bad happens rarely cry feel aching heart know sad n't feel like cry right way react,0.9663205827313516,False
619,I know emotions and know when I should be doing them but i cannot cry when I'm sad and I rarely laugh when I'm happy,1,cannot cry,know emotion know cry 'm sad rarely laugh 'm happy,1.4477929166672996,False
620,My OCD has started destroying my life again,1,OCD,ocd started destroying life,0.9823072115507694,False
621,"So Tl:dr: used to cut, 2 years later, need to cut more than ever and can‚Äö√Ñ√¥t really properly focus on normal things",1,need to cut more than ever,tl dr used cut 2 year later need cut ever can‚äö√ñ√¥t really properly focus normal thing,0.9930299295150078,False
622,"I have days where I'm in a slightly more positive mood, but generally I just feel pretty apathetic about everything, lethargic and extremely self-critical to the point where it stops me doing things",1,"lethargic and extremely self-critical, feel pretty apathetic about everything",day 'm slightly positive mood generally feel pretty apathetic everything lethargic extremely self-critical point stop thing,1.6054355098883848,False
623,My boyfriend told me that I am pretty and beautiful on the outside and when I'm in a great mood but my moodiness and attitude make me ugly,1,my moodiness and attitude make me ugly,boyfriend told pretty beautiful outside 'm great mood moodiness attitude make ugly,1.3802974704448918,False
624,I‚Äö√Ñ√¥m 16 but I‚Äö√Ñ√¥m in the last month of my year group and I look about 14,1,look about 14,i‚äö√ñ√¥m 16 i‚äö√ñ√¥m last month year group look 14,1.6625154874445218,False
625,"Not my music, my clothes my humor, my personality, my appearance",1,"my clothes my humor, my personality, my appearance",music clothes humor personality appearance,1.5367378829172538,False
626,The only thing I‚Äö√Ñ√¥m motivated to do in life right now is lay in my comfy bed and watch Netflix,1,motivated to do in life right now is lay in my comfy bed and watch Netflix,thing i‚äö√ñ√¥m motivated life right lay comfy bed watch netflix,1.8705918526664636,True
627,"Rather than spending my 2018 a fat lifeless deadbeat, I finally made an appointment to inquire about anti depressants",1,fat lifeless deadbeat,rather spending 2018 fat lifeless deadbeat finally made appointment inquire anti depressant,2.5253611443408968,True
628,"My motivation to change anything meaningful in my life doesn‚Äö√Ñ√¥t stick, so I stick a needle in my arm and inject it",1,so I stick a needle in my arm and inject it,motivation change anything meaningful life doesn‚äö√ñ√¥t stick stick needle arm inject,0.9587001111063834,False
629,"Will a fresh start change the way I look or change how attractive I am? Will a fresh start make me more likable? More outgoing? More equipped to make friends and meet new people? The truth is, it doesn't matter how many fresh starts I am given: I will always, fundamentally, be the same person, and I will continue to let forces outside of my control define who I am as a person",1,Will a fresh start change the way I look or change how attractive I am,fresh start change way look change attractive fresh start make likable outgoing equipped make friend meet new people truth n't matter many fresh start given always fundamentally person continue let force outside control define person,0.9978250965517225,False
630,"Not everyone can come forward, I apologize for not being priveleged enough to reach out and get a diagnosis",1,I apologize for not being priveleged enough to reach out and get a diagnosis,everyone come forward apologize priveleged enough reach get diagnosis,1.0582775568497258,False
631,I decided im going to resort to just weed at first but if that doesn't work try something harder until it either works or i od and die but if nothing ends up working ill probably end up killing myself,1,weed,decided im going resort weed first n't work try something harder either work od die nothing end working ill probably end killing,0.9216103349196273,False
632,I don't know what I'm doing anymore I ran out of meds and the sudden realization that I can't ever live a life I even remotely like without them I dont like being chronically depressed I dont know what it feels like to not have it I'm so tired,1,dont know what it feels like to not have it I'm so tired,n't know 'm anymore ran med sudden realization ca n't ever live life even remotely like without dont like chronically depressed dont know feel like 'm tired,0.5731619437088916,False
633,"I‚Äö√Ñ√¥m destined to be left behind, bedridden",1,bedridden,i‚äö√ñ√¥m destined left behind bedridden,0.3454609133863148,False
634,Any other late night r/depression browsers using reddit to avoid going to sleep because of the dread you feel for tomorrow? :),1,to avoid going to sleep because of the dread you feel for tomorrow,late night r/depression browser using reddit avoid going sleep dread feel tomorrow,1.2103750589175313,False
635,*that's all the pill - turns me into a fucking zombie,1,that's all the pill,'s pill turn fucking zombie,0.6952783256069538,False
636,God saw me and laughed as He kicked my brain-dead mind into this world,1,kicked my brain-dead mind into this world,god saw laughed kicked brain-dead mind world,1.3269973377288695,False
637,While I'm seeing a professional I would like to find someone who had similar experience maybe? How to start loving yourself? I have this huge problem where I hurt myself when someone hurts me emotionally to the point where I can't take it anymore,1,hurt myself,'m seeing professional would like find someone similar experience maybe start loving huge problem hurt someone hurt emotionally point ca n't take anymore,1.3706110894196544,False
638,"Help? (I'm a 20 year old male and no, I don't have my whole life ahead of me because I'm too crippled to do anything even at this age) Edit: *wasn't, not want and I made a few typos that I can't change now",1,crippled,help 'm 20 year old male n't whole life ahead 'm crippled anything even age edit n't want made typo ca n't change,1.0567367738231825,False
639,But now? Now I feel low,1,feel low,feel low,0.7147812425147726,False
640,No energy,1,No energy,energy,0.7933437597171965,False
641,"Your gut microbiome and brain chemistry and diet are intricately related, and the modern diet of toaster waffles, fried chicken, and bread/cake may be a major cause of many health issues",1,gut microbiome and brain chemistry and diet are intricately related,gut microbiome brain chemistry diet intricately related modern diet toaster waffle fried chicken bread/cake may major cause many health issue,1.49507865198947,False
642,"I didn't sleep long enough last night, just a measly 7 hours and I woke up, exhausted but as I sat trying to get my day started I just got this urge to clean",1,exhausted but as I sat trying to get my day started,n't sleep long enough last night measly 7 hour woke exhausted sat trying get day started got urge clean,1.609286270231555,False
643,I‚Äö√Ñ√¥m trying all my tricks to get me out of this depression episode but I just can‚Äö√Ñ√¥t find the energy to do more,1,an‚Äö√Ñ√¥t find the energy to do more,i‚äö√ñ√¥m trying trick get depression episode can‚äö√ñ√¥t find energy,1.2337512248367015,False
644,I'm just tired,1,tired,'m tired,0.1804395275606054,False
645,"Do you feel different? Do you feel like they change you? Do they help? I‚Äö√Ñ√¥m asking because after years of refusing medication because I felt like I could beat depression on my own, I‚Äö√Ñ√¥ve reached a point where I‚Äö√Ñ√¥m scared of my state of mind and that I need medication",1,cared of my state of mind and that I need medication,feel different feel like change help i‚äö√ñ√¥m asking year refusing medication felt like could beat depression i‚äö√ñ√¥ve reached point i‚äö√ñ√¥m scared state mind need medication,0.8646360315081774,False
646,"The truth is I just want to stop and sleep , I'm feel done with everything and it feels like I'm getting paranoid that my friends are noticing and deciding to remove me from the situation",1,paranoid,truth want stop sleep 'm feel done everything feel like 'm getting paranoid friend noticing deciding remove situation,0.9023066766267276,False
647,I used to take benadryl regularly for sleep so my tolerance is pretty high,1,sed to take benadryl regularly for sleep so my tolerance is pretty high,used take benadryl regularly sleep tolerance pretty high,0.5799915015283377,False
648,"I‚Äö√Ñ√¥m unwell, and I can‚Äö√Ñ√¥t sleep because of this horrible headache and rating thoughts",1,can‚Äö√Ñ√¥t sleep because of this horrible headache,i‚äö√ñ√¥m unwell can‚äö√ñ√¥t sleep horrible headache rating thought,0.7977726589880811,False
649,I'm not attractive,1,I'm not attractive,'m attractive,1.6089792527936175,False
650,I've become worse and just lie in bed all day now,1,become worse and just lie in bed all day now,'ve become worse lie bed day,0.6065382179683563,False
651,"I've been able to keep myself from harming myself or doing drugs for a while now but something just snapped in recent months that's making me just irritable, impatient, and wanting to spiral out of control again",1,harming myself or doing drugs,'ve able keep harming drug something snapped recent month 's making irritable impatient wanting spiral control,1.572023656830252,False
652,"Im autistic, with disabilities and unable to go out on my own",1,"autistic, with disabilities and unable to go out on my own",im autistic disability unable go,1.019991655937916,False
653,"The meds, the therapy, the physical activity",1,"the therapy, the physical activity",med therapy physical activity,1.295785700369037,False
654,I sleep 12 hours a night but I also dream very vividly,1,sleep 12 hours a nigh,sleep 12 hour night also dream vividly,1.0971945258634357,False
655,I cried myself to sleep every night and wished I would die over my meaningless woes,1,cried myself to sleep,cried sleep every night wished would die meaningless woe,1.0496134269614172,False
656,"But in the end, it's 2018 and instead of working on my art and bounding with people over shared experiences, I haven't taken a shower in 6 days",1,haven't taken a shower in 6 days,end 's 2018 instead working art bounding people shared experience n't taken shower 6 day,1.6163780972314314,False
657,"I feel like I want to die but I'm too lazy to really do anything about it, so I just keep living and distracting myself from my reality",1,feel like I want to die but I'm too lazy to really do anything about it,feel like want die 'm lazy really anything keep living distracting reality,0.9450057254019685,False
658,I feel like I‚Äö√Ñ√¥m not even a functioning human at this point,1,not even a functioning human at this point,feel like i‚äö√ñ√¥m even functioning human point,0.5715600995487683,False
659,"Nothing brought on this panic attack, I've just been awfully down",1,Nothing brought on this panic attack,nothing brought panic attack 've awfully,1.4205497032048302,False
660,"then think that if you had that motivation, that you don't have any interests anyways so it would just be a waste then go right back to bed",1,"just be a waste then go right back to bed, you had that motivation",think motivation n't interest anyways would waste go right back bed,0.7715662872846027,False
661,"Yet I find myself so paranoid and hateful of myself, why do I deserve this life I have? Sometimes I just wanna scream, feeling like I‚Äö√Ñ√¥m trapped in another person‚Äö√Ñ√¥s skin, I feel like all my accomplishments are fake and I‚Äö√Ñ√¥m a useless slab of meat who‚Äö√Ñ√¥ll eventually die",1,paranoid,yet find paranoid hateful deserve life sometimes wan na scream feeling like i‚äö√ñ√¥m trapped another person‚äö√ñ√¥s skin feel like accomplishment fake i‚äö√ñ√¥m useless slab meat who‚äö√ñ√¥ll eventually die,1.4732765185180579,False
662,"I dont want to feel my lungs fill up with water and not be able to breathe, i dont want to feel cuts all over or a rope around my neck or anything else",1,"feel cuts, rope around my neck",dont want feel lung fill water able breathe dont want feel cut rope around neck anything else,0.37807794408491907,False
663,"The way I see it, my life is more suffering than joy, and that's probably not going to change",1,suffering than joy,way see life suffering joy 's probably going change,1.089121400061999,False
664,"We spend most of our time doing things we don't want to do: working, cleaning, driving in traffic, feeling hungry, experiencing physical discomfort, etc, etc",1,experiencing physical discomfort,spend time thing n't want working cleaning driving traffic feeling hungry experiencing physical discomfort etc etc,0.9494313083750424,False
665,It seems I've finally come to realise that I've become a monster i thought i was originally preventing becoming one but really i became one a long time ago,1,monster,seems 've finally come realise 've become monster thought originally preventing becoming one really became one long time ago,1.2275017882775994,False
666,My whole body feels so tired and just wants to rest,1,body feels so tired,whole body feel tired want rest,0.9696609345026862,False
667,"If anyone knows anything about using hydrogen sulfide and any discomfort associated with it, I‚Äö√Ñ√¥d appreciate learning about it :) I‚Äö√Ñ√¥m so exhausted guys, I just wish I had someone to talk to but I feel like I just get this weird feeling that stops me from talking about it to a specific person",1,using hydrogen sulfide,anyone know anything using hydrogen sulfide discomfort associated i‚äö√ñ√¥d appreciate learning i‚äö√ñ√¥m exhausted guy wish someone talk feel like get weird feeling stop talking specific person,0.9052616033379061,False
668,"I would love a hug right now, it would relieve the pain a little bit to be honest, it would be a nice distraction at least, I feel like I‚Äö√Ñ√¥m shaking because of my episodes and stomach pain",1,episodes and stomach pain,would love hug right would relieve pain little bit honest would nice distraction least feel like i‚äö√ñ√¥m shaking episode stomach pain,1.3345366886367669,False
669,I want to cry but I literally can't find tears,4,want to cry,want cry literally ca n't find tear,0.8899695644211645,False
670,"A shrunken pain builds up in my heart, a heaviness in my chest",4,heaviness in my chest,shrunken pain build heart heaviness chest,1.7004678120055396,False
671,"The occasional sting on my arm, reminding me of my hardships",1,sting on my arm,occasional sting arm reminding hardship,1.0981978129102319,False
672,I‚Äö√Ñ√¥m also an antinatalist,1,antinatalist,i‚äö√ñ√¥m also antinatalist,0.051630473115116905,False
673,And I‚Äö√Ñ√¥m also a nihilist,1,nihilist,i‚äö√ñ√¥m also nihilist,0.051630473115116905,False
674,"I sometimes overflood with emotions, i feel more anxious around this time",1,"feel more anxious, overflood with emotions",sometimes overflood emotion feel anxious around time,0.5285047736372741,False
675,i go through every day with so much pain and tears and pretend everything is alright,4,so much pain and tears,go every day much pain tear pretend everything alright,0.8656473156752242,False
676,I panic because I didn‚Äö√Ñ√¥t hear what they said even though I thought I was listening,1,panic,panic didn‚äö√ñ√¥t hear said even though thought listening,1.43617862909447,False
677,What part of my behavior is due to mental illness and what part is due to being lazy I shit on myself all the time,1,"being lazy, shit on myself",part behavior due mental illness part due lazy shit time,0.8766244902977626,False
678,I feel like I don't have time for anything and I feel tired all the time,1,tired,feel like n't time anything feel tired time,0.13333608375398778,False
679,"I'm on meds, I'm in therapy, I'm resilient",1,"on meds, in therapy",'m med 'm therapy 'm resilient,0.5672925659824557,False
680,This thought gives me rest when I'm really anxious,4,anxious,thought give rest 'm really anxious,0.957410433298299,False
681,"Sometimes I just feel I am losing my mind, too poor for medical help or anykind of help talking with others doesnt work",4,"losing my mind, poor",sometimes feel losing mind poor medical help anykind help talking others doesnt work,1.0215558346309797,False
682,I've been going to sleep at around 6-6:30 so I don't have to eat as much at dinner and I can fall asleep before my brain goes sicko mode and wander down a dark path of self hate and anxious thoughts,1,"anxious thoughts, self hate",'ve going sleep around 6-6:30 n't eat much dinner fall asleep brain go sicko mode wander dark path self hate anxious thought,1.0014380362372437,False
683,I thought about picking up self harm again after I've been clean for nearly a month,1,self harm,thought picking self harm 've clean nearly month,1.4033336070311653,False
684,my mentally unstable brain decides suicide is the answer to any situation big or small and i‚Äö√Ñ√¥m tired of it,1,tired,mentally unstable brain decides suicide answer situation big small i‚äö√ñ√¥m tired,1.0527236588007536,False
685,"I wanted to be able to push through all the pain that I‚Äö√Ñ√¥ve been in for so long and I wanted to believe that it could get better for me, but the waiting isn‚Äö√Ñ√¥t worth it",1,pain,wanted able push pain i‚äö√ñ√¥ve long wanted believe could get better waiting isn‚äö√ñ√¥t worth,1.2032555399672173,False
686,It‚Äö√Ñ√¥s not getting better and I‚Äö√Ñ√¥m too weak to keep dealing with this day in and day out,1,weak,it‚äö√ñ√¥s getting better i‚äö√ñ√¥m weak keep dealing day day,0.568092598346323,False
687,Your body is as though it doesn't care that they look exposed and scared and weak in the eyes of those who want to harm it,1,exposed and scared and weak,body though n't care look exposed scared weak eye want harm,1.0265808738305642,False
688,It's gotten worse and I've been through so much pain I just want it to stop I just don't know why I'm alive I just wish I'd died when I had tried,1,"gotten worse, pain",'s gotten worse 've much pain want stop n't know 'm alive wish 'd died tried,1.084020765345679,False
689,"I just keep thinking about how long i have left in life and I am already exhausted I'm only 24 and I'm tired of living , i don't have a big problem but i keep overthinking how exhausting living is and how many years i have to live i for some reason don't accept living, I'm sure it's just thoughts that comes out of bordem but I want to know if you can relate",1,already exhausted,keep thinking long left life already exhausted 'm 24 'm tired living n't big problem keep overthinking exhausting living many year live reason n't accept living 'm sure 's thought come bordem want know relate,0.8420716661470998,False
690,that‚Äö√Ñ√¥s why i often resort to cries for help,4,cries for help,that‚äö√ñ√¥s often resort cry help,0.21803432986217317,False
691,I hope I continue to feel pain so I can make up for the shit I caused,1,feel pain,hope continue feel pain make shit caused,1.169907410883066,False
692,I was diagnosed with borderline disability and it's making me suicidal and homicidal,1,diagnosed with borderline disability,diagnosed borderline disability 's making suicidal homicidal,0.8153791095074311,False
693,So sick of lying all the time and telling every one I'm fine every fucking day because I'm not at all,1,sick of lying,sick lying time telling every one 'm fine every fucking day 'm,0.7757436978604644,False
694,I constantly just feel drained and tired of everything and I rlly see no point in carrying on,1,feel drained,constantly feel drained tired everything rlly see point carrying,0.3499861064587076,False
695,And they just can‚Äö√Ñ√¥t tell that I‚Äö√Ñ√¥m really sad I don‚Äö√Ñ√¥t want to say depressed because that‚Äö√Ñ√¥s a really strong word but I‚Äö√Ñ√¥m tired of feeling empty on the inside I feel like there always a gag in my throat and a drill in my stomach i wouldn‚Äö√Ñ√¥t say I‚Äö√Ñ√¥m anti social I can talk to people but whenever we get semi close I feel like I‚Äö√Ñ√¥m always going to mess it up,1,"gag in my throat, drill in my stomach",can‚äö√ñ√¥t tell i‚äö√ñ√¥m really sad don‚äö√ñ√¥t want say depressed that‚äö√ñ√¥s really strong word i‚äö√ñ√¥m tired feeling empty inside feel like always gag throat drill stomach wouldn‚äö√ñ√¥t say i‚äö√ñ√¥m anti social talk people whenever get semi close feel like i‚äö√ñ√¥m always going mess,0.746777764782346,False
696,"Every single breath hurts my body, it‚Äö√Ñ√¥s like I‚Äö√Ñ√¥m struggling to breathe even though it‚Äö√Ñ√¥s basic instinct",1,Every single breath hurts my body,every single breath hurt body it‚äö√ñ√¥s like i‚äö√ñ√¥m struggling breathe even though it‚äö√ñ√¥s basic instinct,1.4339750822319084,False
697,"The stress, the boredom, anxiety, adhd, the feeling of not want to do anythinf at all",1,"anxiety, adhd, the boredom, the feeling of not want to do anythinf at all",stress boredom anxiety adhd feeling want anythinf,0.9221729361489772,False
698,"you all know that one word, the one that's frightening and unbearable to say or even type",1,frightening,know one word one 's frightening unbearable say even type,1.2069786859193374,False
699,"Over the years, I've been called lazy for wanting to lie in bed, a baby for breaking down and crying, and selfish for wanting any time to myself",1,"wanting to lie in bed, lazy",year 've called lazy wanting lie bed baby breaking cry selfish wanting time,1.120928385239365,False
700,I‚Äö√Ñ√¥m tired of this life I‚Äö√Ñ√¥m laying here in bed crying shutting my eyes as hard as I can hoping the darkness will erase my existence,4,crying shutting my eyes as hard,i‚äö√ñ√¥m tired life i‚äö√ñ√¥m laying bed cry shutting eye hard hoping darkness erase existence,1.830147949174958,False
701,"Now after doing some stuff for myself got a little back to my feet I still feel sad but what changed is when something bad that I don't deserve happens I get so mad, when someone wrongs me I want to punch the shit out of him, when someone gets something that I deserve I get so frustrated to the point of crying in front of everyone",1,get so frustrated to the point of crying in front of everyone,stuff got little back foot still feel sad changed something bad n't deserve happens get mad someone wrong want punch shit someone get something deserve get frustrated point cry front everyone,1.3258364720892817,False
702,"I'm sitting in my bed, unable to sleep, and hitting a burnt vape",1,sitting in my bed,'m sitting bed unable sleep hitting burnt vape,1.0015579133741597,False
703,"I‚Äö√Ñ√¥m feelin stressed, tired, sick, and sleepy all at the same time",1,tired,i‚äö√ñ√¥m feelin stressed tired sick sleepy time,0.7458942004797805,False
704,"Hit my head multiple times, cried, shouted",4,"cried, shouted",hit head multiple time cried shouted,1.3119772746330145,False
705,I‚Äö√Ñ√¥m honestly so lazy and not motivated to do anything and I could be doing everything I can to make my life better but it‚Äö√Ñ√¥s like I don‚Äö√Ñ√¥t want to it‚Äö√Ñ√¥s hard to explain but I‚Äö√Ñ√¥m depressed and hopeless,1,lazy and not motivated to do anything,i‚äö√ñ√¥m honestly lazy motivated anything could everything make life better it‚äö√ñ√¥s like don‚äö√ñ√¥t want it‚äö√ñ√¥s hard explain i‚äö√ñ√¥m depressed hopeless,0.8962596641938341,False
706,"Which is scarier than feeling depressed, because it was the emptiness that drove me to start self harming years ago and I desperately do not want to go back to that place",1,self harming,scarier feeling depressed emptiness drove start self harming year ago desperately want go back place,1.7442775674847233,False
707,I used to binge eat to fill the void or starve myself out of punishment or watch youtube vids to fill the void or got drunk to feel numb or sleep to escape,1,"starve myself out of punishment, got drunk to feel numb, sleep to escape",used binge eat fill void starve punishment watch youtube vids fill void got drunk feel numb sleep escape,1.4251997920005737,False
708,I'm also super lazy and procrastinate hardcore,1,super lazy,'m also super lazy procrastinate hardcore,1.1924123295764941,False
709,I'm sitting on the dark shaking,1,sitting on the dark,'m sitting dark shaking,1.786781285711118,False
710,My feet hurt I'm exhausted and just want to lay on the ground and hope for sleep,1,exhausted,foot hurt 'm exhausted want lay ground hope sleep,1.5235461968494808,False
711,I‚Äö√Ñ√¥m too tired to go on anymore,1,tired to go on,i‚äö√ñ√¥m tired go anymore,0.19739528263026399,False
712,Feel too tired even to play video games,1,tired,feel tired even play video game,1.6188590070618403,False
713,Just living right now is painful,1,living right now is painful,living right painful,0.8017079783925457,False
714,I can't talk about it with anyone I know and I'm so fucking sick of life,1,sick of life,ca n't talk anyone know 'm fucking sick life,0.2569184652616378,False
715,"So today at work i had a mental breakdown, i cant stop feeling so",1,mental breakdown,today work mental breakdown cant stop feeling,0.7719757810266192,False
716,sad! Suddenly my suicide thought keep pop up in my head and i keep falling apart,1,i keep falling apart,sad suddenly suicide thought keep pop head keep falling apart,1.275441780475019,False
717,I cry every night and feel so alone,4,"cry every night, feel so alone",cry every night feel alone,0.3289473629986143,False
718,"Everyday looks the same, I go to school, I work, I procrastinate, I stress, I cry, I sleep, I repeat",4,I cry,everyday look go school work procrastinate stress cry sleep repeat,1.0860421456560865,False
719,"I convinced myself not to die but I‚Äö√Ñ√¥ve never truly felt at peace, life for me is just exhausting attempts at constantly distracting myself from the depressive thoughts that I just can‚Äö√Ñ√¥t get rid off",1,life for me is just exhausting,convinced die i‚äö√ñ√¥ve never truly felt peace life exhausting attempt constantly distracting depressive thought can‚äö√ñ√¥t get rid,1.4958006606711474,False
720,I feel like it's okay to hurt myself,1,it's okay to hurt myself,feel like 's okay hurt,1.0792874370635799,False
721,"My eyes feel tired, I feel physically exhausted",1,physically exhausted,eye feel tired feel physically exhausted,0.8456294471521897,False
722,I sleep in my free periods at school and I sleep when I get home at 2:30pm,1,sleep in my free periods,sleep free period school sleep get home 2:30pm,0.917262713857486,False
723,I have so many voices yelling in my head wanting to come out I‚Äö√Ñ√¥m just stuttering when I trying and let them I feel insane,1,yelling in my head,many voice yelling head wanting come i‚äö√ñ√¥m stuttering trying let feel insane,1.5113593092634887,False
724,I literally am out of energy to give and everything is going to shit again,1,out of energy,literally energy give everything going shit,0.6178193774215293,False
725,My meds make me feel less and less like me every day and the void inside me is just getting bigger and bigger ever day,1,My meds make me feel,med make feel le le like every day void inside getting bigger bigger ever day,1.6210785966016323,False
726,"My go to during breakdowns has been clawing at my arms, some bad enough to leave scars",1,"clawing at my arms, leave scars",go breakdown clawing arm bad enough leave scar,1.2837906461719768,False
727,I‚Äö√Ñ√¥m so exhausted with life,1,exhausted with life,i‚äö√ñ√¥m exhausted life,0.6186111298986807,False
728,"She found me and grabbed me and I kept yelling ""god please help",1,grabbed me,found grabbed kept yelling `` god please help,1.5426167199513998,False
729,"5 more of them came, tackled, and beat me to shreds",1,beat me to shreds,5 came tackled beat shred,1.3263236732299235,False
730,"Poor, bald, fat, short, and alone",1,bald fat short,poor bald fat short alone,1.271860485855475,False
731,"This morning I heard my roommates and their friends taking about how awkward and ugly I am, laughing hysterically",1,ugly I am,morning heard roommate friend taking awkward ugly laughing hysterically,2.3776417001361443,True
732,"very ugly ,short,unproportionate body,weak eyesight,bad in studies and sports,",1,"ugly, short",ugly short unproportionate body weak eyesight bad study sport,1.6644818366655807,False
733,I tried a lot to talk to girls but they hate to even look at me because I am awfully ugly,1,awfully ugly,tried lot talk girl hate even look awfully ugly,0.4320576508042013,False
734,"The next day they called me ugly, fat, gross, slut and disgusting",1,ugly,next day called ugly fat gross slut disgusting,1.1228402654193828,False
735,"Trying, failing, and succeeding at coping",1,failing,trying failing succeeding coping,0.6084103511495144,False
736,"I'm pretty obese, and my roommate tells me that I need to lose weight",1,pretty obese,'m pretty obese roommate tell need lose weight,1.698977587308096,False
737,I feel like a failure in everything I do,1,feel like a failure,feel like failure everything,0.34199561389566824,False
738,i guess its good because my fat ass shouldnt eat this much,1,my fat ass shouldnt eat this much,guess good fat as shouldnt eat much,0.9315585795364353,False
739,"I get degraded by other men for not having had enough sex, not seeming masculine enough, and while I understand men are supposed to be strong, few people understand that men have feelings too",1,"not seeming masculine enough, degraded by other men",get degraded men enough sex seeming masculine enough understand men supposed strong people understand men feeling,1.094353688906688,False
740,I mean if I had a regular sized head and wasn't short I'd probably be modeling and getting paid for lookinggood and exotic,1,egular sized head and wasn't short I'd probably be modeling and getting paid for lookinggood,mean regular sized head n't short 'd probably modeling getting paid lookinggood exotic,1.2509674556875803,False
741,my bodybuilding genetics and frame are top tier but im just so small and top light,1,so small,bodybuilding genetics frame top tier im small top light,1.368360922862249,False
742,"Then, on the way to the pub, a group of girls basically called me unattractive",1,girls basically called me unattractive,way pub group girl basically called unattractive,0.8987037690629457,False
743,My friends were just bullies who abused my kindness and lack of courage,1,bullies who abused,friend bully abused kindness lack courage,2.1372872248671637,True
744,It sucks because a flaw about your personality can easily be fixed and I doubt it has a strong impact,1,flaw about your personality,suck flaw personality easily fixed doubt strong impact,2.2762808785796405,True
745,Being reminded constantly of body flaws is the worse in my opinion because that can just ruin someone completely,1,body flaws,reminded constantly body flaw worse opinion ruin someone completely,0.9742506145341132,False
746,"What sucks even more is that, you can be confident in your own skin and as soon as someone points out a flaw, that thought stays with you forever and will never escape your mind",1,points out a flaw,suck even confident skin soon someone point flaw thought stay forever never escape mind,1.938301031654718,True
747,I'm 14 and I've been depressed since my dad died when I was 11 I've never had friends I'm unattractive never even hugged a girl I've been bullied since the 4th grade and to top it off my will probably send me to a military school I don't know what to do,1,unattractive,'m 14 've depressed since dad died 11 've never friend 'm unattractive never even hugged girl 've bullied since 4th grade top probably send military school n't know,1.1587980002728613,False
748,"Some days I hate my body, and as much as I try to love it and do what's best for it-- my depression won't let me",1,hate my body,day hate body much try love 's best -- depression wo n't let,0.5151931735119445,False
749,"I‚Äö√Ñ√¥m unattractive, shit at speaking to girls",1,shit at speaking to girls,i‚äö√ñ√¥m unattractive shit speaking girl,0.4157691694144182,False
750,The voices start yelling ugly words at me digging at my festering wrists,1,The voices start yelling ugly words at me digging at my festering wrist,voice start yelling ugly word digging festering wrist,1.481632922827885,False
751,Does that make sense/is that normal? I was raped a few years ago but have never spoken to someone professional about it,1,raped,make sense/is normal raped year ago never spoken someone professional,1.356778402921041,False
752,"Back in school the only time I would get attention is if someone wants me to do something, or for bullying me",1,or for bullying me,back school time would get attention someone want something bullying,0.6592934184074092,False
753,To kill myself if im ugly?,1,ugly,kill im ugly,0.6083522565584674,False
754,"if only to prove to my children, cursed with these genetic tendencies of mine, that life is worth living",1,genetic tendencies,prove child cursed genetic tendency mine life worth living,1.2093751379904703,False
755,My scars and cynicism are just a little too hard for anyone who tries to stay around too long,1,scars,scar cynicism little hard anyone try stay around long,0.986350776600826,False
756,"I got slimmer, got more muscle, haircut and all",1,got slimmer,got slimmer got muscle haircut,1.0760600595185352,False
757,"Started cutting around 12, the same time I had my first flashback to the first time I was raped",1,raped,started cutting around 12 time first flashback first time raped,1.0969388454600817,False
758,I just need to find the right meds,1,meds,need find right med,0.3825626734841006,False
759,"I'm a pathetic, disgusting excuse for a person and nobody, not even me can stand being around me",1,pathetic,'m pathetic disgusting excuse person nobody even stand around,1.95526096097317,True
760,I can‚Äö√Ñ√¥t believe how fucking dumb I am,1,dumb,can‚äö√ñ√¥t believe fucking dumb,0.6110333229996319,False
761,I was molested when I was younger which definitely doesn‚Äö√Ñ√¥t help but honestly I just wanna kill myself cause of my current situation,1,molested,molested younger definitely doesn‚äö√ñ√¥t help honestly wan na kill cause current situation,2.2289039237054267,True
762,"Even before then, all I can ever remember knowing was abuse",1,abuse,even ever remember knowing abuse,1.015866926002056,False
763,"I can't do anything right at all, I'm ugly, I'm talentless",1,ugly,ca n't anything right 'm ugly 'm talentless,0.41669080126754215,False
764,"It beats me down, demanding more than I could ever give",1,beats me down,beat demanding could ever give,1.5852356259992166,False
765,I‚Äö√Ñ√¥m too ugly,1,ugly,i‚äö√ñ√¥m ugly,0.4308957830774852,False
766,I‚Äö√Ñ√¥m too dumb,1,dumb,i‚äö√ñ√¥m dumb,0.5369404335081979,False
767,A fucking stain,1,stain,fucking stain,0.29517278083764825,False
768,empty and alone man i just want someone to love me dude but im ugly and fat and worthless and no one is ever going to see im worth the chance,1,"ugly, fat, worthless",empty alone man want someone love dude im ugly fat worthless one ever going see im worth chance,0.9604648578370036,False
769,I wish I was more charismatic and not weird around strangers and I wish I wasn‚Äö√Ñ√¥t so nice,1,more charismatic,wish charismatic weird around stranger wish wasn‚äö√ñ√¥t nice,1.308525513040225,False
770,Deep down maybe it is just a series of self inflicted devilish mistakes in manipulation and childhood traumas of sexual and psychological bias,1,manipulation and childhood traumas of sexual and psychological bias,deep maybe series self inflicted devilish mistake manipulation childhood trauma sexual psychological bias,1.5858481108275817,False
771,I hate myself so much It hurts I hate my body Life is suffering I feel deprresed and angry And there is person i hate so much i fucking hate him omgg,1,"hate my body, hate myself so much",hate much hurt hate body life suffering feel deprresed angry person hate much fucking hate omgg,0.3266444158143039,False
772,I was brutally raped for 2 months,1,brutally raped,brutally raped 2 month,0.3193369978035491,False
773,"I was bullied through out my school years, especially in high school",1,bullied through out my school years,bullied school year especially high school,0.8624918018470416,False
774,"I‚Äö√Ñ√¥m too lazy, too tired, can‚Äö√Ñ√¥t focus on anything or anyone other than myself",1,too tired,i‚äö√ñ√¥m lazy tired can‚äö√ñ√¥t focus anything anyone,0.7396759012397774,False
775,There was no physical evidence and so to press charges they need me to testify in court,1,no physical evidence,physical evidence press charge need testify court,0.6571554279045493,False
776,"Regardless of the verdict, I will have made my disgusting and horrible actions known to the public so history cannot repeat itself, and little girls will be safe from the predator who stole so much from me",1,predator who stole so much from me,regardless verdict made disgusting horrible action known public history repeat little girl safe predator stole much,2.1653997861870393,True
777,"That's all I really needed to say, just kind of sick of going all day without being so much as acknowledged by those around me",1,"kind of sick, acknowledged by those around me",'s really needed say kind sick going day without much acknowledged around,0.7546237912469028,False
778,"I'm revolting in the inside and the outside, the more I look at myself the more I want to tear my face off, I deserve to die like the horrid monster I am",1,tear my face off,'m revolting inside outside look want tear face deserve die like horrid monster,0.9586029240056557,False
779,He also verbally berates me and physically biass me,1,verbally berates me,also verbally berates physically bias,1.693750554798964,False
780,I have no money and due to my autism and physical disability‚Äö√Ñ√¥s I can‚Äö√Ñ√¥t work,1,autism and physical disability,money due autism physical disability‚äö√ñ√¥s can‚äö√ñ√¥t work,0.5577390176129442,False
781,"Im ugly , no one likes me im a loser and im just always sad and i cant do anything about it",1,"ugly, always sad",im ugly one like im loser im always sad cant anything,0.34290819093178143,False
782,I am a weak and small person that know one respects,1,am a weak and small person,weak small person know one respect,0.8928187215072625,False
783,I am treated like shit and abandon by society,1,am treated like shit,treated like shit abandon society,1.0904806586631515,False
784,"I'm at the point where I'm fine with accidents that can happen, where it be I'm driving and a truck speeds and hits me, riding on train and exploding, walking on the sidewalk and hoping a car would hit me or I get snatched and be killed, walking alone late at night and some thugs beat me up",1,get snatched,'m point 'm fine accident happen 'm driving truck speed hit riding train exploding walking sidewalk hoping car would hit get snatched killed walking alone late night thug beat,1.6805940266771389,False
785,I feel very ugly and I don't want to show my face,1,"feel very ugly, don't want to show my face",feel ugly n't want show face,0.6675339416448696,False
786,"What if my parents die? What do I do? I don't know, I feel hideously ugly",1,feel hideously ugly,parent die n't know feel hideously ugly,0.36335836522834297,False
787,I have no one I can talk to I couldn't even text the sucide hotline or contact a school counselor because my anxiety make me want to peel my skin off when I try,1,want to peel my skin off,one talk could n't even text sucide hotline contact school counselor anxiety make want peel skin try,2.205729079336603,True
788,I‚Äö√Ñ√¥m now in 11th grade and school has never been worse I‚Äö√Ñ√¥ve already had 2 pretty serious breakdowns and I‚Äö√Ñ√¥m only 6 weeks in,2,school has never been worse,i‚äö√ñ√¥m 11th grade school never worse i‚äö√ñ√¥ve already 2 pretty serious breakdown i‚äö√ñ√¥m 6 week,0.5234609941476984,False
789,What I can't get passed is being useless and having no skill whatsoever,2,can't get passed is being useless and having no skill,ca n't get passed useless skill whatsoever,1.8123834787854713,False
790,I'm sick of failing in life again and again and again I'm sick of people calling me crazy I'm sick of being treated like crap I'm sick of life,2,sick of failing in life,'m sick failing life 'm sick people calling crazy 'm sick treated like crap 'm sick life,0.8711599857059734,False
791,)All we do is go to school to get a career we don‚Äö√Ñ√¥t like and work to pay bills,2,work to pay bills,go school get career don‚äö√ñ√¥t like work pay bill,0.7712079590375651,False
792,) College just makes me very depressed I feel like I can‚Äö√Ñ√¥t succeed in anything and that I‚Äö√Ñ√¥m wasting money,2,wasting money,college make depressed feel like can‚äö√ñ√¥t succeed anything i‚äö√ñ√¥m wasting money,0.7162827386462948,False
793,I wasn't able to go to school today because it was really hard to get out of my bed,2,wasn't able to go to school,n't able go school today really hard get bed,0.43129284991037137,False
794,"The poor will not make it in this country, suicide rates are already rising and have been for the past 20 years",2,poor will not make it in this country,poor make country suicide rate already rising past 20 year,0.9003122693859272,False
795,"I'm exhausted the whole time, and it's hard to concentrate, but I can do it",2,hard to concentrate,'m exhausted whole time 's hard concentrate,0.6087966152513964,False
796,"Instead of dealing with reality and building my life in my country, I just lie on my bed doing nothing for years/months with no job, education or even goals",2,no job,instead dealing reality building life country lie bed nothing years/months job education even goal,1.906415967425552,True
797,I failed two courses last semester,2,I failed two courses last semester,failed two course last semester,0.9733026631024656,False
798,"I start college in two weeks, and now I won't have a paycheck coming every week, but I can't bring myself to care all that much",2,now I won't have a paycheck coming every week,start college two week wo n't paycheck coming every week ca n't bring care much,0.7873899337066823,False
799,My job sucks my college degree is useless around here I live an hour from my nearest friend,2,job sucks,job suck college degree useless around live hour nearest friend,0.6534085655469495,False
800,Earlier this year my uncle was looking for someone to work for him,2,my uncle was looking for someone to work for him,earlier year uncle looking someone work,1.385193916295218,False
801,I'm still very sick from losing my job a day after Xmas as I mentioned in my last post I feel really pathetic and more jealous of my brother in law yes I got problems but I just want everything he has but now I don't have any no income idk what to do with my life now so have a happy mother fucking new year,2,"very sick from losing my job, no income",'m still sick losing job day xmas mentioned last post feel really pathetic jealous brother law yes got problem want everything n't income idk life happy mother fucking new year,1.6660329031254615,False
802,"the same place, the same motherfucking job, no gf, not enough cash, the worst thing which is i left my studies, oh, and the same bullshit everyone tells me: Everything will be fine, it's just a bad day, at least you have good health (i wish",2,"same motherfucking job, not enough cash, no gf",place motherfucking job gf enough cash worst thing left study oh bullshit everyone tell everything fine 's bad day least good health wish,1.1132019741299106,False
803,I haven't been earning income from welfare since November so I'm really quite poor,2,haven't been earning income,n't earning income welfare since november 'm really quite poor,1.8681157139260054,True
804,"And because Im depressed, I cant focus on my work",2,cant focus on my work,im depressed cant focus work,0.6648593481960609,False
805,"Not many years later, they have jobs, girlfriends, confidence, their own homes, and even traveling",2,"they have jobs, their own homes, girlfriends",many year later job girlfriend confidence home even traveling,1.1636777426311076,False
806,"I took it because what other choice did I have? My professor knows I work two jobs, commute an hour to school everyday and an hour home, and suffer from bipolar disorder, depression, and anxiety",2,"work two jobs, commute an hour to school everyday",took choice professor know work two job commute hour school everyday hour home suffer bipolar disorder depression anxiety,0.8643931449144471,False
807,I got incredibly depressed around March and suffered a breakdown and dropped out of school,2,dropped out of school,got incredibly depressed around march suffered breakdown dropped school,1.5423930833384267,False
808,"Now what? Days are a fucking blur and all I'm thinking about is the next time I'll be suffering, whether it be dealing with terrible bosses at an underpaid, over stressful job, dealing with angry people, or worrying about not doing the shit I should be",2,"terrible bosses, underpaid, over stressful job",day fucking blur 'm thinking next time 'll suffering whether dealing terrible boss underpaid stressful job dealing angry people worrying shit,0.8246254745476733,False
809,"Essentially, I can't accomplish anything unless it pertains to a greater purpose than simply enjoyment, or if I have made myself accountable to someone else, and even then I have trouble finishing tasks",2,trouble finishing tasks,essentially ca n't accomplish anything unless pertains greater purpose simply enjoyment made accountable someone else even trouble finishing task,2.754336314450449,True
810,"Could I have some advice, please? I am saddest about my lack of curiosity",2,lack of curiosity,could advice please saddest lack curiosity,1.0468056732861768,False
811,"The fall semester was one of the worst experiences of my life, and I barely passed my four classes",2,"fall semester was one of the worst experiences of my life, barely passed",fall semester one worst experience life barely passed four class,1.1705025042783275,False
812,I never failed but just passed with minimum grades,2,never failed,never failed passed minimum grade,0.9313559476756242,False
813,I only get myself to study before exams by 2-3 hours when I panicking like hell and keep hitting myself,2,study before exams,get study exam 2-3 hour panicking like hell keep hitting,0.8604186624531412,False
814,"I blame weed for all my troubles, losing my job and my ex, having no savings",2,"losing my job and my ex, having no savings",blame weed trouble losing job ex saving,1.3000103150481082,False
815,"I am a male and am 16 years old, I took biology, chemistry, maths and philosophy for my A levels, and I don't know what to do",2,took biology,male 16 year old took biology chemistry math philosophy level n't know,1.8307395938672806,False
816,"I had in mind that I would become a doctor, but then I read, that they have to mostly spend weekends working and work overtime",2,spend weekends working,mind would become doctor read mostly spend weekend working work overtime,0.9920872930817418,False
817,does anyone here know any way a freshman can get a job in california,2,freshman can get a job,anyone know way freshman get job california,1.6498340722674092,False
818,I dropped out of one of the best colleges in the country last semester because I had no motivation and couldn't focus on schoolwork for the life of me,2,"dropped out of one of the best college, no motivation",dropped one best college country last semester motivation could n't focus schoolwork life,1.0762805616134616,False
819,god im so fucking disappointed in my inability to draw decently or good at all,2,disappointed in my inability to draw decently or good at all,god im fucking disappointed inability draw decently good,0.9758876767455608,False
820,"I'm smart, I haven't taken the SAT yet but my PSAT score was 1300, I do well on tests, A average, but I am failing 2 classes this year because I dont do my homework",2,"A average, failing 2 classes this year",'m smart n't taken sat yet psat score 1300 well test average failing 2 class year dont homework,1.3212732089774053,False
821,Just got back the results after retaking a test and scored another F,2,scored another F,got back result retaking test scored another f,1.3525697188469796,False
822,"I'm not very smart and I have to take English 48 in the community college I go to since I failed Freshman English twice, had to retake Sophomore English and struggled through all my other English classes",2,not very smart,'m smart take english 48 community college go since failed freshman english twice retake sophomore english struggled english class,2.977523728104258,True
823,"The context of my problem is that I'll be looking for an internship in April of this year (my very first job), and I'm unsure if I can match up to the competition and impress a potential employer",2,unsure,context problem 'll looking internship april year first job 'm unsure match competition impress potential employer,0.4114891792282349,False
824,I recently (6 months ago) finally got a job after over a year of unemployment but im working huge hours and 6 days a week,2,working huge hours,recently 6 month ago finally got job year unemployment im working huge hour 6 day week,0.9125049246039334,False
825,"Not only that, its a stressful job too",2,stressful job,stressful job,0.1948447885479641,False
826,com/r/depression/comments/5jquj6/i_failed_another_college_class_and_i_dont_know/ But basically I am 23 years old and a computer science major and I have recently just failed another semester of college and told my mother about it,2,failed another semester,com/r/depression/comments/5jquj6/i_failed_another_college_class_and_i_dont_know/ basically 23 year old computer science major recently failed another semester college told mother,1.3288247574477858,False
827,Sometimes I feel motivated in the morning to improve my life and that I would build up on my resume by trying to learn a new programming language or by working on an app or some coding project I can put on my portfolio but whenever I get stuck I end up losing my will to continue and go back to having my existential crisis,2,existential crisis,sometimes feel motivated morning improve life would build resume trying learn new programming language working app coding project put portfolio whenever get stuck end losing continue go back existential crisis,1.8442377422426235,False
828,"I've had literal months to finish these two assignments for college (UK college, I'm 17, doing a fashion design course) and I've barely started due to a mixture of depressed feelings and fear of getting the work wrong and being thought of as an idiot",2,fear of getting the work wrong,'ve literal month finish two assignment college uk college 'm 17 fashion design course 've barely started due mixture depressed feeling fear getting work wrong thought idiot,0.9279406725983081,False
829,"Does anyone else have an issue of your depression turning you towards bad habit and behaviors that prohibit growth healing and success? I feel like every few months I have an episode and I act out, I start being late for work or calling in more, feeling like they won't fire me or if they do who cares I can get other jobs",2,being late for work,anyone else issue depression turning towards bad habit behavior prohibit growth healing success feel like every month episode act start late work calling feeling like wo n't fire care get job,1.1013702052547076,False
830,My dream is to be a professional singer or actor,2,dream is to be a professional singer,dream professional singer actor,1.8050713463826986,False
831,"Yet, long before that (Perhaps for the past 2 or 3 years), I've been really declining, just barely passing my classes and even failing calculus twice",2,"just barely passing my classes, failing calculus twice",yet long perhaps past 2 3 year 've really declining barely passing class even failing calculus twice,1.8752847486929183,True
832,"I‚Äö√Ñ√¥m currently getting a marketing degree, but I‚Äö√Ñ√¥m honestly not too sure what I will do with it",2,marketing degree,i‚äö√ñ√¥m currently getting marketing degree i‚äö√ñ√¥m honestly sure,0.7860868158184658,False
833,I‚Äö√Ñ√¥m 22 now and I‚Äö√Ñ√¥ve been kicked out of two universities,2,kicked out of two universities,i‚äö√ñ√¥m 22 i‚äö√ñ√¥ve kicked two university,1.286272591088151,False
834,"Everything that I tried, I failed",2,failed,everything tried failed,0.5399407823208446,False
835,"I've got fired from my part-time job, what kind of bastards firing his own staff on the end of a year? Now I'm a poor-sobbing girl who has no money, no future, haven't got any decent jobs, even got no friends and never beloved by my fucking family",2,"got fired from my part-time job, poor, no friends, fucking family",'ve got fired part-time job kind bastard firing staff end year 'm poor-sobbing girl money future n't got decent job even got friend never beloved fucking family,0.7738669781268521,False
836,About people about things about university and assignments,2,university and assignments,people thing university assignment,0.5933572376820178,False
837,"i had some old roomates that i thought were friends that screwed me out of alot of money and stiffed me with a ton of dept and i managed to get an ok job and blew it somehow, got let go the month before i woulda been able to make any real change toward looming bills and collection calls",2,alot of money,old roomates thought friend screwed alot money stiffed ton dept managed get ok job blew somehow got let go month woulda able make real change toward looming bill collection call,1.340441891578382,False
838,"with no income i cant afford medication or the ambulance bill and someone smashes into my car (im ok) but why now! i finally get unemployment insurance and it only barely covers rent, guess food is optional",2,"no income, unemployment, the ambulance bill",income cant afford medication ambulance bill someone smash car im ok finally get unemployment insurance barely cover rent guess food optional,1.833323034052879,False
839,Everyday I feel miserable about my family being poor,2,Being poor sucks,everyday feel miserable family poor,0.633365786611943,False
840,I feel ashamed everyday because of our poverty,2,poverty,feel ashamed everyday poverty,1.4533050279542736,False
841,I'm tore between wanting to do things &amp; not wanting to do them at the same time,2,wanting to do things,'m tore wanting thing amp wanting time,0.8777462043419495,False
842,I couldn't meet the deadlines,2,couldn't meet the deadlines,could n't meet deadline,2.0758760483966023,True
843,I can't revise,2,can't revise,ca n't revise,0.18919472624069997,False
844,It was a mistake to try and go to university,2,as a mistake to try and go to university,mistake try go university,0.9717128842421217,False
845,I'm going to fail these exams,2,fail these exams,'m going fail exam,1.1246684111356602,False
846,I‚Äö√Ñ√¥m a 3rd (final) year law student in the middle of tons of essays due in 10 days and it‚Äö√Ñ√¥s making me unbearably sad and lonely,2,3rd (final) year law student in the middle of tons of essays due,i‚äö√ñ√¥m 3rd final year law student middle ton essay due 10 day it‚äö√ñ√¥s making unbearably sad lonely,2.5411009728051606,True
847,"I have nothing to show for it, I'm at the same position i was last year, Same job, no SO, and still depressed",2,Same job,nothing show 'm position last year job still depressed,0.22759955613890423,False
848,But I might lose that because I'm getting kicked out of university and i have to convince them that I'm poor and I have a mental illness just to be spared,2,getting kicked out of university,might lose 'm getting kicked university convince 'm poor mental illness spared,1.3496942401243186,False
849,"I have a degree in Education, but it only took me my last semester to realize how I had made the biggest mistake of my life",2,degree in Education,degree education took last semester realize made biggest mistake life,1.6940228443512835,False
850,"When I was in my student teaching, I was teaching seniors (which was bad enough)- but then my mentor teacher bullied me and long story short- I absolutely don‚Äö√Ñ√¥t want to teach anymore",2,teacher bullied me,student teaching teaching senior bad enough mentor teacher bullied long story short- absolutely don‚äö√ñ√¥t want teach anymore,1.2638200869309673,False
851,"I'm tired of wage slavery, individualism, materialism but it's all we have today",2,wage slavery,'m tired wage slavery individualism materialism 's today,0.3878429069081088,False
852,"I remember the first time I ever had suicidal thoughts, it was 4 years ago and I was living away from home for university",2,living away from home for university,remember first time ever suicidal thought 4 year ago living away home university,0.5592513973072298,False
853,I got a good job delivering but quit it almost two weeks ago because I'm a bitch and was having an anxiety attack,2,good job delivering but quit it,got good job delivering quit almost two week ago 'm bitch anxiety attack,0.9131894252125339,False
854,My old roommates are holding some of my stuff hostage until I pay them a certain amount of money,2,certain amount of money,old roommate holding stuff hostage pay certain amount money,2.0841251516603188,True
855,"i‚Äö√Ñ√¥m 26, will turn 27 this coming year, and i live at home and don‚Äö√Ñ√¥t have a college degree",2,college degree,i‚äö√ñ√¥m 26 turn 27 coming year live home don‚äö√ñ√¥t college degree,0.7035484135357662,False
856,i have a part-time job and struggle to even get through 4 hour shifts,2,have a part-time job,part-time job struggle even get 4 hour shift,0.6886954091710682,False
857,Money is the root of most of my problems,2,Money is the root of most of my problems,money root problem,0.3815047301581953,False
858,I am currently working 3 jobs,2,currently working 3 jobs,currently working 3 job,0.766441859951844,False
859,My girl and I have been fighting financial struggle for about 7 months now,2,financial struggle,girl fighting financial struggle 7 month,1.6327013307161662,False
860,We are not going to have rent and our roomates are going to kick us out,2,not going to have rent,going rent roomates going kick u,1.648120403799036,False
861,"Failing at college because the lack of motivation/anxiety, but mainly because I can't force myself to do anything more than be there",2,Failing at college,failing college lack motivation/anxiety mainly ca n't force anything,1.419656983811102,False
862,"I have no money for a therapist, but I want to end all of this",2,no money,money therapist want end,0.5155430807777491,False
863,"Graduated from a shitty uni with shitty degree to a shitty job market so I've been jobless for the whole year, relatives makes fun of my unemployment, ended up obese from my dependency on food as an emotional comfort, contemplating suicide a few times from all this",2,"shitty degree, been jobless for the whole year, unemployment",graduated shitty uni shitty degree shitty job market 've jobless whole year relative make fun unemployment ended obese dependency food emotional comfort contemplating suicide time,1.2471566045425406,False
864,I graduated college this year and thought for sure by now id at least have a start date for a new career,2,graduated college this year,graduated college year thought sure id least start date new career,1.0126585698146193,False
865,"in fact, my temp job laid me off and before then they were cutting my hours",2,before then they were cutting my hours,fact temp job laid cutting hour,1.1085297699748997,False
866,So now im unemployed and have no hopes or a job atm,2,unemployed,im unemployed hope job atm,0.7727350339797464,False
867,"i don‚Äö√Ñ√¥t know a whole lot, haven‚Äö√Ñ√¥t even finished school",2,haven‚Äö√Ñ√¥t even finished school,don‚äö√ñ√¥t know whole lot haven‚äö√ñ√¥t even finished school,0.5795328818006167,False
868,I will just waste my parent‚Äö√Ñ√¥s money with college,2,waste my parent‚Äö√Ñ√¥s money with college,waste parent‚äö√ñ√¥s money college,0.7551379589931665,False
869,"I left my job 2 weeks ago, but no one has called me back about my resume",2,"left my job 2 weeks ago, but no one has called me back about my resume",left job 2 week ago one called back resume,0.5386680317776158,False
870,Get good grades (did really bad last semester since depression was just too bad),2,did really bad last semester,get good grade really bad last semester since depression bad,0.5411522545377254,False
871,I am so fucking depressed it‚Äö√Ñ√¥s like everybody around me gets their shit together everybody eventually seems to get what they want except from me I seem to lose everything that makes me happy I am 22 never had a girlfriend all I ever had gotten from a girl was a kiss and then she dumped me! I hate my life and I can‚Äö√Ñ√¥t find a job either to have my own apartment I live with my aunt and uncle and hate every second of it I wanna get out and I can‚Äö√Ñ√¥t afford it I don‚Äö√Ñ√¥t know what to do I don‚Äö√Ñ√¥t believe in miracles anymore!,2,can‚Äö√Ñ√¥t find a job,fucking depressed it‚äö√ñ√¥s like everybody around get shit together everybody eventually seems get want except seem lose everything make happy 22 never girlfriend ever gotten girl kiss dumped hate life can‚äö√ñ√¥t find job either apartment live aunt uncle hate every second wan na get can‚äö√ñ√¥t afford don‚äö√ñ√¥t know don‚äö√ñ√¥t believe miracle anymore,1.3374686270382703,False
872,I know it's the holidays and no one is hiring en masse yet,2,no one is hiring,know 's holiday one hiring en masse yet,0.9579408663847513,False
873,"I have to work New Years at my busy ass restaurant and half my staff call out, very thing that can go wrong at work is, my family and friends are all celebrating and enjoying themselves, and I know I might lose my manager position because I can‚Äö√Ñ√¥t get other my anxiety and stress",2,"go wrong at work is, lose my manager position",work new year busy as restaurant half staff call thing go wrong work family friend celebrating enjoying know might lose manager position can‚äö√ñ√¥t get anxiety stress,0.8932438834590339,False
874,"t with her at work at least but now I‚Äö√Ñ√¥m outside, crying my eyes out and wondering if I should just slit my wrist after work",2,should just slit my wrist after work,work least i‚äö√ñ√¥m outside cry eye wondering slit wrist work,1.2057292190464044,False
875,I've failed 3 of my classes,2,failed 3 of my classes,'ve failed 3 class,0.5651158221463819,False
876,"The thing is, my grades have gone from As to Ds and Fs",2,grades have gone from As to Ds and Fs,thing grade gone d f,0.5058296357560211,False
877,I keep asking for extensions but not fulfilling them,2,"asking for extensions, but not fulfilling them",keep asking extension fulfilling,0.005983329560710359,False
878,"2017 has been the worst years of my life, school is fuckinh hard, i ended a long relationship with my girlfriend, not being invited to any parties or hangouts and spending the majority of the year alone",2,school is fuckinh hard,2017 worst year life school fuckinh hard ended long relationship girlfriend invited party hangout spending majority year alone,1.2796408812900282,False
879,we humans work our asses off 24/7 for fucking jackshit,2,we humans work our asses off 24/7 for fucking jackshit,human work ass 24/7 fucking jackshit,0.9832175259235257,False
880,"excuse me for my profanity here but i‚Äö√Ñ√¥m being serious, what actually is the point of this torturous cycle called ‚Äö√Ñ√∫life‚Äö√Ñ√π? all i‚Äö√Ñ√¥m willing to do right now is jump off an overpass because i can‚Äö√Ñ√¥t do it all over again",2,torturous cycle,excuse profanity i‚äö√ñ√¥m serious actually point torturous cycle called ‚äö√ñ√∫life‚äö√ñ√π i‚äö√ñ√¥m willing right jump overpass can‚äö√ñ√¥t,1.3164081876050164,False
881,"Everybody‚Äö√Ñ√¥s busy living their lives while unemployed, depressed me can‚Äö√Ñ√¥t stop thinking of dying",2,unemployed,everybody‚äö√ñ√¥s busy living life unemployed depressed can‚äö√ñ√¥t stop thinking dying,1.754741816965233,False
882,I graduated in 2010 with high expectations from my folks,2,graduated,graduated 2010 high expectation folk,1.2391611437470074,False
883,"It's like this: when I can't leave my bed, when I'm crying all the time, when I'm constantly late to work, when I haven't showered in weeks, I can tell myself: these are very clear, objective signs of depression",2,constantly late to work,'s like ca n't leave bed 'm cry time 'm constantly late work n't showered week tell clear objective sign depression,1.1933114807978147,False
884,"I‚Äö√Ñ√¥ve made an annual 11,000 dollars for the past four years until I quit my job",2,quit my job,"i‚äö√ñ√¥ve made annual 11,000 dollar past four year quit job",1.1864791510727541,False
885,I dont really regret it because it was shitty retail slavery but holy shit I just want to be rich,2,shitty retail slavery,dont really regret shitty retail slavery holy shit want rich,0.9126689570968207,False
886,My job sucks,2,"job sucks, job sucks",job suck,0.5219504162741658,False
887,"The bosses are total unprofessional cunts, they are uncouth and rude, they yell at everyone",2,unprofessional,boss total unprofessional cunt uncouth rude yell everyone,1.4902064651082028,False
888,I work at a tv repair company,2,work at a tv repair company,work tv repair company,1.7624626553103884,False
889,I need advice,2,need advice,need advice,0.9232796212249338,False
890,No dreams or goals,2,No dreams or goals,dream goal,1.5074858064577858,False
891,"/don't want to do anything, but I have to do work",2,to do work,/do n't want anything work,0.16520086469131443,False
892,"I‚Äö√Ñ√¥ve always had depression, and it‚Äö√Ñ√¥s gotten really bad this year",2,really bad,i‚äö√ñ√¥ve always depression it‚äö√ñ√¥s gotten really bad year,0.39074904269289423,False
893,"It‚Äö√Ñ√¥s affecting every aspect of my life, I‚Äö√Ñ√¥ve pushed most of my friends away, barely been talking to my family, my finances are a mess, and worst of all, my performance at work has gotten really bad",2,finances,it‚äö√ñ√¥s affecting every aspect life i‚äö√ñ√¥ve pushed friend away barely talking family finance mess worst performance work gotten really bad,1.0916250301507162,False
894,"My boss is very hands off, so no one knew how behind I had gotten, what a mess I‚Äö√Ñ√¥d made of my work",2,boss is very hands off,bos hand one knew behind gotten mess i‚äö√ñ√¥d made work,1.128506203331841,False
895,"Let them know that it‚Äö√Ñ√¥s not just my work that has suffered, but my finances, soicial life, family life, health, everything",2,finances,let know it‚äö√ñ√¥s work suffered finance soicial life family life health everything,0.8290943067426012,False
896,Specially job-wise,2,job-wise,specially job-wise,0.1948447885479641,False
897,"I don't have any kids, relationships to manage, projects or hobbies, and only about 20 hours of work a week",2,20 hours of work a week,n't kid relationship manage project hobby 20 hour work week,1.318535580755733,False
898,"I made a mistake in choosing my current course, I've wasted 4-5 years in it, I realised 2 years ago that my real interests lay elsewhere, but it cost my family a lot to get me into this course",2,made a mistake in choosing my current course,made mistake choosing current course 've wasted 4-5 year realised 2 year ago real interest lay elsewhere cost family lot get course,1.162714650123719,False
899,its been hard financially out here even working 2 jobs,2,"been hard financially, working 2 jobs",hard financially even working 2 job,0.5251522750018623,False
900,rents due and i have exactly enough to cover it but still need to pay my other bills which ill have no money for and wont have shit for money when i fly out,2,"other bills, no money",rent due exactly enough cover still need pay bill ill money wont shit money fly,1.7081076822771013,False
901,"Got that job, didn‚Äö√Ñ√¥t fuck up that date, realized how important grades were, wasn‚Äö√Ñ√¥t addicted to porn, didn‚Äö√Ñ√¥t drive everyone away",2,grades,got job didn‚äö√ñ√¥t fuck date realized important grade wasn‚äö√ñ√¥t addicted porn didn‚äö√ñ√¥t drive everyone away,1.517232245416385,False
902,I just left a happy but low paid job which I excelled at for one with better money and better prospects,2,low paid job,left happy low paid job excelled one better money better prospect,0.8088392865091855,False
903,Doing school work increases my appeal for suicide but i really am trying to push through this,2,Doing school work increases my appeal for suicide,school work increase appeal suicide really trying push,0.7702509756029837,False
904,"I‚Äö√Ñ√¥ve mentioned it a couple times on here lately, but my depression has been ruining most parts of my life, including job performance",2,job performance,i‚äö√ñ√¥ve mentioned couple time lately depression ruining part life including job performance,2.3293978693454997,True
905,I‚Äö√Ñ√¥ve got a meeting in the morning with my bosses about my poor performance and I think I‚Äö√Ñ√¥ll be fired,2,be fired,i‚äö√ñ√¥ve got meeting morning boss poor performance think i‚äö√ñ√¥ll fired,1.0758258331311987,False
906,"I have to admit I broke down a bit, had trouble getting sentences out, but I tried my best to explain how depression was affecting me and my job performance",2,job performance,admit broke bit trouble getting sentence tried best explain depression affecting job performance,1.6960714629094098,False
907,"They were very kind and understanding, but still said I need to either resign or they will have to start the termination process",2,"start the termination process, resign",kind understanding still said need either resign start termination process,1.1798367160948724,False
908,I recently changed out of a job I loved because of bad management,2,"out of a job, bad management",recently changed job loved bad management,1.0885081624362063,False
909,ive attempted suicide 6 times in the space of (almost) 2 years because of school,2,because of school,ive attempted suicide 6 time space almost 2 year school,1.0165775543664832,False
910,"I‚Äö√Ñ√¥ve been working on my 3rd year uni law essays every day for over a month, sitting at the same desk reading the same words writing the same thing on the same screen",2,"3rd year uni law, work",i‚äö√ñ√¥ve working 3rd year uni law essay every day month sitting desk reading word writing thing screen,2.237731444061094,True
911,"I wake up, work, go to bed",2,"work, go to bed",wake work go bed,0.6127579904076171,False
912,"I‚Äö√Ñ√¥ve been having panic attacks every day, feeling depressed all the time because I feel like no matter how hard I try, I‚Äö√Ñ√¥m going to fail and disappoint everyone, I‚Äö√Ñ√¥ll never get a good job and people will think I‚Äö√Ñ√¥m a layabout",2,fail,i‚äö√ñ√¥ve panic attack every day feeling depressed time feel like matter hard try i‚äö√ñ√¥m going fail disappoint everyone i‚äö√ñ√¥ll never get good job people think i‚äö√ñ√¥m layabout,0.39518941780244365,False
913,"The essays are awful, no matter what I do to try and improve them, they‚Äö√Ñ√¥re just bad, I think I‚Äö√Ñ√¥m going to fail this year and it will be a waste of thousands of pounds and 3 years of my life",2,fail,essay awful matter try improve they‚äö√ñ√¥re bad think i‚äö√ñ√¥m going fail year waste thousand pound 3 year life,1.5646084750420797,False
914,I dropped out of collage after the first semester and now I just work to keep myself afloat mentally,2,dropped out of collage,dropped collage first semester work keep afloat mentally,1.3666962413574588,False
915,"My friends have always neglected and judged me, but there is nowhere else to go, and in a high school environment, I don‚Äö√Ñ√¥t want to be that ‚Äö√Ñ√≤lonely kid pretending he didn‚Äö√Ñ√¥t exist during recess‚Äö√Ñ√¥",2,high school,friend always neglected judged nowhere else go high school environment don‚äö√ñ√¥t want ‚äö√ñ√≤lonely kid pretending didn‚äö√ñ√¥t exist recess‚äö√ñ√¥,0.48810717023459965,False
916,"I don't have an appetite, even though I feel hungry all the time",2,don't have an appetite,n't appetite even though feel hungry time,0.12707854314318864,False
917,"I am stressed because student loans kick in this month ($515 a month), and I cannot afford to visit my family doctor because of $ I owe from previous visits",2,student loans,stressed student loan kick month 515 month afford visit family doctor owe previous visit,1.0279474417888184,False
918,I work at a pizza place and I am probably my bosses worst employee ever,2,"work at a pizza place, worst employee ever",work pizza place probably boss worst employee ever,0.7746629419065401,False
919,When I take the phone I mess up the order probably 50% of the time,2,mess up the order,take phone mess order probably 50 time,2.2414457391718834,True
920,I should do him a favor and quit cause its inevitable that ill get fired,2,get fired,favor quit cause inevitable ill get fired,1.7497505291024127,False
921,I've become so comfortable with failure that I can't even use the fear of it to motivate myself any more,2,comfortable with failure,'ve become comfortable failure ca n't even use fear motivate,1.2174258142279508,False
922,I'm so accustomed to procrastinating that it feels like success to only miss a deadline once,2,miss a deadline,'m accustomed procrastinating feel like success miss deadline,1.4746235049268503,False
923,I'm in 40k debt with a shit grade,2,40k debt,'m 40k debt shit grade,0.8485310127355252,False
924,"Financial shit is what got me out of the cheapest university that I could go into, and it's what's keeping me from even going to community at the moment",2,"Financial shit, out of the cheapest university",financial shit got cheapest university could go 's 's keeping even going community moment,1.678426596782711,False
925,"I have job experience and I'm not unemployed, thank god for that, but I'm just feeling depressed and reminiscing about my past and what I could've changed about it, although, there was little room for it",2,unemployed,job experience 'm unemployed thank god 'm feeling depressed reminiscing past could 've changed although little room,1.1209119056255155,False
926,Because of it my doctors have removed me from any school and I'm to tired to do most things,2,removed me from any school,doctor removed school 'm tired thing,0.4187605692399774,False
927,"Lately I've been panicking over the realization that I'm dumb as a brick, and I haven't achieved anything in my life",2,haven't achieved anything in my life,lately 've panicking realization 'm dumb brick n't achieved anything life,0.6809984340144274,False
928,My teen years were spent playing videogames,2,teen years were spent playing videogames,teen year spent playing videogames,2.7722706406875632,True
929,I have no career direction,2,have no career direction,career direction,0.9315567552242923,False
930,"When I was a kid I loved to write little short stories and draw random stuff, wherever my mind was inspired to go",2,loved to write,kid loved write little short story draw random stuff wherever mind inspired go,1.7053961733748666,False
931,Just a complete failure,2,complete failure,complete failure,0.593513866498815,False
932,this shit will never work because I won't let it WTF! deserve to die,2,will never work,shit never work wo n't let wtf deserve die,0.5621784206977481,False
933,"I'm graduating from college this year, and I'm not ready",2,graduating from college this year,'m graduating college year 'm ready,0.3079742111359275,False
934,"I study character technical direction at an art school, and my portfolio is not where it needs to be for job opportunities",2,"study character technical direction at an art school, portfolio is not where it needs to be for job opportunities",study character technical direction art school portfolio need job opportunity,0.5198913604640354,False
935,Feel like I‚Äö√Ñ√¥m under an immense amount of pressure lately and have a hard time finding my way out/seeing an end to it,2,"immense amount of pressure, hard time finding my way out",feel like i‚äö√ñ√¥m immense amount pressure lately hard time finding way out/seeing end,1.174820854955005,False
936,"I've stopped going to school, it just isnt worth it for me and doesnt make sense, now im gonna go into therapy but i dont think its gonna be that big a help, im only doing this for my family, if they were not there for me, id probably be drinking and fucking murdering out there until i'd finally die, this just sucks and i dont really know what to do anymore",2,stopped going to school,'ve stopped going school isnt worth doesnt make sense im gon na go therapy dont think gon na big help im family id probably drinking fucking murdering 'd finally die suck dont really know anymore,0.7896058355992629,False
937,I imagine myself progressively doing worse and worse things until I reach my rock bottom,2,progressively doing worse,imagine progressively worse worse thing reach rock bottom,1.0872157733811165,False
938,Hey I‚Äö√Ñ√¥ve been depressed for almost 3 years now and in the process of doing so I‚Äö√Ñ√¥ve failed almost all of my college classes and am being dismissed,2,"failed almost all of my college classes, being dismissed",hey i‚äö√ñ√¥ve depressed almost 3 year process i‚äö√ñ√¥ve failed almost college class dismissed,0.8804168625975738,False
939,My only saving grace as a human is that I still work full time,2,still work full time,saving grace human still work full time,1.4007854680890293,False
940,I hate my job,2,hate my job,hate job,0.1498806515543465,False
941,I just feel like a failure,2,failure,feel like failure,0.34199561389566824,False
942,"The timing couldn't be worse, as I'm about to start talking classes for my GED, which I will need to talk because I fucked up in high school by being lazy and not doing my homework",2,fucked up in high school,timing could n't worse 'm start talking class ged need talk fucked high school lazy homework,0.5820372062718212,False
943,"I'm also returning to school tomorrow, which I fucking hate",2,returning to school,'m also returning school tomorrow fucking hate,0.6111155138794457,False
944,I likely failed at least one of my exams,2,failed,likely failed least one exam,0.9254166317823754,False
945,"If I am, then my dream career is a bust",2,dream career is a bust,dream career bust,0.862954195944754,False
946,I moved a way for school and I had a hard time adjusting to this new life and making friends,2,school,moved way school hard time adjusting new life making friend,0.6316184957359046,False
947,"At school, Some students bullied and teased a lot",2,"At school, Some students bullied and teased",school student bullied teased lot,0.8376465352654946,False
948,So I‚Äö√Ñ√¥m in my 12 std I‚Äö√Ñ√¥m 17btw and I lost I‚Äö√Ñ√¥m my academic performance I barely know anything exams at March idk shit here I‚Äö√Ñ√¥m starting to learn the basic first chapter and there are 2 books for each subject Maths Chemistry Physics,2,barely know anything exams,i‚äö√ñ√¥m 12 std i‚äö√ñ√¥m 17btw lost i‚äö√ñ√¥m academic performance barely know anything exam march idk shit i‚äö√ñ√¥m starting learn basic first chapter 2 book subject math chemistry physic,1.4924154928840294,False
949,"To top it all off, I have no money and no food in the house",2,have no money and no food in the house,top money food house,1.148425998214929,False
950,But the main reason for my pain is money,2,main reason for my pain is money,main reason pain money,0.39023185406020316,False
951,How working full time @ 24 won't allow me to survive on my own,2,working full time @ 24 won't allow me to survive on my own,working full time 24 wo n't allow survive,1.005561788228888,False
952,"I can say i'm blessed, I'm 20 with no bills, free college tuition until i'm 25, and a full time 5 x 8 full benefit job",2,"no bills, free college tuition until i'm 25",say 'm blessed 'm 20 bill free college tuition 'm 25 full time 5 x 8 full benefit job,1.0196935418534596,False
953,I want a job to lower my depression,2,want a job to lower my depression,want job lower depression,0.19796309720889826,False
954,Has anyone else had to deal with depression and needing time off of work? Should I just explain to my manager exactly what is going on? He knows I get into depressive episodes like this and has been sympathetic before,2,"needing time off of work, Should I just explain to my manager exactly what is going on",anyone else deal depression needing time work explain manager exactly going know get depressive episode like sympathetic,1.795063894948264,False
955,I‚Äö√Ñ√¥ve posted a couple times on here the last week about how my depression has gotten a lot worse and it‚Äö√Ñ√¥s effected my job performance,2,effected my job performance,i‚äö√ñ√¥ve posted couple time last week depression gotten lot worse it‚äö√ñ√¥s effected job performance,1.3379623934350315,False
956,I had a meeting this morning at 8am to discuss it,2,had a meeting this morning at 8am to discuss it,meeting morning 8am discus,0.6383007613026865,False
957,"Well, they said I could either resign or they would start termination procedures",2,they said I could either resign or they would start termination procedures,well said could either resign would start termination procedure,0.5415004895369866,False
958,"Reporting in front of the class is always a nightmare, I always get very nervous and always forget the things i'm supposed to say",2,"Reporting in front of the class is always a nightmare, always get very nervous and always forget the things i'm supposed to say",reporting front class always nightmare always get nervous always forget thing 'm supposed say,2.2643661365863643,True
959,I'm not yet in college though but it feels like that i am already on the wrong track,2,not yet in college though but it feels like that i am already on the wrong track,'m yet college though feel like already wrong track,0.47493989374418694,False
960,I applied for other jobs and already got those rejection letters in the mail which only made me feel even worse,2,rejection letters,applied job already got rejection letter mail made feel even worse,0.2592017280682055,False
961,We had a 2 hour delay this morning in school and I came in with all my homework done but I still have to make it through swim practice and work,2,school,2 hour delay morning school came homework done still make swim practice work,0.5644218732326671,False
962,"I've almost failed 3 classes the past 3 school years, and I'm on the brink of failing another one",2,failed 3 classes the past 3 school years,'ve almost failed 3 class past 3 school year 'm brink failing another one,0.509559259847649,False
963,I can't afford a college education,2,can't afford a college education,ca n't afford college education,1.4053494886368927,False
964,"There's no point I'm not smart or anything, my health insurance went up like crazy this year, I spend 90% of my incoming trying to keep up with debt",2,spend 90% of my incoming trying to keep up with debt,'s point 'm smart anything health insurance went like crazy year spend 90 incoming trying keep debt,1.2910925663305277,False
965,Why do some people have more money than they will ever spend in two lifetimes while others can barely make ends meet? Life is not fair!! I have been employed in government service for 20 years and still struggle financially,2,have been employed in government service for 20 years and still struggle financially,people money ever spend two lifetime others barely make end meet life fair employed government service 20 year still struggle financially,0.9845530501692308,False
966,I wish I was in a financial place that would let me move out of Michigan,2,wish I was in a financial place,wish financial place would let move michigan,0.9573954904462544,False
967,I didn‚Äö√Ñ√¥t sleep very well last night and I returned to work after several days off and it has thoroughly and completely exhausted me,2,"returned to work after several days off, it has thoroughly and completely exhausted me",didn‚äö√ñ√¥t sleep well last night returned work several day thoroughly completely exhausted,0.6547508714512873,False
968,I graduated from a good US with a masters in mechanical engineering,2,masters in mechanical engineering,graduated good u master mechanical engineering,1.245083919859088,False
969,I watch a lot of my peers who cheated their way through grad school get jobs and a decent salary,2,"get jobs, a decent salary",watch lot peer cheated way grad school get job decent salary,1.770577553977808,False
970,"I'm supposed to study for a French test, but I can't concentrate for shit",2,supposed to study for a French test,'m supposed study french test ca n't concentrate shit,0.9554419389367493,False
971,It's amazing people find ways to kick others when they're down,2,ways to kick others,'s amazing people find way kick others 're,1.2248843182274618,False
972,"And normies have stupid advice like ""just kick them out of your life"" yeah I'll take homelessness over abuse right? Unemployed, no drive, constantly compared to ""successful"" people and you wonder why I have sucidial thoughts",2,Unemployed,normies stupid advice like `` kick life '' yeah 'll take homelessness abuse right unemployed drive constantly compared `` successful '' people wonder sucidial thought,1.9446905019967584,True
973,I‚Äö√Ñ√¥m starting college this year but I‚Äö√Ñ√¥ve been battling to go to college for years,2,been battling to go to college for years,i‚äö√ñ√¥m starting college year i‚äö√ñ√¥ve battling go college year,0.4342651932512512,False
974,My dreams and aspirations are becoming more clear and I‚Äö√Ñ√¥m able to see what I want to do,2,dreams and aspirations are becoming more clear,dream aspiration becoming clear i‚äö√ñ√¥m able see want,0.5605083309641924,False
975,"It wasn't terrible, but I don't really like the people I have to work wIth and I honestly don't even know if I can do the work",2,honestly don't even know if I can do the work,n't terrible n't really like people work honestly n't even know work,0.46239271550358013,False
976,I have determined that I‚Äö√Ñ√¥m just anxious about my return to college and maybe going through a career midlife crisis,2,"just anxious about my return to college, maybe going through a career midlife crisis",determined i‚äö√ñ√¥m anxious return college maybe going career midlife crisis,0.5716160724857458,False
977,I really wanted to join the national guard last year,2,really wanted to join the national guard last year,really wanted join national guard last year,1.745846563048721,False
978,"Now, I space out a lot in the middle of class, I just want to sleep all the time, and I don't work as hard as I used to",2,work as hard as I used to,space lot middle class want sleep time n't work hard used,1.0531209575820393,False
979,"&amp;nbsp; I have tried to ""finish"" it, but it's just too difficult",2,"have tried to ""finish"" it",amp nbsp tried `` finish '' 's difficult,1.612144517638145,False
980,Trying to finish the video just proves itself to be too much of a task,2,too much of a task,trying finish video prof much task,1.7142799562183353,False
981,"I dont want to go to school,but i also dont want to miss the lessons",2,"dont want to go to school, but i also dont want to miss the lessons",dont want go school also dont want miss lesson,0.37831331308550886,False
982,I've never had a job for more than a year,2,never had a job for more than a year,'ve never job year,0.16927188525212053,False
983,I am embarrassingly behind in my bills,2,embarrassingly behind in my bills,embarrassingly behind bill,0.005983329560710359,False
984,"Yesterday, I just needed one break from work, first time to ever do that and was told I needed to ‚Äö√Ñ√∫toughen up‚Äö√Ñ√π",2,just needed one break from work,yesterday needed one break work first time ever told needed ‚äö√ñ√∫toughen up‚äö√ñ√π,1.249068216549337,False
985,"I can't keep myself frantically busy all day obviously, but the moment I stop my brain takes off into bad territory and digs up bad stuff",2,can't keep myself frantically busy all day,ca n't keep frantically busy day obviously moment stop brain take bad territory dig bad stuff,0.970344682846944,False
986,I was never meant to do anything but work a dead end job living paycheck to paycheck,2,work a dead end job living paycheck to paycheck,never meant anything work dead end job living paycheck paycheck,0.6147949023957049,False
987,"Back to group work, trying to make acquaintances, perform my best",2,perform my best,back group work trying make acquaintance perform best,1.372409607079169,False
988,"I don't work, I've quit college right after joining ( this past fall ) and I very rarely get out of the house",2,"I don't work, I've quit college right after joining",n't work 've quit college right joining past fall rarely get house,1.3636295972014516,False
989,"I fucked up, and now i can't go back to college, don't have the money or the grades",2,"can't go back to college, don't have the money or the grades",fucked ca n't go back college n't money grade,0.5237797151118118,False
990,It's my first job interview since I got fired from my old job and checked into a mental institution/rehab February 2017,2,I got fired from my old job and checked into a mental institution/rehab,'s first job interview since got fired old job checked mental institution/rehab february 2017,1.248584371290024,False
991,I want to get a job that is enjoyable but I don't know what to do beside accounting and I don't really find accounting that fun or have any passion towards it,2,don't really find accounting that fun or have any passion towards it,want get job enjoyable n't know beside accounting n't really find accounting fun passion towards,1.1482862934683769,False
992,"I've sunk 80k into my current career path, for a total of 120k in loans",2,for a total of 120k in loans,'ve sunk 80k current career path total 120k loan,1.5741200395877741,False
993,I have one semester left to complete and I should be looking forward to it but I'm dreading it instead,2,one semester left to complete,one semester left complete looking forward 'm dreading instead,0.9778192928548992,False
994,I have work deadlines and shit I should have done over the holidays,2,have work deadlines,work deadline shit done holiday,1.2912871487697548,False
995,I don't have any savings and I can barely pay my bills every month,2,don't have any savings,n't saving barely pay bill every month,1.4710136590578955,False
996,Does anyone have advice for finding and sticking to hobbies,2,finding and sticking to hobbies,anyone advice finding sticking hobby,1.7353633085814801,False
997,I need to work so I earn income,2,earn income,need work earn income,1.2473986781601356,False
998,My question is about whether it would be wise to go to University despite suffering with this condition and not knowing when or if it will get better,2,would be wise to go to University,question whether would wise go university despite suffering condition knowing get better,1.6800051708229962,False
999,"You always see people on reddit saying people should join a club or something, they say it so lightly, they don't have any idea what joining a sports team or something is like for someone who isn't normal",2,joining a sports team or something is like,always see people reddit saying people join club something say lightly n't idea joining sport team something like someone n't normal,2.1222251631598774,True
1000,"I can't fathom having the energy to work, go to school, take care of myself, dedicate time to friends, hygiene, cooking, cleaning, planning, and more all in one day, every day",2,go to school,ca n't fathom energy work go school take care dedicate time friend hygiene cooking cleaning planning one day every day,0.8007991823348861,False
1001,"However, as I entered my mid-20s and entered a serious relationship, I felt competing priorities and wanted to potentially pursue career paths that had more stability and less time away for things like touring",2,"wanted to potentially pursue career paths, serious relationship",however entered mid-20s entered serious relationship felt competing priority wanted potentially pursue career path stability le time away thing like touring,0.6190039986732195,False
1002,"For example, I assume that I'm going to suck at a job and never get promoted, so I don't try hard because I view the effort as futile",2,going to suck at a job and never get promoted,example assume 'm going suck job never get promoted n't try hard view effort futile,1.8082587019633,False
1003,"I'm really concerned if it is because I lie in bed too much or if it's something else? I have been out of school for a while but I'm thinking just like you gain muscle when you work out, I am losing muscle because I am not doing normal human functioning? This is making me worried",2,been out of school for a while,'m really concerned lie bed much 's something else school 'm thinking like gain muscle work losing muscle normal human functioning making worried,1.3234644375697269,False
1004,"Long story short,my family's in debt big time because of my big brother's college education,but he's staying at home unemployed even though he's 23",2,my family's in debt big time because of my big brother's college education,long story short family 's debt big time big brother 's college education 's staying home unemployed even though 's 23,1.3446916027189295,False
1005,"I'm 18 and I'm really lost at life, almost dropping out of high school due to the complete utter unmotivation to study whatever comes",2,almost dropping out of high school,'m 18 'm really lost life almost dropping high school due complete utter unmotivation study whatever come,0.8375016709888664,False
1006,Since it was my exams I just thought it was because of a fear of failing but even after receiving ok results I felt like utter shit in fact I felt like shit for at least 3 months after it,2,fear of failing,since exam thought fear failing even receiving ok result felt like utter shit fact felt like shit least 3 month,0.8954660549519138,False
1007,I can just tell I‚Äö√Ñ√¥m the loser of my school,2,loser of my school,tell i‚äö√ñ√¥m loser school,0.478649259159438,False
1008,At this point it is almost certain that i am going to get kicked out of college within a few month's so I'm planning on leaving on my own terms soon,2,going to get kicked out of college within a few month's,point almost certain going get kicked college within month 's 'm planning leaving term soon,1.4478320825340592,False
1009,"I'm currently underemployed as a sub teacher, but hardly do that",2,underemployed as a sub teacher,'m currently underemployed sub teacher hardly,1.8624660982635333,True
1010,I‚Äö√Ñ√¥ve recently become homeless do to losing my job,2,recently become homeless do to losing my job,i‚äö√ñ√¥ve recently become homeless losing job,0.7503374955705957,False
1011,"i'm a freshman in college and although i have good grades, i can't help but feel as though i'm going to be a failure in the future",2,failure in the future,'m freshman college although good grade ca n't help feel though 'm going failure future,1.009962087688331,False
1012,"My brothers build computer for a living, my sister is great at coding, my cousins are engineers, and I can barely get a mini drone to work",2,and I can barely get a mini drone to work,brother build computer living sister great coding cousin engineer barely get mini drone work,1.600414754238601,False
1013,"I lost my job last year, and I've been on unemployment",2,lost my job last year,lost job last year 've unemployment,1.4271372591044564,False
1014,"I go back to school tomorrow, I absolutely hate my school but it‚Äö√Ñ√¥s my last semester before I graduate out of high school",2,"go back to school tomorrow, I absolutely hate my school",go back school tomorrow absolutely hate school it‚äö√ñ√¥s last semester graduate high school,1.028293071655887,False
1015,I have exams in 4 days,2,have exams in 4 days,exam 4 day,0.9251829163891934,False
1016,"I haven't been studying at all this christmas, because every day I can't seem to motivate myself to do it",2,because every day I can't seem to motivate myself to do it,n't studying christmas every day ca n't seem motivate,2.320282952080462,True
1017,I hate waking up every morning for school,2,hate waking up every morning for school,hate waking every morning school,1.1506525901373759,False
1018,"I did well in high school, but ever since I got to college, my grades and my mental health have taken a dip",2,since I got to college,well high school ever since got college grade mental health taken dip,0.8004412266466663,False
1019,"I am studying something I realized now I dont want to study, and on top of that I have no idea what else to study",2,"I dont want to study, and on top of that I have no idea what else to study",studying something realized dont want study top idea else study,1.0980777039969758,False
1020,"Really have been struggling with everything lately, and I come into work today and my boss tells my I am no longer meeting expectations and fires me",2,"come into work today, my boss tells my I am no longer meeting expectations",really struggling everything lately come work today bos tell longer meeting expectation fire,0.9631502487672605,False
1021,"So I'm fucked because I can't afford any of my medications because I'm a poor American and thus don't have healthcare and can't afford medication, I don't have a car and there a no therapists near by me that I can walk to or ride the bus too",2,can't afford any of my medications because I'm a poor American and thus don't have healthcare,'m fucked ca n't afford medication 'm poor american thus n't healthcare ca n't afford medication n't car therapist near walk ride bus,1.569425504887236,False
1022,"I'm also semi-seriously making career / retirement plans, and thinking about the futures of my parents and niblings and sister and in-laws",2,also semi-seriously making career,'m also semi-seriously making career retirement plan thinking future parent niblings sister in-law,1.2093516937721764,False
1023,"On NYE, I downloaded a habit tracking app",2,habit tracking app,nye downloaded habit tracking app,1.7647481324053271,False
1024,I feel a great deal of stress with my work and having this heaped on top certainly doesn't help,2,feel a great deal of stress with my work,feel great deal stress work heaped top certainly n't help,0.8245387955686894,False
1025,"But because of the particular struggles I've had throughout my life combined with the crippling depression and anxiety I experience everyday, I can't think of a way to put my capabilities to good use",2,can't think of a way to put my capabilities to good use,particular struggle 've throughout life combined crippling depression anxiety experience everyday ca n't think way put capability good use,0.9185959292990924,False
1026,I failed my geometry class (i'm in 11th grade btw i should've taken it last year but that's a whole 'nother story,2,failed my geometry class (i'm in 11th grade btw i should've taken it last year,failed geometry class 'm 11th grade btw 've taken last year 's whole 'nother story,1.2363750012449963,False
1027,Plus I‚Äö√Ñ√¥m kicked out with no job and no school,2,m kicked out with no job and no school,plus i‚äö√ñ√¥m kicked job school,1.184237600877152,False
1028,I'm 23 *5 ft 7 * Receding hair * Gotten ugly (used to be very handsome and have women constantly flirt with me) * I got fired from my job * I've destroyed my brain through abusing internet/video games - can no longer think anymore,2,got fired from my job,'m 23 5 ft 7 receding hair gotten ugly used handsome woman constantly flirt got fired job 've destroyed brain abusing internet/video game longer think anymore,1.6508578585554732,False
1029,"* I've blown all my money on gambling and prostitutes * I have a terrible OCD/body dismorphia problem that makes me obsessed with working out / eating healthy (to the point that it is damaging my life + * This has made me lost the majority of my friends) * I've never had a gf * i'm also pretty bad socially, often quiet and shy (Social anxiety) I want to just kill myself Everyday I have thoughts saying just do it, do it, i want to die",2,blown all my money on gambling and prostitutes,'ve blown money gambling prostitute terrible ocd/body dismorphia problem make obsessed working eating healthy point damaging life made lost majority friend 've never gf 'm also pretty bad socially often quiet shy social anxiety want kill everyday thought saying want die,1.167428895572803,False
1030,"But my parents ? They have been home for about 2 months now, without a job, always nagging and yelling at me",2,without a job,parent home 2 month without job always nagging yelling,1.1392125535186712,False
1031,I don't want to get back to school yet,2,don't want to get back to school yet,n't want get back school yet,0.16838993202369912,False
1032,I have about a week until I'll be kicked out to find a job because my brother can't afford to have me and I've applied for liturally about 40 jobs and my cv is as solid as someone without experience can be,2,be kicked out to find a job,week 'll kicked find job brother ca n't afford 've applied liturally 40 job cv solid someone without experience,0.901260986368801,False
1033,I can't keep spending the majority of my fucking life miserable doing things I don't want to do this job is a hell hole,2,this job is a hell hole,ca n't keep spending majority fucking life miserable thing n't want job hell hole,0.7961754306524749,False
1034,"One class, an elective for my minor, completely took my by surprise",2,"One class, an elective for my minor",one class elective minor completely took surprise,0.771878204576898,False
1035,I have an essay that is due tomorrow and I haven't really started and I'm afraid I will lose power because I live in New England where the huge fuckin snowstorm is and I know my teacher will not take that as an excuse because he's a fucking asshole,2,have an essay that is due tomorrow,essay due tomorrow n't really started 'm afraid lose power live new england huge fuckin snowstorm know teacher take excuse 's fucking asshole,1.953424576651648,True
1036,I'm 24 and I can't just quit a good job because it feels horrible,2,can't just quit a good job,'m 24 ca n't quit good job feel horrible,0.8769680689364762,False
1037,I work part time and go to university full time,2,work part time and go to university full time,work part time go university full time,0.427095019479631,False
1038,I hate staying at University accommodation,2,hate staying at University accommodation,hate staying university accommodation,1.1564928557995773,False
1039,"why care about my health? health problems can cost money, and money problems can easily become an issue for my family and not just me",2,money problems can easily become an issue for my family and not just me,care health health problem cost money money problem easily become issue family,0.8413356692008369,False
1040,I‚Äö√Ñ√¥ve been dealing with depression for five years and I‚Äö√Ñ√¥m honestly sick of the crappy grades I get,2,honestly sick of the crappy grades,i‚äö√ñ√¥ve dealing depression five year i‚äö√ñ√¥m honestly sick crappy grade get,0.5233371456102044,False
1041,"Where I could be me and enjoy my usual stuff like music and anime, where I don't have to perform to get a decent salary, where I can just live",2,don't have to perform to get a decent salary,could enjoy usual stuff like music anime n't perform get decent salary live,2.1494770894329003,True
1042,"For the first time in my life, I failed a test",2,failed a test,first time life failed test,0.8013382719640088,False
1043,"Sitting in my dark room, listening to the depression playlist crumbling under my own expectations because I AGAIN underestimated how long this Uni work will need",2,AGAIN underestimated how long this Uni work will need,sitting dark room listening depression playlist crumbling expectation underestimated long uni work need,1.4361742538394864,False
1044,"Since I finished high school like 4 years ago my sleep is seriously fucked up, I just can't fall asleep before 5-6am and then it's extremely difficult to wake up and get out of bed before 3-6 p",2,finished high school like 4 years ago my sleep is seriously fucked up,since finished high school like 4 year ago sleep seriously fucked ca n't fall asleep 5-6am 's extremely difficult wake get bed 3-6 p,1.033179017074114,False
1045,"I was just fired from my job, literally half an hour ago",2,just fired from my job,fired job literally half hour ago,1.1433159213044108,False
1046,"I'm really struggling at college, I've gotten to the point where some days i just stay in bed all day and miss class",2,"really struggling at college, I've gotten to the point where some days i just stay in bed all day and miss class",'m really struggling college 've gotten point day stay bed day miss class,0.6292425978489601,False
1047,I'm insanely lonely I try to make friends by joining clubs and volunteering but that does not really seem to help,2,try to make friends by joining clubs and volunteering,'m insanely lonely try make friend joining club volunteering really seem help,1.1059081344766177,False
1048,I have to find a job but I have no car,2,have to find a job but I have no car,find job car,0.6657851888407312,False
1049,"I cannot do anything without screwing it up, I just got suspended from school",2,got suspended from school,anything without screwing got suspended school,0.22860539933529828,False
1050,Most of my adult life I can't seem to hold down a full time job,2,can't seem to hold down a full time job,adult life ca n't seem hold full time job,1.7431130641575685,False
1051,I can't seem to focus at all and i find it difficult staying in work,2,I can't seem to focus at all and i find it difficult staying in work,ca n't seem focus find difficult staying work,1.3903347495669731,False
1052,I can barely go to school because of how much I feel hated,2,can barely go to school because of how much I feel hated,barely go school much feel hated,0.9245693089129691,False
1053,"Back I highschool, I was pretty much the ""King of The Nerds"", as it were",2,highschool,back highschool pretty much `` king nerd '',1.2701286342700315,False
1054,My senior year of highschool was the year I grabbed life by the balls and made it my bitch,2,highschool,senior year highschool year grabbed life ball made bitch,1.3650355301097556,False
1055,"I can't hold a job, I can't drive",2,can't hold a job,ca n't hold job ca n't drive,1.1063210023657766,False
1056,I already switched course &amp; school ( Electrical Engineer to IT ),2,"already switched course &amp, school ( Electrical Engineer to IT )",already switched course amp school electrical engineer,0.9566207501006216,False
1057,I don‚Äö√Ñ√¥t like wasting my father‚Äö√Ñ√¥s money to nothing,2,don‚Äö√Ñ√¥t like wasting my father‚Äö√Ñ√¥s money to nothing,don‚äö√ñ√¥t like wasting father‚äö√ñ√¥s money nothing,0.9589057713919233,False
1058,Plus I'm unemployed,2,Plus I'm unemployed,plus 'm unemployed,1.6834034368273958,False
1059,I am constantly getting suspended from school,2,constantly getting suspended from school,constantly getting suspended school,0.37311774504659606,False
1060,"All my teachers can't teach for shit, the principle of my school hates me for laughing, my mom won't let me quit my piano lessons (which I'm losing motivation for and gives me anxiety), I'm having such a hard time socializing at church, I just feel like an idiot, I can't do anything right,",2,quit my piano lessons,teacher ca n't teach shit principle school hate laughing mom wo n't let quit piano lesson 'm losing motivation give anxiety 'm hard time socializing church feel like idiot ca n't anything right,1.0514495571523357,False
1061,"I'm being abused everyday at home, it's impossible to afford a personal room and my only chance to get out of here is doing very well in college but it's so hard",2,being abused everyday at home,'m abused everyday home 's impossible afford personal room chance get well college 's hard,1.5770714264980734,False
1062,"What can I do? Whatever is a good advice, the abuse and thw pressure of succeed are killing me, if quit college things will be worse for me at home",2,"if quit college things will be worse for me at home, the abuse and thw pressure of succeed are killing me",whatever good advice abuse thw pressure succeed killing quit college thing worse home,1.0713577131572214,False
1063,"Do I go back to school and try to get an actually useful degree in STEM, even though I fucking failed calculus twice the first time around? Do I pursue teaching at the high school level? Do I consider trade school? The military? I don't fucking know anymore",2,"get an actually useful degree in STEM, even though I fucking failed calculus twice the first time around",go back school try get actually useful degree stem even though fucking failed calculus twice first time around pursue teaching high school level consider trade school military n't fucking know anymore,1.1376550470956932,False
1064,My grades were shit because I barely studied,2,grades were shit because I barely studied,grade shit barely studied,0.5373291740764885,False
1065,"For years I had been telling myself that I would never be smart enough to get a scholarship, I would never go to university, I believed I would never succeed academically",2,"had been telling myself that I would never be smart enough to get a scholarship, I would never go to university",year telling would never smart enough get scholarship would never go university believed would never succeed academically,1.091265931609781,False
1066,Anyone else share similar sleeping patterns? Not to mention I have exams in two weeks which is brilliant,2,Not to mention I have exams in two weeks,anyone else share similar sleeping pattern mention exam two week brilliant,2.4479076323877287,True
1067,"Whatever I do, I'll just feel like a failure",2,failure,whatever 'll feel like failure,0.3479177315586149,False
1068,I always feel like a failure and a disappointment to anybody who is unlucky enough to know me,2,"failure, disappointment",always feel like failure disappointment anybody unlucky enough know,0.9756160073993052,False
1069,"I keep wasting money on stupid shit to try and do something (miniature wargaming, d&amp;d, etc",2,wasting money,keep wasting money stupid shit try something miniature wargaming amp etc,1.0487714100957386,False
1070,I had to drop out of grad school after getting straight failing grades,2,failing grades,drop grad school getting straight failing grade,1.0629047472450508,False
1071,I have thousands of dollars in medical debt associated with my mental illness and my only means of work is to take my clothes off and grind on strange men,2,medical debt,thousand dollar medical debt associated mental illness mean work take clothes grind strange men,1.0079464665687052,False
1072,If I'm not smart enough to get into grad school I don't want to live anymore anyways,2,not smart enough to get into grad school,'m smart enough get grad school n't want live anymore anyways,0.6986462228702851,False
1073,"I'm having burnouts right now trying to catch up with deadlines, practical stuffs and I can't do my own study sessions and on top of that I just found out that my aunt is dying (she's in stage 4 pancreatic cancer) and the doctors told us that they can't do anything anymore",2,"catch up with deadlines, practical stuffs, study sessions",'m burnouts right trying catch deadline practical stuff ca n't study session top found aunt dying 's stage 4 pancreatic cancer doctor told u ca n't anything anymore,1.459414266573334,False
1074,"Hi guys, Just wanted to know - do any of you have really awful/vivid nightmares when sleeping? I find mine have been getting worse and worse as my depression ebbs and flows: A lot of times they involve me being back in high school or college and forgetting classes to go to, or being in high school at age 30 while everyone else is in their teens",2,"back in high school, forgetting classes",hi guy wanted know really awful/vivid nightmare sleeping find mine getting worse worse depression ebb flow lot time involve back high school college forgetting class go high school age 30 everyone else teen,1.273707068893764,False
1075,I also dream about my job and stuff sometimes too,2,job,also dream job stuff sometimes,0.749013807436108,False
1076,"Fucking getting straight As for twelve years, spending your time working your ass off to exhaustion doing volunteering , dragging your body to SAT practice everyday for 9 hours a day, the fucking perfect essay and for what? I dont care anymore I‚Äö√Ñ√¥ve spent my entire life trying to be perfect which caused my depression in first place and where did it get me? I don‚Äö√Ñ√¥t care anymore, I‚Äö√Ñ√¥m not going to try anymore the only thing I wanna do is overdose and die alone in my room",2,SAT practice,fucking getting straight twelve year spending time working as exhaustion volunteering dragging body sat practice everyday 9 hour day fucking perfect essay dont care anymore i‚äö√ñ√¥ve spent entire life trying perfect caused depression first place get don‚äö√ñ√¥t care anymore i‚äö√ñ√¥m going try anymore thing wan na overdose die alone room,1.503970752918795,False
1077,Im literally not good at anything,2,not good at anything,im literally good anything,0.5341862845672184,False
1078,Im 19 and I still live off my parents money,2,live off my parents money,im 19 still live parent money,0.651259392215288,False
1079,I have no job,2,no job,job,0.1948447885479641,False
1080,I'm a 23 year old unemployed woman still living with my mom,2,unemployed woman,'m 23 year old unemployed woman still living mom,1.3145735044769475,False
1081,I gave up my job to go back to school full time after the birth of my youngest,2,gave up my job to go back to school full time,gave job go back school full time birth youngest,0.9384001751193249,False
1082,I am a senior in high school and have been miserable for as long as I can remember,2,senior in high school,senior high school miserable long remember,0.8599400844503347,False
1083,"I hate school, and I‚Äö√Ñ√¥m in an apprenticeship that my dad talked me into which I have never been into construction and now I know I absolutely hate it but my dad won‚Äö√Ñ√¥t let me quit",2,hate school,hate school i‚äö√ñ√¥m apprenticeship dad talked never construction know absolutely hate dad won‚äö√ñ√¥t let quit,0.7159481497603897,False
1084,""" What's the point? The only reason I won't take my life is because I don't want to leave my mom with my student loans but I just wish I could end it all",2,student loan,`` 's point reason wo n't take life n't want leave mom student loan wish could end,0.5805785286142677,False
1085,"I can‚Äö√Ñ√¥t do this anymore, after moving to 3 different high schools in my last year of school, two core classes of mine are failing grades (one 20 and one 55) and I don‚Äö√Ñ√¥t know what to do",2,failing grades,can‚äö√ñ√¥t anymore moving 3 different high school last year school two core class mine failing grade one 20 one 55 don‚äö√ñ√¥t know,0.6671060174711554,False
1086,I come from and live in a country where things are too hard and over half the population is unemployed and suffering mentally,2,unemployed,come live country thing hard half population unemployed suffering mentally,1.1049785506811314,False
1087,"I'm so stupid, I'm always failing at tests, while others are taking great marks",2,failing at tests,'m stupid 'm always failing test others taking great mark,1.4864434647434992,False
1088,I'm always so bad at learning how to do things properly,2,bad at learning,'m always bad learning thing properly,1.8999132628144542,True
1089,"I have lived in isolation from the world, i have no friends, bullied at school and work, bad father who beaten me and yelling at me always and now i am 21 i stay at home",2,"unemployed, dropped from uni",lived isolation world friend bullied school work bad father beaten yelling always 21 stay home,1.6104180732742783,False
1090,"Now to the point i want to run from home tonight even my country Bulgaria, i have no money so i have to live first in forest and then i have to be homeless in another country",2,"homeless, no money",point want run home tonight even country bulgaria money live first forest homeless another country,1.244865155203845,False
1091,I worked two years for getting a university at Japan (literally I saved my whole salary without even buying clothes to myself for being able to cover tuition fees) and now I got declined,2,got declined,worked two year getting university japan literally saved whole salary without even buying clothes able cover tuition fee got declined,1.7194004891741925,False
1092,"My family is in a financial crunch, but they give up everything for me",2,family is in a financial crunch,family financial crunch give everything,1.2934323140754924,False
1093,I don't know what I'm gonna do if I don't perform the way I should,2,perform the way I should,n't know 'm gon na n't perform way,1.5543652288743142,False
1094,"Stupid fucking cunts who are blowing this disease out of proportion have led to our clients not getting enough business to give us their business, therefore they've had to let me go with a few of my colleagues",2,blowing this disease out of proportion,stupid fucking cunt blowing disease proportion led client getting enough business give u business therefore 've let go colleague,0.6644009837581104,False
1095,Buried in medical debt,2,medical debt,buried medical debt,1.2038228245165947,False
1096,"I was struggling even when things were going well, but now I'm out of straws to grasp at",2,struggling,struggling even thing going well 'm straw grasp,0.8597204534343488,False
1097,No luck job searching and I want to die but i don't have the stomach to end my own life,2,job searching,luck job searching want die n't stomach end life,1.035447440273928,False
1098,And the conversation turned into me wasting my potential (all in love),2,wasting my potential,conversation turned wasting potential love,1.3882100216668087,False
1099,"Recently I‚Äö√Ñ√¥ve lost everything I‚Äö√Ñ√¥ve got no job no money, I pushed all my friends away and pushed away a girl who loved me and would do anything for me",2,"no job, no money",recently i‚äö√ñ√¥ve lost everything i‚äö√ñ√¥ve got job money pushed friend away pushed away girl loved would anything,0.7121697179873976,False
1100,I‚Äö√Ñ√¥m loosing my apartment,2,loosing my apartment,i‚äö√ñ√¥m loosing apartment,1.3122113994171316,False
1101,My job is constant and I‚Äö√Ñ√¥m hardly home,2,job is constant,job constant i‚äö√ñ√¥m hardly home,1.3083031830376013,False
1102,"Last year I told my parents I wanted to drop out of university, and they forced me to stay, threatening to kick me out of home, get rid of my computer cellphone, basically destroy the things I love the most",2,threatening to kick,last year told parent wanted drop university forced stay threatening kick home get rid computer cellphone basically destroy thing love,1.4172608133396893,False
1103,"I‚Äö√Ñ√¥ve failed multiple classes and this semester I only have 6 credit hours, still well on the way to failing",2,failed multiple classes,i‚äö√ñ√¥ve failed multiple class semester 6 credit hour still well way failing,0.8173096218690051,False
1104,I used to be perfectly normal and then Physics hit me,2,Physics hit me,used perfectly normal physic hit,0.9303931651455779,False
1105,"I feel like a failure in my job, a failure with money a failure in general",2,failure with money,feel like failure job failure money failure general,0.6078100112075532,False
1106,I'm broke and can't handle an ER bill,2,can't handle an ER bill,'m broke ca n't handle er bill,0.6318217643096213,False
1107,"Since i was a kid i am in obsessed with computers and art, but my parents think that they have no future prospect whatsoever",2,no future prospect,since kid obsessed computer art parent think future prospect whatsoever,1.5698394786429317,False
1108,And now i'm 6 year deep in college and failing here and there,2,failing,'m 6 year deep college failing,0.9650595444872763,False
1109,Everything was going very well until I wanted to make an order for things I already got paid for,2,got paid for,everything going well wanted make order thing already got paid,1.3314349787716733,False
1110,Had to miss class because of this and honestly I'm really worried about failing,2,"miss class, worried about failing",miss class honestly 'm really worried failing,0.7513130220542933,False
1111,I‚Äö√Ñ√¥d pay for a therapist if I had the means but I can barely afford to feed myself right now,2,can barely afford to feed myself,i‚äö√ñ√¥d pay therapist mean barely afford feed right,0.9868552049298094,False
1112,"Two teachers barked at me while strongly implying that I was fucking dumb, I studied for several hours for a test and I ended up failing miserably while most of the class (who didn't study at all) found the test super easy",2,"teachers barked at me, failing miserably",two teacher barked strongly implying fucking dumb studied several hour test ended failing miserably class n't study found test super easy,1.2262484219694756,False
1113,"So currently I feel like that I'm just a dumb idiot and that everyone else is simply smarter than me, and the sole reason as to why I succeeded until now was because I cared about my grades but many didn't",2,cared about my grades,currently feel like 'm dumb idiot everyone else simply smarter sole reason succeeded cared grade many n't,1.512395107492963,False
1114,"Not myself, not others I'm gonna fail out of the online school I was pressured to get into, because I can't make myself try, because I'm pretty universally and consistently useless Anytime I can die would be great, the sooner the better",2,"fail out of the online school, pressured to get into",others 'm gon na fail online school pressured get ca n't make try 'm pretty universally consistently useless anytime die would great sooner better,0.8137755995554858,False
1115,"I hate school so much, I hate everything about it",2,hate school so much,hate school much hate everything,0.12465194756389303,False
1116,"I hate all kinds of work too, I‚Äö√Ñ√¥m so fucking tired of all off it, having to work hard and try all the time and its still fucking useless, I still cant do jack shit and I‚Äö√Ñ√¥m a completely useless piece of human garbage",2,hate all kinds of work,hate kind work i‚äö√ñ√¥m fucking tired work hard try time still fucking useless still cant jack shit i‚äö√ñ√¥m completely useless piece human garbage,0.4729261847512703,False
1117,I'm really worried I will never receive them or that they are fake because I paid a lot for those and there are my only hope at a peaceful death,2,paid a lot for those,'m really worried never receive fake paid lot hope peaceful death,1.4684226166456946,False
1118,I was worried because I've been coming in late or on some days not at all,2,coming in late,worried 've coming late day,1.0745093468548574,False
1119,"I'm not sure which is a bigger black mark on my resume/needing a future recommendation for a job: not showing up to work because I'm having a depressive episode, or ending the internship to spare them from further episodes",2,ending the internship to spare,'m sure bigger black mark resume/needing future recommendation job showing work 'm depressive episode ending internship spare episode,2.1141907922750858,True
1120,"My parents know I'm not doing good in school, but I could never tell them about what happened",2,not doing good in school,parent know 'm good school could never tell happened,0.5250988248731924,False
1121,"I just turned 26, I wanted to do something with my life by now, I can't even handle a ft job and my adulthood has been a clusterfuck of mental illness and grief",2,can't even handle a ft job,turned 26 wanted something life ca n't even handle ft job adulthood clusterfuck mental illness grief,0.8754588170775955,False
1122,I need to be on drugs but I'm terrified of them bc I'm so low functioning that my life will be ruined if they make me any worse,2,low functioning,need drug 'm terrified bc 'm low functioning life ruined make worse,1.7873276573435126,False
1123,"Was freaking out yesterday, broke crap and screamed and cussed about his money problems and stuff, then calmed down",2,"broke crap, money problems",freaking yesterday broke crap screamed cussed money problem stuff calmed,1.470394595525708,False
1124,I get off of work in three hours,2,get off of work,get work three hour,0.39252398628905544,False
1125,I drop out of med school because the stresses from the break up became way too much to handle,2,drop out of med school,drop med school stress break became way much handle,0.8605520149837693,False
1126,I‚Äö√Ñ√¥m gonna just get back on with things and work and get another job and earn as much money as possible and I‚Äö√Ñ√¥ll eat and workout and I‚Äö√Ñ√¥ll do everything I planned to with this year,2,"get another job, earn as much money as possible",i‚äö√ñ√¥m gon na get back thing work get another job earn much money possible i‚äö√ñ√¥ll eat workout i‚äö√ñ√¥ll everything planned year,0.9045384987708611,False
1127,I have no college degree and have had 7 jobs in the last 3 years,2,no college degree,college degree 7 job last 3 year,0.8056935621984368,False
1128,"I could pick up more shifts to work all weekend for pennies to try and slowly pay a tiny bit of everything off, but I won't be able to make enough to pay everything",2,pick up more shifts,could pick shift work weekend penny try slowly pay tiny bit everything wo n't able make enough pay everything,1.542899928919054,False
1129,My credit is terrible and I'm several grand in debt,2,"credit is terrible, grand in debt",credit terrible 'm several grand debt,1.1965793116906351,False
1130,"They hired me at $14 an hour which is nice, though I wasnt any good at all",2,hired me,hired 14 hour nice though wasnt good,1.688826929390063,False
1131,I started my current job almost a year ago when I was in a really good place mentally,2,my current job,started current job almost year ago really good place mentally,0.9889080038506662,False
1132,No one loves me and I'm too scared to tell my therapist because I can't go inpatient again or I lose my job,2,can't go inpatient again,one love 'm scared tell therapist ca n't go inpatient lose job,0.5566186325730976,False
1133,The lack of sleep caused my grades to plummet as I can never focus in class,2,"lack of sleep caused my grades to plummet, never focus in class",lack sleep caused grade plummet never focus class,0.9602042677557926,False
1134,I'm getting really bad grades in a class I used to be really good at,2,bad grades,'m getting really bad grade class used really good,0.424861486723335,False
1135,I am going to fail my senior year and become such a disapointment to my family,2,going to fail my senior year,going fail senior year become disapointment family,1.1193004546665695,False
1136,Was going to graduate soon but haven't been able to keep up w/ school since Jan,2,graduate soon,going graduate soon n't able keep w/ school since jan,1.6935807682100885,False
1137,I‚Äö√Ñ√¥m 20 years old unemployed and just got an email saying I might not be able to stay in university next year,2,unemployed,i‚äö√ñ√¥m 20 year old unemployed got email saying might able stay university next year,0.8752331361274418,False
1138,I can‚Äö√Ñ√¥t find a reason to continue being in this useless place we call school for my ‚Äö√Ñ√∫education‚Äö√Ñ√π,2,useless place we call school,can‚äö√ñ√¥t find reason continue useless place call school ‚äö√ñ√∫education‚äö√ñ√π,0.9968814770660974,False
1139,I cant concentrate on my work,2,cant concentrate on my work,cant concentrate work,0.19593754326069399,False
1140,So I finally quit after 5 months,2,finally quit after 5 month,finally quit 5 month,0.7884814384236368,False
1141,I have no energy to study or try,2,no energy to study or try,energy study try,0.7727847742453577,False
1142,"I feel worthless, I can't get a job to make a living and not have to share a bathroom with rats covered in rat feces",2,can't get a job to make a living,feel worthless ca n't get job make living share bathroom rat covered rat feces,1.160902054873681,False
1143,"I feel like this is a result of my genetics, my economic background, and my lack of learning things throughout life",2,lack of learning things throughout life,feel like result genetics economic background lack learning thing throughout life,1.2573753415835676,False
1144,"My first thought is why bother apply for other jobs when I have the reason on my conscience? Second, if I do try again, then I better embrace the bias hateful questioning about my termination",2,questioning about my termination,first thought bother apply job reason conscience second try better embrace bias hateful questioning termination,0.8346575447747848,False
1145,"I'm suicidal because, of, I failed graduating many times, school",2,failed graduating many times,'m suicidal failed graduating many time school,0.5110860430134224,False
1146,"For one month, I‚Äö√Ñ√¥ve entered a downward spiral, amplified by events such as the rejection mentioned earlier, or not being able to give the license exam two days ago because of some stupid policemen who told me that I ‚Äö√Ñ√∫didn‚Äö√Ñ√¥t pay the license tax‚Äö√Ñ√π correctly",2,not being able to give the license exam,one month i‚äö√ñ√¥ve entered downward spiral amplified event rejection mentioned earlier able give license exam two day ago stupid policeman told ‚äö√ñ√∫didn‚äö√ñ√¥t pay license tax‚äö√ñ√π correctly,1.6702373140294255,False
1147,"school has been very hard for me, I constantly feel tired, my marks got worse, I lost all motivation to keep going",2,"school has been very hard for me, my marks got worse",school hard constantly feel tired mark got worse lost motivation keep going,0.9024148662665367,False
1148,"I had to take a few months off work due to the season ending , also had pyschosis and other shit",2,had to take a few months off work,take month work due season ending also pyschosis shit,0.6945746521942779,False
1149,I went back on Monday for training and it made me so depressed,2,training,went back monday training made depressed,0.6786925074929837,False
1150,"I never fit in group convo's, I'm always so quiet, it's nearly impossible for me to care what these people talk about",2,never fit in group convo's,never fit group convo 's 'm always quiet 's nearly impossible care people talk,2.5450025101864484,True
1151,I began losing control of when I eat in August due to job stress,2,job stress,began losing control eat august due job stress,0.954474817674579,False
1152,I really don‚Äö√Ñ√¥t wanna go and feel like I made a mistake applying,2,made a mistake applying,really don‚äö√ñ√¥t wan na go feel like made mistake applying,0.7570406209982447,False
1153,high school is so hard right now and I feel like I can barely keep up while my peers seem to be doing so easily,2,high school is so hard right now,high school hard right feel like barely keep peer seem easily,1.1626629373208788,False
1154,"I tried making progress on my thesis from a few weeks back but it has been so difficult, not just in a mental state",2,tried making progress on my thesis,tried making progress thesis week back difficult mental state,1.3303304801085747,False
1155,"I am scared sh\*tless because I know one of the professors can be ruthless and heartless, can only imagine how heartbreaking it will be tomorrow",2,the professors can be ruthless,scared sh\ tless know one professor ruthless heartless imagine heartbreaking tomorrow,0.7435620419728588,False
1156,Does anyone else really not want to deal with the future but also want to know what it holds? :(,2,really not want to deal with the future,anyone else really want deal future also want know hold,0.8859474726974532,False
1157,Fuck canada student loan,2,canada student loan,fuck canada student loan,0.789050250764756,False
1158,"How do I get past my own body protecting me and keeping me alive? I have nobody to talk to, no job skills, and no highschool diploma",2,"no job skills, no highschool diploma",get past body protecting keeping alive nobody talk job skill highschool diploma,1.6923161316700739,False
1159,I still manage to be on time and try but I honestly just dislike the work,2,dislike the work,still manage time try honestly dislike work,1.4870644242519144,False
1160,"There is no doubt that I've definitely lost a lot of years to those same things, but I feel like a large portion of my life has been wasted in school",2,large portion of my life has been wasted in school,doubt 've definitely lost lot year thing feel like large portion life wasted school,1.815110012542797,False
1161,"Of course there is a lot of useful things schools teaches that can be applied in every day life, but school has become the worst part of my day, which is especially troubling since it takes up such a large part of it",2,school has become the worst part of my day,course lot useful thing school teach applied every day life school become worst part day especially troubling since take large part,0.7145466543501025,False
1162,"You'll probably have it in most school systems regardless of country, but American school are just such a shitty environment for people who have mental issues",2,American school are just such a shitty,'ll probably school system regardless country american school shitty environment people mental issue,0.638949762674931,False
1163,I work part time only because I'm self studying because i want to get into uni,2,"work part time, self studying",work part time 'm self studying want get uni,1.1079927303716568,False
1164,I don't have a job because my depression is crippling,2,don't have a job,n't job depression crippling,1.039566310489952,False
1165,It's been 6 months since I left my last job which I was there for 3 years until it got to the point where I couldn't take it anymore,2,couldn't take it anymore,'s 6 month since left last job 3 year got point could n't take anymore,0.3103972282959486,False
1166,"I barely graduated high school due to too many absences, and two semesters into college I‚Äö√Ñ√¥m taking a medical leave of absence because I‚Äö√Ñ√¥d fallen behind on coursework, past the point of being able to catch up",2,barely graduated,barely graduated high school due many absence two semester college i‚äö√ñ√¥m taking medical leave absence i‚äö√ñ√¥d fallen behind coursework past point able catch,0.9980826942416652,False
1167,"I got the call that im going back to work starting Saturday, but whats the use? Unemployment didnt pay enough to make rent and bills, social assistance wont help me BECAUSE im recieving Unemployment, and i was given the ""you have 14 days to pay your rent or i start the eviction process"" notice from the landlord",2,"Unemployment didnt pay enough to make rent and bills, notice from the landlord",got call im going back work starting saturday whats use unemployment didnt pay enough make rent bill social assistance wont help im recieving unemployment given `` 14 day pay rent start eviction process '' notice landlord,2.2571916649182953,True
1168,"After waiting for a late payment of Unemployment to come in, and my husband and i taking everything of value to us (PS4, Switch, and even his guitar) to the pawn shop, we're a solid $60 short on rent with no income in sight for the remaining days we have to pay",2,no income,waiting late payment unemployment come husband taking everything value u ps4 switch even guitar pawn shop 're solid 60 short rent income sight remaining day pay,1.935927270772249,True
1169,"I failed my first math test, I haven't started my senior project, behind in everything else",2,failed my first math test,failed first math test n't started senior project behind everything else,1.1473404201634634,False
1170,I guess you could say it's to the point where it's affecting my attendance at work,2,affecting my attendance at work,guess could say 's point 's affecting attendance work,1.0900545546399176,False
1171,"I have a stutter and after learning that I wont grow out of it, I feel as if I would never achieve my dreams due go my lack of ability to fluently speak",2,lack of ability to fluently speak,stutter learning wont grow feel would never achieve dream due go lack ability fluently speak,1.3750111650745238,False
1172,I lost one of my jobs because the place closed and so I'm having to burn through my savings to cover everything,2,"lost one of my jobs, burn through my savings to cover everything",lost one job place closed 'm burn saving cover everything,1.7584092936182532,False
1173,"This month I've got the rent covered but now don't have enough money for the power bill, my car payment, and my car insurance ad again I'm left panicking and stressing about where I'm going to get the money and what's going to happen",2,don't have enough money,month 've got rent covered n't enough money power bill car payment car insurance ad 'm left panicking stressing 'm going get money 's going happen,1.002483063519287,False
1174,"She's not a counsellor, but can deal with academic issues (which I'm having because of the big sad), and refer students onto mental health services",2,academic issues,'s counsellor deal academic issue 'm big sad refer student onto mental health service,0.899422869151194,False
1175,I have been looking for a job for almost three months now and have been unsuccessful,2,looking for a job for almost three months now and have been unsuccessful,looking job almost three month unsuccessful,0.4525941932061164,False
1176,"I hate my job, but I need to keep having income so that I can support myself",2,hate my job,hate job need keep income support,1.0851300560845771,False
1177,But is starting to become so hard to get out of bed that I am continuously late to work,2,continuously late to work,starting become hard get bed continuously late work,0.9570596473128136,False
1178,I need to do good so I can go to a good university after I graduate from this shitty community college and after studying my ass off I thought I actually did well on my midterms but I just barely scraped by,2,graduate from this shitty community college,need good go good university graduate shitty community college studying as thought actually well midterm barely scraped,1.3992450512200028,False
1179,I had to go on a subreddit and beg for money,2,beg for money,go subreddit beg money,0.3716853692285326,False
1180,I lost my job,2,lost my job,lost job,0.24401662409788516,False
1181,"Basically I‚Äö√Ñ√¥ve always been a little listless and sad, even in elementary school",2,even in elementary school,basically i‚äö√ñ√¥ve always little listless sad even elementary school,0.6407770766862573,False
1182,I have been put on a 30 day performance review and probably getting fired,2,probably getting fired,put 30 day performance review probably getting fired,1.4925389601007137,False
1183,"My math subject at school failed, i keep thinking i wont graduate, i have no energy to go to school anymore so i fake everything and go to a nearby computer cafe even though i only have enough money to commute to my school",2,failed,math subject school failed keep thinking wont graduate energy go school anymore fake everything go nearby computer cafe even though enough money commute school,1.2081171947568548,False
1184,Got rejected twice today lowest score in my class and lost my last friend i could talk to,2,lowest score,got rejected twice today lowest score class lost last friend could talk,0.9801882762119933,False
1185,My parents say that if i dont get good enough grades they will kick me out ive tried tinder in search of maybe someone i went to 11 likes but found out the hard way people could unlike you,2,kick me out,parent say dont get good enough grade kick ive tried tinder search maybe someone went 11 like found hard way people could unlike,0.9218249386519125,False
1186,"as I was getting ready for an interview for a new job, i was thinking ""what if i kill myself? wouldn't that be easier?""",2,getting ready for an interview for a new job,getting ready interview new job thinking `` kill would n't easier '',0.538427994778999,False
1187,I know it‚Äö√Ñ√¥s not much but as a student living on his own for the first time and being diagnosed with anxiety and depression (I haven‚Äö√Ñ√¥t gone out in more than a week) actually getting out of bed to do something feels like an accomplishment as I would normally starve in my bed wondering why I even exist in the first place,2,as a student living on his own,know it‚äö√ñ√¥s much student living first time diagnosed anxiety depression haven‚äö√ñ√¥t gone week actually getting bed something feel like accomplishment would normally starve bed wondering even exist first place,0.6965833399115701,False
1188,I have been looking for work since November,2,looking for work,looking work since november,0.5177742588538738,False
1189,"I have had several interviews, but literally have been told multiple times that I was their second choice I am completely out of money",2,"had several interviews, out of money",several interview literally told multiple time second choice completely money,1.0693670958560983,False
1190,I an about to be homeless,2,about to be homeless,homeless,1.2880652374524741,False
1191,"All the interviews that I got, I was rejected",2,interviews,interview got rejected,0.7245422308542129,False
1192,I can't afford food and even the subreddits that claim to offer help just delete my posts because I lurk and my account doesn't have hundreds of karma,2,can't afford food,ca n't afford food even subreddits claim offer help delete post lurk account n't hundred karma,1.2233702491386107,False
1193,I'm about to lose my home and I have nothing left to sell to try to hang on to it,2,have nothing left to sell,'m lose home nothing left sell try hang,0.6864571070808445,False
1194,Last year a lot of things happened that made me spiral into a terrible depression and lost my job because of it,2,lost my job,last year lot thing happened made spiral terrible depression lost job,1.355103381139235,False
1195,how am I supposed to show my face in school tomorrow when even my best friends hate me now? I‚Äö√Ñ√¥m failing chemistry,2,failing chemistry,supposed show face school tomorrow even best friend hate i‚äö√ñ√¥m failing chemistry,0.7704657479344126,False
1196,"I live in SE Michigan, drive for money (can't afford a living), and have been studying to get a certification for IT so I can maybe get a job at a geek squad",2,"studying to get a certification for IT, get a job at a geek squad",live se michigan drive money ca n't afford living studying get certification maybe get job geek squad,1.0460904476962694,False
1197,Also been looking at getting a job as a Pharmacy tech,2,looking at getting a job as a Pharmacy tech,also looking getting job pharmacy tech,0.4576190040580958,False
1198,"I have goals and dreams, but whenever the wave comes I am reduced to nothing",2,goals and dreams,goal dream whenever wave come reduced nothing,1.2942073956220372,False
1199,"She cannot work, remember things consistently, or think",2,remember things,work remember thing consistently think,0.4315961432560949,False
1200,"First of all, I hated both schools generally",2,hated both schools,first hated school generally,1.8299162502820254,False
1201,"I can't do school work good anymore, which worry's me",2,can't do school work good anymore,ca n't school work good anymore worry 's,0.586941953464053,False
1202,Pretty sure no one will respond,2,no one will respond,pretty sure one respond,0.7765226782496718,False
1203,"As for me, I'm spending it alone in a NYC apartment that doesn't belong to me",2,spending it alone,'m spending alone nyc apartment n't belong,1.2945443462559179,False
1204,I work full time as a valet and go to school full time,2,"work full time as a valet, go to school full time",work full time valet go school full time,0.17205704224148916,False
1205,"No more school, no more work, no more swim, no more relationships",2,no more work,school work swim relationship,0.2529100538686967,False
1206,"So, in Spain psychiatrist are expensive, i have to save a lot of money and see if that shit help, because i need fucking help",2,expensive,spain psychiatrist expensive save lot money see shit help need fucking help,1.3407161775617413,False
1207,"I'd like to look into them, but I have multiple learning disabilities and mental illnesses over here",2,have multiple learning disabilities,'d like look multiple learning disability mental illness,1.207497233039347,False
1208,"Now I'm struggling to ""get back on my feet"" I asked my father for help and was gifted 300 for past Xmas' they missed, bought a chevy blazer that'll fall apart any day now and I work for shipt",2,back on my feet,'m struggling `` get back foot '' asked father help gifted 300 past xmas missed bought chevy blazer 'll fall apart day work shipt,1.2950096627037593,False
1209,"I‚Äö√Ñ√¥ve been pressured to take a 2nd job in October because they hated how I don‚Äö√Ñ√¥t get 40-60 hours a week at least; they don‚Äö√Ñ√¥t want me going to therapy unless it‚Äö√Ñ√¥s immediately after a work day so my therapy doesn‚Äö√Ñ√¥t conflict with their ‚Äö√Ñ√∫valuable time‚Äö√Ñ√π, and I get praised for doing things their way but scolded for doing things my way",2,"been pressured to take a 2nd job in October, get praised for doing things their way but scolded for doing things my way",i‚äö√ñ√¥ve pressured take 2nd job october hated don‚äö√ñ√¥t get 40-60 hour week least don‚äö√ñ√¥t want going therapy unless it‚äö√ñ√¥s immediately work day therapy doesn‚äö√ñ√¥t conflict ‚äö√ñ√∫valuable time‚äö√ñ√π get praised thing way scolded thing way,0.5243341765875891,False
1210,Things have been looking up somewhat recently - I graduated college and am currently looking for a full-time job - but the fact that I will always struggle with this disorder and find it difficult to interact with others makes me profoundly sad,2,looking for a full-time job,thing looking somewhat recently graduated college currently looking full-time job fact always struggle disorder find difficult interact others make profoundly sad,1.1083559902629474,False
1211,I am searching my ass off in google and it looks like these world wide approved drugs (also known as reversible MAOI's) are not available in the USA,2,approved drugs,searching as google look like world wide approved drug also known reversible maoi 's available usa,1.3467087780136147,False
1212,I'm on reduced work hours til I get better,2,on reduced work hours til I get better,'m reduced work hour til get better,0.386982042724712,False
1213,Is there any way I can just keep getting refills without having to keep visiting my Dr to renew the prescription? Is there a reason why I need to keep seeing this psychiatrist just to sit in a waiting room for 2 hours just to say hey I need refills?,2,renew the prescription,way keep getting refill without keep visiting dr renew prescription reason need keep seeing psychiatrist sit waiting room 2 hour say hey need refill,1.2259265153110734,False
1214,"I have no aspirations in life, I don‚Äö√Ñ√¥t want anything at all, currently just going with the flow and seeing what comes up",2,have no aspirations in life,aspiration life don‚äö√ñ√¥t want anything currently going flow seeing come,0.6308609868027009,False
1215,"I had been feeling ok after I got a job and even better when I would play music, but I've lost my spark",2,got a job and even better when I would play music,feeling ok got job even better would play music 've lost spark,1.335989405943891,False
1216,i have a metric fuckton of homework to catch up on that i really have no motivation to do,2,homework to catch,metric fuckton homework catch really motivation,1.7912016908743336,False
1217,all of the adult figures i have that once believed in me (all at school [teachers] due to how unstable my parents are) are genuinely disappointed with me,2,teachers,adult figure believed school teacher due unstable parent genuinely disappointed,2.3083861632029676,True
1218,For about 4 years on school days I‚Äö√Ñ√¥ve set about 30 alarms from 5:55 to 7:20 because of this,2,school days,4 year school day i‚äö√ñ√¥ve set 30 alarm 5:55 7:20,1.0155949154654655,False
1219,"I‚Äö√Ñ√¥m getting kicked out of crisis housing for having my dog which they knew about, on the property",2,kicked out of crisis housing,i‚äö√ñ√¥m getting kicked crisis housing dog knew property,1.8307320125473254,False
1220,I have a 3500$ medical bill thay beeds to be paid off and i don't have thst kind of money,2,medical bill,3500 medical bill thay beeds paid n't thst kind money,1.3644258335452737,False
1221,When I found out I was devastated and wanted to switch schools for next year also,2,switch schools,found devastated wanted switch school next year also,0.3653821542704638,False
1222,I was kicked out of school young and I lost all my friends with that,2,kicked out of school,kicked school young lost friend,1.3587916956111483,False
1223,Ive had a number of job changes and have moved between cities this year,2,"a number of job changes, moved between cities",ive number job change moved city year,2.076286735431764,True
1224,"Honestly I'm so tired of living life through failing at everything, I'm not good at anything and I fail to understand why and how people think and learn about everything in such a pragmatic and methodical way",2,failing at everything,honestly 'm tired living life failing everything 'm good anything fail understand people think learn everything pragmatic methodical way,0.9792208992051425,False
1225,This dec was also the first time I've felt so down in my life because of so many trials and problems at home and school,2,problems at home and school,dec also first time 've felt life many trial problem home school,0.29688217778058706,False
1226,I hate myself to the point where getting off the bus for school gives me so much anxiety I could start crying,2,getting off the bus for school,hate point getting bus school give much anxiety could start cry,0.31614376770415537,False
1227,"I'm on my own, and put myself thru a auto school and I'm barely doing that",2,on my own,'m put thru auto school 'm barely,0.4692215647648216,False
1228,"I dont have alot of friends left because I get very paranoid and anxious because those I went to school with whom I thought were my friends turned out to, well, not be my friends at all",2,"went to school, I thought were my friends",dont alot friend left get paranoid anxious went school thought friend turned well friend,1.1098951869683387,False
1229,College going shit,2,College going shit,college going shit,0.2971880420049858,False
1230,I've read a couple of chapters and this is probably the first self-help book that is working for me,2,self-help book that is working,'ve read couple chapter probably first self-help book working,1.231256798664322,False
1231,"Stupid shit like trying to lie to an easy-to-lie-to teacher that I did my hw, using someone else's project in ceramics class and getting sent to the office, and trying to steal a piece of candy off my teachers desk",2,"teacher, hw, office",stupid shit like trying lie easy-to-lie-to teacher hw using someone else 's project ceramic class getting sent office trying steal piece candy teacher desk,1.2693153145554716,False
1232,Well I have a lot of work to do,2,lot of work to do,well lot work,0.34668403099854206,False
1233,My depression has gotten so much worse the past couple weeks and I‚Äö√Ñ√¥ve been trying to hide it as best I can at work,2,at work,depression gotten much worse past couple week i‚äö√ñ√¥ve trying hide best work,0.8677780550139814,False
1234,We were all going to the same school,2,same school,going school,0.22248584829257714,False
1235,No job money or friends,2,No job,job money friend,0.2597818019236287,False
1236,The legal fees appear to be leaving me bankrupt,2,bankrupt,legal fee appear leaving bankrupt,1.0488498295251911,False
1237,"Tomorrow I go to work and will be miserable for 8 hours, and hoping that they fire me so I can finally have an easy way out of here",2,work,tomorrow go work miserable 8 hour hoping fire finally easy way,1.4453148744259348,False
1238,I find that I never really trust my own opinion I'm always seeking validation from others,2,"trust my own opinion, seeking validation",find never really trust opinion 'm always seeking validation others,1.4833927641861657,False
1239,"Driving a frozen-windshield car, commuting to my icy-road job, buying food, even taking a shower are all mountainous, painful ordeals",2,commuting to my icy-road job,driving frozen-windshield car commuting icy-road job buying food even taking shower mountainous painful ordeal,1.731251594760219,False
1240,Why is it so damn hard to find any sense of purpose? I wake up every morning feeling like a disappointing peace of garbage who can't accomplish anything and it's eating away at me,2,hard to find any sense of purpose,damn hard find sense purpose wake every morning feeling like disappointing peace garbage ca n't accomplish anything 's eating away,1.1428719825740947,False
1241,"Been through a devastating medical issues, three close friends died recently, lost my job and my health care and the fucking holidays are shit",2,"lost my job and my health care and the fucking holidays are shit, three close friends died recently",devastating medical issue three close friend died recently lost job health care fucking holiday shit,0.8309121360103546,False
1242,"I just turned 20 in mid December, I don‚Äö√Ñ√¥t have a job, I don‚Äö√Ñ√¥t go to school and my girlfriend (of two years) that told me she wanted to be together forever and even shared a dog with me has been ignoring me since Thanksgiving",2,"don‚Äö√Ñ√¥t go to school, my girlfriend",turned 20 mid december don‚äö√ñ√¥t job don‚äö√ñ√¥t go school girlfriend two year told wanted together forever even shared dog ignoring since thanksgiving,0.9916738799768913,False
1243,"I posted on reddit my gofund me and all, I just need a month till i start my job",2,till i start my job,posted reddit gofund need month till start job,1.7777207199798006,False
1244,"I stop myself from going to places and talking to people, just to feel miserable afterward, then I bask in my misery",2,"then I bask in my misery, stop myself from going to places and talking to people, just to feel miserable afterward",stop going place talking people feel miserable afterward bask misery,0.9009680115318808,False
1245,I know that I Was alienated by other people since middleschool and I newer really learned to interact with others,2,middleschool,know alienated people since middleschool newer really learned interact others,1.5236085875427776,False
1246,"""You're weak"" ""You will fail your exams again"" ""You work in brainless job"" My first real job experience in amaon and im blamed, it was hard for me to convince myself to work there, thats what you get when your parents are rich and successfull ""Your girlfriend is ambitious and she will leave you again"" ""You're wasting your time"" ""Building future with your gf is like building sand castle, it will be disappear sooner or later"" I was also blamed hard that in going to my gf home for 2days(she has christmas 6th), i promised her and also planning to go with her to wedding of her cousin, but its not okay for them Give me gun please, i cant handle, im going right now(last day) to that ""brainless"" job and im on fucking edge",2,You work in brainless job,`` 're weak '' `` fail exam '' `` work brainless job '' first real job experience amaon im blamed hard convince work thats get parent rich successfull `` girlfriend ambitious leave '' `` 're wasting time '' `` building future gf like building sand castle disappear sooner later '' also blamed hard going gf home 2days christmas 6th promised also planning go wedding cousin okay give gun please cant handle im going right last day `` brainless '' job im fucking edge,1.686538828843077,False
1247,"I get envious of my peers in college who are successes, envious of Youtubers with thousands of subscribers sharing their experiences traveling the world, and their awesome hobbies, etc",2,"envious of my peers in college who are successes, envious of Youtubers with thousands of subscribers, sharing their experiences traveling the world, and their awesome hobbies",get envious peer college success envious youtubers thousand subscriber sharing experience traveling world awesome hobby etc,1.419362254941693,False
1248,I'm at work right now and my co workers are having fun and laughing and i can't even find the will power to join in,2,at work right now and my co workers are having fun,'m work right co worker fun laughing ca n't even find power join,2.6998745209405253,True
1249,Things aren't the same and will never be the same even with medications I don't want to leave her because when I get glimpses of her old self it completes me,2,I don't want to leave her,thing n't never even medication n't want leave get glimpse old self completes,0.5092839997913517,False
1250,I've been having frequent breakdowns at school and I feel like most of my friends are getting sick and tired of me,2,been having frequent breakdowns at school,'ve frequent breakdown school feel like friend getting sick tired,0.5593789778847295,False
1251,"My mum, dad and step-mum won't leave me alone and they constantly make choices for me and it's starting to get to me",2,constantly make choices for me,mum dad step-mum wo n't leave alone constantly make choice 's starting get,1.8303029325606985,False
1252,The problem is that my mom and I are both powerless because my dad has us under his money,2,dad has us under his money,problem mom powerless dad u money,0.4810223848182366,False
1253,"So I'm starting to come up with coping hobbies, and I wanted to record myself talking about my depression but I feel like if I do it out loud that people in my room will think i'm a pussy",2,starting to come up with coping hobbies,'m starting come coping hobby wanted record talking depression feel like loud people room think 'm pussy,0.7542099062981158,False
1254,it‚Äö√Ñ√¥s to the point that I‚Äö√Ñ√¥ve accepted it and it‚Äö√Ñ√¥s stuck in my head that money is the only thing that matters to me because I don‚Äö√Ñ√¥t feel love like I used to,2,money is the only thing that matters to me,it‚äö√ñ√¥s point i‚äö√ñ√¥ve accepted it‚äö√ñ√¥s stuck head money thing matter don‚äö√ñ√¥t feel love like used,0.40089089086276164,False
1255,"He's lost about 5 jobs over the past month, through no fault of his own",2,lost about 5 jobs over the past month,'s lost 5 job past month fault,0.5122137375559541,False
1256,Today he got called into the office,2,he got called into the office,today got called office,0.6321315209767763,False
1257,Our boss told him that he needs to get at least one of the eight certifications by beginning of February or he will be let go,2,"boss, eight certifications",bos told need get least one eight certification beginning february let go,0.46552306067334304,False
1258,"My depression started around 3 years ago during my sophomore year in high school, and I‚Äö√Ñ√¥ve tried to suppress it as much as possible, but unfortunately it still plagues me in small instances while being in my second semester of college",2,"sophomore year in high school, but unfortunately it still plagues me in small instances while being in my second semester of college",depression started around 3 year ago sophomore year high school i‚äö√ñ√¥ve tried suppress much possible unfortunately still plague small instance second semester college,0.8435557560367816,False
1259,It took me a long time to realize that I spoke all my thoughts trying to get the inability to have a conversation out of my system,2,inability to have a conversation out of my system,took long time realize spoke thought trying get inability conversation system,0.9476021028686794,False
1260,Then a poor family wouldn't have to worry about me,2,poor family,poor family would n't worry,0.9796369123713695,False
1261,"I reached my limit, nothing helps anymore, I tried everything I could get my hands on",2,tried everything,reached limit nothing help anymore tried everything could get hand,1.4852108669612498,False
1262,"I'm just a big fat dumb loser, but it doesn't matter anymore, because tomorrow I'll put an end to all of this",2,big fat dumb loser,'m big fat dumb loser n't matter anymore tomorrow 'll put end,0.8041298340008757,False
1263,"No friends, no career and no passion for anything",2,"no career, no passion",friend career passion anything,1.5236139505978796,False
1264,I'm pretty sure I'm depressed but my parents don't believe in mental health and I'm too afraid to like go to a school counselor cuz my parents will ground me for just wanting attention or something,2,"school counselor, parents don't believe",'m pretty sure 'm depressed parent n't believe mental health 'm afraid like go school counselor cuz parent ground wanting attention something,0.7341240634709331,False
1265,"I have a fear of commitment, and committing to that decision is something I just can‚Äö√Ñ√¥t do",2,committing to that decision,fear commitment committing decision something can‚äö√ñ√¥t,1.5742950163383804,False
1266,"everything makes me anxious, i enjoy nothing, my academic life is shit, i feel like i have nothing to live for anymore",2,academic life is shit,everything make anxious enjoy nothing academic life shit feel like nothing live anymore,0.505687063658554,False
1267,"Moving away from friends and attending a new school has hit hard, I haven't been able to connect with many people",2,new school,moving away friend attending new school hit hard n't able connect many people,0.7645723766108286,False
1268,"I've gone from an A student, to a B student, to a C student, and now im having trouble bringing myself to do any schoolwork at all",2,schoolwork,'ve gone student b student c student im trouble bringing schoolwork,0.9726323157994069,False
1269,"Born in a poverty that I never asked for, born with shitty parents I never asked for, born with looks/body/health that I never asked for",2,"poverty, shitty parents",born poverty never asked born shitty parent never asked born looks/body/health never asked,1.0947703059657816,False
1270,"I can‚Äö√Ñ√¥t handle this drag we call life, going to school every morning, going home and studying, dealing with my father, it‚Äö√Ñ√¥s all just too much",2,"school every morning, studying",can‚äö√ñ√¥t handle drag call life going school every morning going home studying dealing father it‚äö√ñ√¥s much,0.7356301212959558,False
1271,I've lost every job the same way,2,lost every job,'ve lost every job way,0.25536824460356145,False
1272,I do have some pressure to be smart from peers and even teachers,2,to be smart,pressure smart peer even teacher,1.7658483564562455,False
1273,"Likelihood is She doesn‚Äö√Ñ√¥t want me and would be better without me Don‚Äö√Ñ√¥t speak to my mother, she doesn‚Äö√Ñ√¥t want me My sister and I barely speak My father and I aren‚Äö√Ñ√¥t the closest My brother and I barely speak My friends barely speak to me now My job is going nowhere My debt is going nowhere Nobody wants me around",2,"debt, job is going",likelihood doesn‚äö√ñ√¥t want would better without don‚äö√ñ√¥t speak mother doesn‚äö√ñ√¥t want sister barely speak father aren‚äö√ñ√¥t closest brother barely speak friend barely speak job going nowhere debt going nowhere nobody want around,1.0501385321354724,False
1274,My siblings are completely self successful and on their straight path to be coming everything the world wants them to be but me? I‚Äö√Ñ√¥m stuck in reverse,2,successful,sibling completely self successful straight path coming everything world want i‚äö√ñ√¥m stuck reverse,1.8250409711660405,False
1275,"I was too scared to ask help but u help me to realize life doesn‚Äö√Ñ√¥t end, when u lost money‚Äö√Ñ√¥s",2,when u lost money,scared ask help u help realize life doesn‚äö√ñ√¥t end u lost money‚äö√ñ√¥s,0.8228859191289987,False
1276,I also opened about me being stressed over school and how i want to give up,2,stressed over school,also opened stressed school want give,1.010209546610435,False
1277,"I'm homeless, living in a shelter right now",2,"homeless, living in a shelter",'m homeless living shelter right,0.8791747893335893,False
1278,"And right now, although I'm still employed, I have seriously considered quitting several times, and what's my reason? I'm tired of work",2,I'm tired of work,right although 'm still employed seriously considered quitting several time 's reason 'm tired work,0.7725723081431478,False
1279,Who do I blame? Is it my fault? I can't help but feel like I failed,2,feel like I failed,blame fault ca n't help feel like failed,0.6995813131249583,False
1280,"And all I can think while I'm watching them is I'm 26 living with my mum working minimum wage, I've had sex like once in the past 3 years and it was awful because my dick decided it doesn't like working about 6 years ago",2,working minimum wage,think 'm watching 'm 26 living mum working minimum wage 've sex like past 3 year awful dick decided n't like working 6 year ago,1.1327798474323991,False
1281,"I work full time, come home and go to bed",2,work full time,work full time come home go bed,0.39814766942184887,False
1282,I'm in my last year of uni and I'm just sick of this lonely little loop I live in,2,uni,'m last year uni 'm sick lonely little loop live,0.7880290504498569,False
1283,"Wake up, go to the gym, go to uni , study, come home read, watch stuff, eat",2,"study, come home read",wake go gym go uni study come home read watch stuff eat,1.3211571663247605,False
1284,"I don't want to commit to a corporate job like everyone around me, after uni straight away",2,don't want to commit to a corporate job,n't want commit corporate job like everyone around uni straight away,1.6862706350196577,False
1285,"Maybe I am a failure and maybe I never will amount to anything, but how will I know if I never try or believe in myself",2,failure,maybe failure maybe never amount anything know never try believe,0.5500136074240934,False
1286,"And somewhere along the line of my first real week of days off, I realized that all I did was work and I was just curled up in bed every second I was not working",2,all I did was work,somewhere along line first real week day realized work curled bed every second working,0.7810053386285533,False
1287,"It seems petty that I have to post on a forum to announce my own suicide, and not to mention that if I really wanted to die, I wouldn't be attention-whoring myself, but I would at least want to say goodbye to this world that I've lived in as a respectable leave-off, almost like a resignation letter in a job, even if it was just a single post on the internet",2,almost like a resignation letter,seems petty post forum announce suicide mention really wanted die would n't attention-whoring would least want say goodbye world 've lived respectable leave-off almost like resignation letter job even single post internet,1.4686507303652294,False
1288,I feel like I'm failing at everything,2,failing at everything,feel like 'm failing everything,0.5234019917750271,False
1289,"All we do is go to school, learn and work till we die",2,"go to school, learn and work till we die",go school learn work till die,1.722856010294378,False
1290,I think my music is my escape from all of this bullshit in life,2,music is my escape,think music escape bullshit life,1.789566266949077,False
1291,"Im 22 and never got into any relationship lol , i feel like a loser honestly",2,feel like a loser,im 22 never got relationship lol feel like loser honestly,1.5734103099367907,False
1292,I feel like a failure whenever this happens and I don't know what to do,2,feel like a failure,feel like failure whenever happens n't know,0.8413390882112759,False
1293,I have quit a lot of things because of that mix and I haven‚Äö√Ñ√¥t accomplished the things I want to accomplish coz of it,2,accomplish,quit lot thing mix haven‚äö√ñ√¥t accomplished thing want accomplish coz,0.7008668686792418,False
1294,I can't enjoy anything because everything has lost all flavor and meaning to me,2,everything has lost all flavor and meaning,ca n't enjoy anything everything lost flavor meaning,1.5594979745499788,False
1295,I feel like I have nothing left to look forward to in life,2,nothing left to look forward,feel like nothing left look forward life,0.7138590489533607,False
1296,"I‚Äö√Ñ√¥m tired a lot of the time, I haven‚Äö√Ñ√¥t been eating enough and I‚Äö√Ñ√¥m scared for the future",2,scared for the future,i‚äö√ñ√¥m tired lot time haven‚äö√ñ√¥t eating enough i‚äö√ñ√¥m scared future,0.5917834027685412,False
1297,I hope I die on my way to work today,2,die on my way to work today,hope die way work today,0.48480035086246936,False
1298,"well fuck me, guess i failed even at that",2,i failed even at that,well fuck guess failed even,0.5442965373477482,False
1299,Yeah my plans ended up falling through cause I make poor decisions at times,2,poor decisions,yeah plan ended falling cause make poor decision time,1.8144339492227795,False
1300,Now I have nothing to look forward too,2,have nothing to look forward too,nothing look forward,1.0468898908751607,False
1301,Everything disgusts me and nothing interests me,2,nothing interests,everything disgust nothing interest,0.005983329560710359,False
1302,"Don't feel like doing anything tbh, but I know sitting around dwelling on it will probably make me feel worse",2,Don't feel like doing anything,n't feel like anything tbh know sitting around dwelling probably make feel worse,0.5182903862268033,False
1303,"I so don't have the energy for this, but 15 people (family and really REALLY close friends of mine- my support network) are coming",2,don't have the energy,n't energy 15 people family really really close friend mine- support network coming,0.9566634399662323,False
1304,"As I get set to go to bed at 6pm on NYE (the first %#&amp;$ing NYE I got off from work in years and can't find any plans), I've come to realize that this year, the holidays have done nothing but make me angry",2,have done nothing,get set go bed 6pm nye first amp ing nye got work year ca n't find plan 've come realize year holiday done nothing make angry,1.2780189061926281,False
1305,"Is there any way of making this feeling stop ? (yes, I tried playing the same games I used to play but it just doesn't feels the same",2,playing the same games,way making feeling stop yes tried playing game used play n't feel,1.2380042545303598,False
1306,"I go out five or six nights a week, work full time, have sex yet I still feel hollow",2,work full time,go five six night week work full time sex yet still feel hollow,0.572249944945145,False
1307,I've lost most of my appetite and have no desire to do most things at this point,2,no desire to do most things,'ve lost appetite desire thing point,1.084401301055466,False
1308,Completely isolated and failing every aspect of my life,2,"failing every aspect of my life, isolated",completely isolated failing every aspect life,0.48489934289428455,False
1309,Literally have nothing to live for,2,nothing to live for,literally nothing live,0.6423138671492179,False
1310,Suddenly I have no desire to do anything,2,no desire to do anything,suddenly desire anything,2.0295836907534994,True
1311,"First of all its my first reddit post and i do not speak english so expect alot of mistakes in writing Im 22yo male with full time job, own house(rental), own car, no depth, alot of friends(male and female) yet i still feel sad and empty most of the time",2,full time job,first first reddit post speak english expect alot mistake writing im 22yo male full time job house rental car depth alot friend male female yet still feel sad empty time,1.8462676603624077,False
1312,"Every day just feels the same, get up, go to school or go to work, get home, go to sleep, wash rinse repeat",2,"go to school, go to work",every day feel get go school go work get home go sleep wash rinse repeat,1.079607197049498,False
1313,"Im feeling drained, depressed, and overwhelmingly bored",2,"feeling drained, overwhelmingly bored",im feeling drained depressed overwhelmingly bored,0.5907805389932732,False
1314,"I feel like I can rationally look at the world My problem is I'm so bored of everyday life and routine and there's really no way out of it, it's how society is built",2,bored of everyday life,feel like rationally look world problem 'm bored everyday life routine 's really way 's society built,0.6066100266153028,False
1315,I am just mediocre at best when it comes to anything,2,just mediocre,mediocre best come anything,0.5398039248673088,False
1316,I've been making mistakes on the most simplest thing,2,making mistakes on the most simplest thing,'ve making mistake simplest thing,0.8458273489756704,False
1317,There's just no motivation to accomplish anything and I can't really see the point of anything,2,just no motivation to accomplish anything,'s motivation accomplish anything ca n't really see point anything,0.33267911196699995,False
1318,"no friends/relationships, not good at anything, don't really have hobbies, just nothing",2,"not good at anything, don't really have hobbies, just nothing",friends/relationships good anything n't really hobby nothing,1.7553226054160012,False
1319,I'm so pissed off about how dumb I am,2,so pissed off about how dumb I am,'m pissed dumb,0.6543669503997097,False
1320,"Usually about my personal life, and how much of a failure I am",2,and how much of a failure I am,usually personal life much failure,1.1305230437449252,False
1321,everything seems hopeless and quaint I don't know why I've been dropped in this life and expected to make something happen for myself I just don't have the options or resources to make things work for myself at this point it makes no sense to try and hope effort make a difference for me,2,don't have the options or resources to make things work for myself at this point it,everything seems hopeless quaint n't know 've dropped life expected make something happen n't option resource make thing work point make sense try hope effort make difference,0.8927907484816965,False
1322,i know running away from your problems is bad but i need to get out of town i need to go on a trip i need it,2,but i need to get out of town,know running away problem bad need get town need go trip need,1.0257817402810063,False
1323,I know that I am disappointing myself and I know that I am capable of so much more,2,disappointing myself and I know that I am capable of so much more,know disappointing know capable much,0.15655866120145817,False
1324,"What do you think about anti depressants? Do they work, are they bs, do they only trick you into feeling better at the beginning? Want to know people's take on meds",2,Do they work,think anti depressant work b trick feeling better beginning want know people 's take med,1.6960674078665419,False
1325,"One of the remarks I had come back to was ""Oh hey *forgottensteamuser* is going to shoot up the school",2,is going to shoot up the school,one remark come back `` oh hey forgottensteamuser going shoot school,1.3272129326398163,False
1326,"I feel guilty for spending money to have some ladies in to do that when I am able bodied and have working limbs and all, but I feel like I can just breathe and relax looking around",2,guilty for spending money,feel guilty spending money lady able bodied working limb feel like breathe relax looking around,1.1258725886082135,False
1327,I'm missing school again,2,missing school,'m missing school,0.1997564607525017,False
1328,What if my mind goes blank and I can't speak? How did you guys deal with this?,2,What if my mind goes blank and I can't speak,mind go blank ca n't speak guy deal,1.03422058493541,False
1329,I guess this justify my expensive bills from my shrink,2,justify my expensive bills from my shrink,guess justify expensive bill shrink,0.5792281222139113,False
1330,"There's nothing I want to do, I don't enjoy anything anymore, so I just occupy myself with meaningless bullshit to help the time pass",2,don't enjoy anything anymore,'s nothing want n't enjoy anything anymore occupy meaningless bullshit help time pas,1.3347172223385595,False
1331,I wish there was something to fight for other than a paycheck at the end of the month,2,paycheck,wish something fight paycheck end month,0.6676470949525701,False
1332,"I'm researching into the different kinds of antidepressants and found that Wellbutrin seemed best fit for my case except for the issue of it causing a person to become more anxious? Has wellbutrin worsened your anxiety/make you more anxious? I have depressive episodes where I can't get out of bed, feel numb towards emotions, want to be left alone/don't want to talk to people, unproductive",2,unproductive,'m researching different kind antidepressant found wellbutrin seemed best fit case except issue causing person become anxious wellbutrin worsened anxiety/make anxious depressive episode ca n't get bed feel numb towards emotion want left alone/do n't want talk people unproductive,1.9440274850780122,True
1333,But I also feel like I have high anxiety? But the anxiety usually comes as a result as the unproductiveness (i,2,unproductive,also feel like high anxiety anxiety usually come result unproductiveness,0.7741925717070144,False
1334,It‚Äö√Ñ√≤s so maddening to feel like a loser,2,so maddening to feel like a loser,it‚äö√ñ√≤s maddening feel like loser,0.487430416443971,False
1335,I have just been such a disappointment to everyone around me and I just don't know how to fix it all I feel its all because of me I feel like the biggest failure to have ever existed I am also having like self-harming thoughts like I want to cut my wrist to relive all the pain I am going through could someone help me out please,2,feel like the biggest failure,disappointment everyone around n't know fix feel feel like biggest failure ever existed also like self-harming thought like want cut wrist relive pain going could someone help please,1.1347701369269603,False
1336,It's been hard trying to focus for the past few days at work and I feel like I'm not productive at all,2,I'm not productive at all,'s hard trying focus past day work feel like 'm productive,0.5441273368593817,False
1337,I've always had an insecurity and inferior complex when it comes to my definition of success,2,definition of success,'ve always insecurity inferior complex come definition success,1.3219441434282395,False
1338,"I don't have any skills, talents, accomplishments, or any real hobbies",2,"talents, accomplishments",n't skill talent accomplishment real hobby,1.5395863681457918,False
1339,"I don‚Äö√Ñ√¥t know what to do, how to be happy",2,what to do,don‚äö√ñ√¥t know happy,0.3275596273178906,False
1340,I'm having such a hard time dealing with lack of focus in my entire life,2,having such a hard time dealing with lack of focus in my entire life,'m hard time dealing lack focus entire life,0.9997953043914085,False
1341,"I'm tired, I'm trying so hard, I want to be happy but I don't know what to do, I have no one to talk too and no matter how I try it seems like I can never be better or good enough",2,can never be better or good,'m tired 'm trying hard want happy n't know one talk matter try seems like never better good enough,0.3488603463766096,False
1342,Nothing aint fun nomore nothing excites me nomore nothing to look foward to nomore life aint fun nomore so whats the point of staying?,2,"nothing excites, fun nomore",nothing aint fun nomore nothing excites nomore nothing look foward nomore life aint fun nomore whats point staying,1.0057628192968224,False
1343,I'm sick of failing in life again and again and again I'm sick of people calling me crazy I'm of being treated like crap I'm sick of life,2,sick of failing in life,'m sick failing life 'm sick people calling crazy 'm treated like crap 'm sick life,1.0549638786291298,False
1344,"I've been trying to find healthier ways to cope, and have failed",2,have failed,'ve trying find healthier way cope failed,0.8420206770266352,False
1345,"Now, I've suspended my studies and live at home doing fucking nothing all day, distracting myself from thoughts of self-harming",2,suspended my studies,'ve suspended study live home fucking nothing day distracting thought self-harming,0.8534610280880531,False
1346,"Let's have some fucking fun, do stupid shit, life is boring af, so let's just make fun of it",2,life is boring,let 's fucking fun stupid shit life boring af let 's make fun,1.1574020934482783,False
1347,"Eventually I‚Äö√Ñ√¥ll settle down into a meaningless, soul sucking job, just like everyone else, and wait patiently for death like a good boy",2,soul sucking job,eventually i‚äö√ñ√¥ll settle meaningless soul sucking job like everyone else wait patiently death like good boy,1.1490594843363573,False
1348,My brain is fucked I have no chance my family is fucked my life is fucked I have had poor health since childhood and still do,2,"poor health, poor",brain fucked chance family fucked life fucked poor health since childhood still,1.06488530786051,False
1349,Everything's been all over the place lately and I feel i have no future,2,have no future,everything 's place lately feel future,0.8416049536120821,False
1350,I get bored or lose interest &amp; will feel sad out of nowhere,2,"lose interest, get bored",get bored lose interest amp feel sad nowhere,0.935445043830906,False
1351,I'm just constantly losing and whenever I do win it's only for a millisecond,2,constantly losing,'m constantly losing whenever win 's millisecond,0.6741945526015072,False
1352,"So sick of feeling useless and alone, so sick of never being happy or feeling ok",2,never being happy,sick feeling useless alone sick never happy feeling ok,0.6551036507500395,False
1353,I‚Äö√Ñ√¥m so bored with life,2,so bored with life,i‚äö√ñ√¥m bored life,0.7497870547206639,False
1354,I‚Äö√Ñ√¥m almost 30 and life has lost all purpose,2,lost all purpose,i‚äö√ñ√¥m almost 30 life lost purpose,1.316798798887781,False
1355,"I‚Äö√Ñ√¥ve had severe lack of interest in activities, emotional numbness, suicidal thoughts, and other stuff for the past 2 months or so",2,"lack of interest in activities, emotional numbness",i‚äö√ñ√¥ve severe lack interest activity emotional numbness suicidal thought stuff past 2 month,1.0338036484917144,False
1356,I really want to get better and i hope that this is the first step to that for fear of the alternative,2,really want to get better,really want get better hope first step fear alternative,0.6090063460408434,False
1357,I am so unhappy,2,so unhappy,unhappy,0.005983329560710359,False
1358,"I don't like celebrating my birthday anymorex, not since I was 19",2,don't like celebrating my birthday,n't like celebrating birthday anymorex since 19,1.4381919231650502,False
1359,"We'll be buying cake for me and another girl whose birthday was earlier this week but it makes me extremely anxious just to have ppl know it is my birthday because I just don't enjoy living anymore, I have no friends in this city, I isolate myself more and more everyday, and I feel that makes me look pathetic and sad before everyone's eyes",2,just don't enjoy living anymore,'ll buying cake another girl whose birthday earlier week make extremely anxious ppl know birthday n't enjoy living anymore friend city isolate everyday feel make look pathetic sad everyone 's eye,1.2922642461304126,False
1360,Now at lunch the only person that didn't have an activity planned with the school(just like me) left class leaving me alone again :) :),2,left class leaving me alone again,lunch person n't activity planned school like left class leaving alone,1.0905058949971171,False
1361,"I have no job, no money, no passion or motivation, no coping mechanisms, and generally no happiness",2,"have no job, no passion, no money",job money passion motivation coping mechanism generally happiness,1.4657928363239416,False
1362,"Nothing is interesting, nothing brings any pleasure or joy",2,nothing brings any pleasure or joy,nothing interesting nothing brings pleasure joy,2.2884488092962942,True
1363,It feels like I can't make progress,2,can't make progress,feel like ca n't make progress,0.16958388879300731,False
1364,theres no point in living the monotony of life,2,no point in living the monotony of life,there point living monotony life,0.47645373957889453,False
1365,"I have zero hope for the future, nor goals or dreams",2,nor goals,zero hope future goal dream,1.3544086412418936,False
1366,"Just having the most basic lifestyle takes so much fucking work, just leaving the house to go to school is too much So many possibilities, so many diseases you can have, so many things a person can judge you for, so many things that you can do wrong Why can‚Äö√Ñ√¥t I just be normal?",2,leaving the house to go to school,basic lifestyle take much fucking work leaving house go school much many possibility many disease many thing person judge many thing wrong can‚äö√ñ√¥t normal,0.9003817204502181,False
1367,"i woke up still depressed and crying again, not wanting to get out of bed or do anything, let alone go to uni and do my work/study",2,"go to uni, my work/study",woke still depressed cry wanting get bed anything let alone go uni work/study,1.534073152303134,False
1368,All my friends and family are so confused by my increasingly poor life decisions lately and I never have a good excuse,2,poor life decisions,friend family confused increasingly poor life decision lately never good excuse,1.6351350604954669,False
1369,What am I supposed to tell them? That I‚Äö√Ñ√¥m so upset that it feels impossible to prioritize even the most important tasks,2,feels impossible to prioritize even the most important task,supposed tell i‚äö√ñ√¥m upset feel impossible prioritize even important task,1.800127083343657,False
1370,I'm considering jumping off the only skyscraper in my city when I finish the game because there will nothing else to make me happy,2,finish the game,'m considering jumping skyscraper city finish game nothing else make happy,2.7531805114544503,True
1371,Fuck everything I‚Äö√Ñ√¥ve worked so hard and prayed so much and it‚Äö√Ñ√¥s all still going so bad,2,worked so hard,fuck everything i‚äö√ñ√¥ve worked hard prayed much it‚äö√ñ√¥s still going bad,1.2209176746794725,False
1372,"I was sexually abused as a child, there I said it",2,sexually abused as a child,sexually abused child said,1.64253199913147,False
1373,"The thought of going through yet another year in poverty, loneliness, hatred and sadness is almost too much for me to bear",2,"poverty, loneliness",thought going yet another year poverty loneliness hatred sadness almost much bear,1.2815391582261582,False
1374,"I'm in my senior year of college now, and am still trying to shake these memories",2,in my senior year of college now,'m senior year college still trying shake memory,0.9786454653159885,False
1375,I have no motivation nor intention to progress in my life,2,no motivation,motivation intention progress life,0.3534923674900598,False
1376,"I'd say my existence is more so comparable to a tumor, I am not productive and only produce negative effects on others that unfortunately have the unbearable pain that comes from interaction with someone like me",2,not productive,'d say existence comparable tumor productive produce negative effect others unfortunately unbearable pain come interaction someone like,1.5256408042994316,False
1377,I‚Äö√Ñ√¥ll be graduating hs in a few months and I‚Äö√Ñ√¥m scared because I know I‚Äö√Ñ√¥ll fuck up my whole life with my shitty decision making why the fuck did I have to be alive,2,shitty decision making,i‚äö√ñ√¥ll graduating h month i‚äö√ñ√¥m scared know i‚äö√ñ√¥ll fuck whole life shitty decision making fuck alive,0.7770969707710647,False
1378,Every time when I think about myself I see a failure that will never be able to do anything good,2,never be able to do anything good,every time think see failure never able anything good,0.41411591301772577,False
1379,Whenever I try talking about my problems no one seems to care and just counteracts it by saying how they have it harder,3,no one seems to care,whenever try talking problem one seems care counteracts saying harder,0.7128478855763482,False
1380,"I‚Äö√Ñ√¥m trans, gay, a person of color, mentally ill, and I feel like I‚Äö√Ñ√¥m living on borrowed time",3,gay,i‚äö√ñ√¥m trans gay person color mentally ill feel like i‚äö√ñ√¥m living borrowed time,1.0885331096253212,False
1381,"No love, just bias",3,no love,love bias,1.0976703863048227,False
1382,"I‚Äö√Ñ√¥m a failure at school, I‚Äö√Ñ√¥m a failure at my job, I‚Äö√Ñ√¥m a failure at keeping a relationship, I‚Äö√Ñ√¥m a failure at making friends and I‚Äö√Ñ√¥m a failure at being my own fucking gender",3,failure at making friends,i‚äö√ñ√¥m failure school i‚äö√ñ√¥m failure job i‚äö√ñ√¥m failure keeping relationship i‚äö√ñ√¥m failure making friend i‚äö√ñ√¥m failure fucking gender,0.4509508021997649,False
1383,i see people who have dropped me out of their life be really really happy,3,people who have dropped me out,see people dropped life really really happy,0.7676162976948558,False
1384,I feel empty; the sort of empty where I feel as if I'm an intruder of my own body and mind,3,empty,feel empty sort empty feel 'm intruder body mind,0.8671144873793691,False
1385,I‚Äö√Ñ√¥m school people throw shit at me and you know what I do nothing like the pice of shit I am,3,people throw shit at me,i‚äö√ñ√¥m school people throw shit know nothing like pice shit,0.5325126844853343,False
1386,"I just fucking hate my life but have to keep fucking acting like everythings fucking fone and happy i cant bring myself to fucking tell anyone how depressed i am but i can post it here and tell you guys, you are my only escape from reality and the only thing that makes me feel less lonely",3,"the only thing that makes me feel less lonely, hate my life, escape from reality",fucking hate life keep fucking acting like everythings fucking fone happy cant bring fucking tell anyone depressed post tell guy escape reality thing make feel le lonely,0.7111434003268018,False
1387,"I have been bullied and told I was playing the victim card my entire life, nobody wants me to live so why am I still here? I will never find a boyfriend or girlfriend and being broken with a useless set of cards keeps me from being even slightly successful",3,boyfriend or girlfriend,bullied told playing victim card entire life nobody want live still never find boyfriend girlfriend broken useless set card keep even slightly successful,1.6540927347102756,False
1388,"It makes me feel like I won't be able to find new friends in the future, because people see me as different, and they treat me in a more childish or condescending way",3,people see me as different,make feel like wo n't able find new friend future people see different treat childish condescending way,0.7854154201790531,False
1389,"It‚Äö√Ñ√¥s only freshman year and already I‚Äö√Ñ√¥ve been bullied, cut from every team I‚Äö√Ñ√¥ve tried out for, my grades are slowly falling, my homecoming date literally ditched me for another guy, and I‚Äö√Ñ√¥m being made fun of dating because she‚Äö√Ñ√¥s only a year younger than me",3,homecoming date,it‚äö√ñ√¥s freshman year already i‚äö√ñ√¥ve bullied cut every team i‚äö√ñ√¥ve tried grade slowly falling homecoming date literally ditched another guy i‚äö√ñ√¥m made fun dating she‚äö√ñ√¥s year younger,1.5193934636348494,False
1390,"I just feel like shit when I wake up, when I go to sleep, when I interact with friends, it's so painful to exist, I can't keep going on like this, my life is pointless as it is now, and I don't have any motivation to change it, I just want to stop",3,interact with friends,feel like shit wake go sleep interact friend 's painful exist ca n't keep going like life pointless n't motivation change want stop,0.8532100083662703,False
1391,i am the only one who failed out of the grade in my class and now im all alone in a new class full of failures like me and i really dont know what to do,3,all alone in a new class,one failed grade class im alone new class full failure like really dont know,0.5181411274054113,False
1392,All my high school friends are heading back to college soon which is going to leave me completely alone,3,completely alone,high school friend heading back college soon going leave completely alone,0.5038034447051356,False
1393,"have no friends, nobody to talk to, and dont know how to get it out",3,nobody to talk to,friend nobody talk dont know get,0.28371137700295046,False
1394,"I've had past relationships ruined, jobs, family ties",3,"relationships ruined, family ties",'ve past relationship ruined job family tie,0.636288800373695,False
1395,"It happens at least twice a week: some jerk cuts me off when I'm talking or a coworker simply ignores what I just said, and I instantly start hating on myself",3,coworker simply ignores,happens least twice week jerk cut 'm talking coworker simply ignores said instantly start hating,1.6146356418760925,False
1396,I could lose my one true friend who knows about my depression and be truly alone,3,truly alone,could lose one true friend know depression truly alone,0.9910259405767948,False
1397,i know my family is so disappointed and fed up with me,3,family is so disappointed,know family disappointed fed,1.1119747587578441,False
1398,i‚Äö√Ñ√¥m also struggling with a severely broken heart from an on-and-off 10 year thing and i‚Äö√Ñ√¥m realizing now that this person wants nothing to do with me in their life even though i love them more than anything,3,broken heart,i‚äö√ñ√¥m also struggling severely broken heart on-and-off 10 year thing i‚äö√ñ√¥m realizing person want nothing life even though love anything,1.2781338278553622,False
1399,I just spent new years eve alone on a rooftop,3,alone,spent new year eve alone rooftop,1.2107272274289373,False
1400,"Things may not be any better just because another 24 hours passed, but to everyone who also spends the night alone: I wish you a great year and good luck for the things you're going to attempt!",3,alone,thing may better another 24 hour passed everyone also spends night alone wish great year good luck thing 're going attempt,0.961020128801514,False
1401,I'm so lonely,3,"so lonely, lonely",'m lonely,0.18643492586137778,False
1402,I feel so alone,3,"alone, alone, I feel so alone",feel alone,0.07930841909126272,False
1403,I‚Äö√Ñ√¥ve wasted my teenage years,3,wasted my teenage years,i‚äö√ñ√¥ve wasted teenage year,0.9019064896097431,False
1404,"This time of year when I most crave for social interactions, friends, even family and none of them responded",3,crave for social interactions,time year crave social interaction friend even family none responded,0.75997125764484,False
1405,"Sometimes depression hits me at the worst times, so there are times where I can't really talk to people for a bit because everyone could be at work or asleep",3,talk to people,sometimes depression hit worst time time ca n't really talk people bit everyone could work asleep,0.8118436215980825,False
1406,"The stress of college, my anxiety, my loneliness, no one likes me at school even though I do try, people hate me when I haven‚Äö√Ñ√¥t done anything to them, parents that won‚Äö√Ñ√¥t help me, an emotionally abusive father, I‚Äö√Ñ√¥m in an online relationship that seems bleak more and more everyday, my boyfriend is out with all his friends and I‚Äö√Ñ√¥m here alone in pain",3,loneliness,stress college anxiety loneliness one like school even though try people hate haven‚äö√ñ√¥t done anything parent won‚äö√ñ√¥t help emotionally abusive father i‚äö√ñ√¥m online relationship seems bleak everyday boyfriend friend i‚äö√ñ√¥m alone pain,0.6185720353776726,False
1407,"How do I tell my parents? This has been eating away at my happiness, everytime I think of my future this feeling of guilt and depression looms over my head like a tsunami",3,tell my parents,tell parent eating away happiness everytime think future feeling guilt depression loom head like tsunami,1.0042837567323333,False
1408,"I've been depressed all of my adult life and I worry if I get better from this, what if I do not like the new version of myself? I guess I don't know what part of my personality is a mental illness and what part is actually who I am, and so if I tame the mental illness then what if I don't like the version of me that's left? Has anyone felt like this, and if so how did you approach the recovery process? I cannot afford medication or therapy so I am in the process of making my own plan of action to help me out until I can find a therapist on a sliding scale (the waiting lists are a bitch where I live for this sort of thing)",3,adult life,'ve depressed adult life worry get better like new version guess n't know part personality mental illness part actually tame mental illness n't like version 's left anyone felt like approach recovery process afford medication therapy process making plan action help find therapist sliding scale waiting list bitch live sort thing,1.4212652137545745,False
1409,It‚Äö√Ñ√¥s hard to get over a breakup when your dad doesn‚Äö√Ñ√¥t let you go out to stay busy with your barely existing friends,3,barely existing friends,it‚äö√ñ√¥s hard get breakup dad doesn‚äö√ñ√¥t let go stay busy barely existing friend,1.6206801346261075,False
1410,It‚Äö√Ñ√¥s hard knowing your friends/peers are doing just fine with you isolating yourself,3,isolating,it‚äö√ñ√¥s hard knowing friends/peers fine isolating,1.5870237227662907,False
1411,All my relationships fail because I'm just not emotional and block everything out,3,relationships fail,relationship fail 'm emotional block everything,1.0485890871641625,False
1412,I know I'm not alone but I just feel so isolated in myself,3,so isolated,know 'm alone feel isolated,0.29478014696230226,False
1413,College is easy for sex but I was struggling,3,sex,college easy sex struggling,1.4437737682480507,False
1414,"Now that college is done, I regret it and my wasted youth",3,wasted youth,college done regret wasted youth,1.4594645779810964,False
1415,"I went from optimistic to very depressed, self hating, isolated",3,isolated,went optimistic depressed self hating isolated,0.6524374693523776,False
1416,I miss some of my ex gfs but all of them ghosted me,3,ex gfs,miss ex gfs ghosted,0.7712665855036569,False
1417,Im really lonely,3,really lonely,im really lonely,0.19626610623007743,False
1418,My parents only keep me around so I can attend college but if I don't I'm out,3,parents only keep me around so I can attend college but if I don't I'm out,parent keep around attend college n't 'm,0.32743204400570425,False
1419,"It's the early morning, I'm thinking about how my coworkers are all jerks",3,thinking about how my coworkers are all jerks,'s early morning 'm thinking coworkers jerk,1.4548427082889488,False
1420,"I really hate them, they make my life miserable",3,really hate them,really hate make life miserable,0.3341047834454492,False
1421,I am an international student and have not seen my family in three years,3,have not seen my family in three years,international student seen family three year,1.1188497703730258,False
1422,"But I know that it'll probably end the same as all the years I spent at community college did, with nothing of significance happening and not making any friends",3,mot making any friends,know 'll probably end year spent community college nothing significance happening making friend,1.6821382634501834,False
1423,Im having problems talking about how i feel with my friends and i feel like people are using me,3,people are using me,im problem talking feel friend feel like people using,0.5720525816316099,False
1424,"I had an awful time in high school, I didn't have friends, I pushed everyone away, I didn't date anyone or go to dances or kiss anyone or have sex and now I'm 20 and I wish I had fun when I was younger bc I can't figure out how to now and I don't know how to tell any future partner I may have that ""oh yeah I'm 20 whatever years old and I've never kissed anyone"" how fucking embarrassing",3,I didn't have friends,awful time high school n't friend pushed everyone away n't date anyone go dance kiss anyone sex 'm 20 wish fun younger bc ca n't figure n't know tell future partner may `` oh yeah 'm 20 whatever year old 've never kissed anyone '' fucking embarrassing,1.9737440893889138,True
1425,At some point I thought that I could motivate myself by using it as a prompt to improve social interactions,3,social interactions,point thought could motivate using prompt improve social interaction,1.6595428004246566,False
1426,I have social anxiety and lack of discipline and I don't know how to improve,3,social anxiety,social anxiety lack discipline n't know improve,1.2571831674690361,False
1427,"I never leave my apartment unless I have to go to work an I typically work late at night so I don't have to talk too much to people, then after work I go grocery shopping at the Safeway, go home, repeat",3,talk too much to people,never leave apartment unless go work typically work late night n't talk much people work go grocery shopping safeway go home repeat,1.2792206311414547,False
1428,Which in return has caused me to lose a lot of relationships and trust for people,3,caused me to lose a lot of relationships and trust for people,return caused lose lot relationship trust people,0.977390692919989,False
1429,"Heck, I‚Äö√Ñ√¥ve even lost my relationship with my own mother because of this",3,even lost my relationship with my own mother because of this,heck i‚äö√ñ√¥ve even lost relationship mother,0.42481317471306745,False
1430,"They care,even if they don't talk to me a lot and I'm an idiot",3,even if they don't talk to me a lot and I'm an idiot,care even n't talk lot 'm idiot,0.8330986000178358,False
1431,i look at my peers and almost all of them are more socially active than i am,3,more socially active than i am,look peer almost socially active,1.75396009824856,False
1432,i'm not a member of any clubs nor do i feel particularly interested in joining them,3,not a member of any clubs,'m member club feel particularly interested joining,2.5238014647879674,True
1433,i feel like i'm not as employable as my peers and it really frightens me,3,i feel like i'm not as employable as my peers and it really frightens me,feel like 'm employable peer really frightens,1.0617961378521061,False
1434,"My dad just wants me to ""get better"" and stop living off him, which is ok",3,"My dad just wants me to ""get better"" and stop living off him",dad want `` get better '' stop living ok,0.9775223105464937,False
1435,"I'm in a bit of a pickle: new country, no job, no friends, too cold to go anywhere (no car) and nothing to do",3,no friends,'m bit pickle new country job friend cold go anywhere car nothing,0.9767800068644804,False
1436,"my family, my friends, all lose their trust in me, I'm just not cut out for anything I don't think the world has a place for me",3,"family, my friends, all lose their trust in me,",family friend lose trust 'm cut anything n't think world place,0.7033805222988015,False
1437,"my girlfriend left me, etc",3,my girlfriend left me,girlfriend left etc,0.4337601839244139,False
1438,Tried to go into work and had a panic attack and had to leave,3,panic attack,tried go work panic attack leave,0.6841872295927969,False
1439,"I dissapointed my dad yet again, I might loose my dorm room if this financial shit doesn't work out, and I need a 3",3,dissapointed my dad yet again,dissapointed dad yet might loose dorm room financial shit n't work need 3,0.8282926676841623,False
1440,"Begged and pleaded, but she's with someone else I work with after nights of flirting",3,but she's with someone else,begged pleaded 's someone else work night flirting,0.32666668742604493,False
1441,My boyfriend resents me for moving in with him,3,boyfriend resents,boyfriend resents moving,1.194485482870294,False
1442,Other times I dream about moving away from home and I struggle or my car breaks down and I cannot get it fixed,3,moving away from home,time dream moving away home struggle car break get fixed,0.9216797142476677,False
1443,I'm so alone,3,alone,'m alone,0.005983329560710359,False
1444,I have social anxiety and i am social akward,3,social anxiety,social anxiety social akward,0.4580964253592194,False
1445,i am unemployed i dropped from uni,3,lived in isolation,unemployed dropped uni,1.7095623990484792,False
1446,In middle school I had some issues with social integration,3,social integration,middle school issue social integration,1.2465935644272548,False
1447,That's how I got isolated,3,got isolated,'s got isolated,0.351912414673433,False
1448,Talked to my mom today about a test I have today that I was stressing over,3,Talked to my mom,talked mom today test today stressing,0.8123608068267774,False
1449,I block all my problems out and just isolate myself,3,isolate myself,block problem isolate,1.0989329678112245,False
1450,My parents are disappointed and angry at me,3,parents are disappointed and angry,parent disappointed angry,1.1106098739065882,False
1451,I mean I'm going to live in my parents basement until I die so what does it matter if I'm gay or straight,3,gay or straight,mean 'm going live parent basement die matter 'm gay straight,0.8011996207256893,False
1452,"I feel like such a disappointment, my life is going nowhere, I wake up and I have to face that I'm a faliure compared to my sister and brother every single day",3,compared to my sister and brother,feel like disappointment life going nowhere wake face 'm faliure compared sister brother every single day,0.864437998462578,False
1453,"My parents were always coercive, and I was timid",3,parents,parent always coercive timid,0.25790267338716993,False
1454,I feel like killing myself each because I‚Äö√Ñ√¥m not good enough for my parents,3,not good enough for my parents,feel like killing i‚äö√ñ√¥m good enough parent,0.6088504127739266,False
1455,And I just feel like I‚Äö√Ñ√¥m the one home and depressed holding my parents down,3,holding my parents down,feel like i‚äö√ñ√¥m one home depressed holding parent,1.2043795075020802,False
1456,"I hate the idea of my family and friends having to deal with the fallout, but I really can't see a future for myself",3,family and friends,hate idea family friend deal fallout really ca n't see future,0.785358184886668,False
1457,but i still have some good moments also i havent lost my apetite instead i binge hard :'( and sometimes i think maybe i am just faking i might have a depression just to avoid responaibilities,3,avoid responsibilities,still good moment also havent lost apetite instead binge hard sometimes think maybe faking might depression avoid responaibilities,0.6353530614972392,False
1458,I opened myself up to somebody for the first time in years and ended up getting my heart broken amongst one of the worst depressed periods in my life,3,heart broken,opened somebody first time year ended getting heart broken amongst one worst depressed period life,1.07857003105005,False
1459,I have a girlfriend,3,have a girlfriend,girlfriend,0.42121282847690056,False
1460,I have a very hard time reading emotions and connecting with people in the first place,3,hard time reading emotions and connecting with people,hard time reading emotion connecting people first place,1.1675543524493932,False
1461,"No one in my family is doing anything to help me, I just want to drop out, but I can't because I want to make them happy",3,my family,one family anything help want drop ca n't want make happy,0.5506089232240475,False
1462,"This is almost directly related to my social anxiety and lack of self confidence,this has been making me more and more scared to talk every minute of the day,I am now training myself to take deep breaths and slow down my speech,and have the whole sentence I want to say displayed in my brain before I say it,but even if I do all 3,there is still a 50% chance that I would mass up and look like I am going to vomit,and I can't just take random deep breaths and sudden slow of speech in a presentation,right? Please help,I am scared to shit now",3,social anxiety,almost directly related social anxiety lack self confidence making scared talk every minute day training take deep breath slow speech whole sentence want say displayed brain say even 3 still 50 chance would mass look like going vomit ca n't take random deep breath sudden slow speech presentation right please help scared shit,1.8038552313681366,False
1463,He told me that he lost someone important to him and he's been feeling emotionless since,3,lost someone important,told lost someone important 's feeling emotionless since,1.9380980530364846,True
1464,"i may seem happy but thats just an act, if people saw who i really am theyd put me away in some hospital",3,people,may seem happy thats act people saw really theyd put away hospital,1.7169431983948076,False
1465,I feel very alone around the holidays and try to make an effort to be with people because if I don't then I start a pattern of self-deprecation and self-hate and thoughts of suicide start to creep in,3,very alone,feel alone around holiday try make effort people n't start pattern self-deprecation self-hate thought suicide start creep,0.5975883678545996,False
1466,"What is even more depressing is that I care about being of age to do this, and being able to just do it alone",3,alone,even depressing care age able alone,1.5514242950048478,False
1467,And I felt empty,3,felt empty,felt empty,0.4073479838885811,False
1468,"Why is depression treated? Why is it not usually left well enough alone if its symptoms are seen but someone isn't a danger to others? (This goes to the extent of ""danger to self"" where things like involuntary holds and medication come in",3,danger to others,depression treated usually left well enough alone symptom seen someone n't danger others go extent `` danger self '' thing like involuntary hold medication come,1.1984126172610374,False
1469,"Anyway, I stopped both SSRIs 1 week before the test (now is 10 days without them) and I don't feel any different, in fact if anything, I feel happier, but the most striking was my marked increase in my libido and the capability to ejaculate once again :) When I was on the SSRIs I had turned into an asexual creature and if I ""force"" my self to have sex or watch porn I had a half - @ass erection and (kind of whiskey d!ck) and more often than not I had to fake and orgasm (using a condom) or if by any chance I can finish is after a long ""banging"" and with an almost painful spasms of my legs, really weird sense",3,"force"" my self to have sex",anyway stopped ssri 1 week test 10 day without n't feel different fact anything feel happier striking marked increase libido capability ejaculate ssri turned asexual creature `` force '' self sex watch porn half as erection kind whiskey ck often fake orgasm using condom chance finish long `` banging '' almost painful spasm leg really weird sense,1.9956501249318126,True
1470,"I'm alone on my fucking computer, as usual",3,alone,'m alone fucking computer usual,1.9538446181658957,True
1471,"While I work two jobs, I isolated myself, and as a result, practically have no friends left",3,isolated myself,work two job isolated result practically friend left,0.7792728834810715,False
1472,"This year, I have a terminally ill family member and I'm struggling to find a place to live as I'm being kicked out of my old place",3,ill family member,year terminally ill family member 'm struggling find place live 'm kicked old place,1.3043596014822902,False
1473,"I‚Äö√Ñ√¥m also lonely because I don‚Äö√Ñ√¥t have any friends except for my fianc‚àö¬©, but family isn‚Äö√Ñ√¥t around",3,lonely,i‚äö√ñ√¥m also lonely don‚äö√ñ√¥t friend except fianc‚àö¬© family isn‚äö√ñ√¥t around,1.817558617980544,False
1474,Maybe I'm better off being alone forever,3,alone forever,maybe 'm better alone forever,0.8030236575561747,False
1475,"Now I'm alone, suicidal and worse than last year",3,alone,'m alone suicidal worse last year,0.5106116680655401,False
1476,So I just sit home alone,3,alone,sit home alone,1.033072851340138,False
1477,"If everything you know of the enemy is that they have no mercy, that they are ruthless, and that they will do nothing but torture you, and you find yourself surrounded by them, history shows us that people in such a situation would often choose to take their own life rather than suffer such a fate",3,they have no mercy,everything know enemy mercy ruthless nothing torture find surrounded history show u people situation would often choose take life rather suffer fate,1.0315385212341688,False
1478,"I'm the only person he talks to about it, and it's good that he can at least talk to someone, but I think he should tell his parents so he could try to get professional help",3,he should tell his parents,'m person talk 's good least talk someone think tell parent could try get professional help,0.7279748147748534,False
1479,"im so lonely and i have no one, i cant stop thinking",3,so lonely,im lonely one cant stop thinking,0.37850510679183147,False
1480,I'm not allowed to see my kids and I feel like a giant burden on my friends whom I live with atm,3,burden on my friends,'m allowed see kid feel like giant burden friend live atm,0.6192596180212773,False
1481,People really don't give a shit what I have to say about anything,3,People really,people really n't give shit say anything,0.29510611548781973,False
1482,My SO has been pulling away from me and left me all alone last night because she didn't want to sit home with me and had already made plans with someone without me and didn't even mention anything until she was leaving,3,pulling away,pulling away left alone last night n't want sit home already made plan someone without n't even mention anything leaving,1.3613988923679945,False
1483,I sat home alone and drank myself sick until 3:45 when she finally came home,3,drank,sat home alone drank sick 3:45 finally came home,1.3288800025084824,False
1484,I have never felt so alone in my life and maybe not as low as this in a long time,3,alone,never felt alone life maybe low long time,0.5282759302124792,False
1485,It will be the year I will stop bothering everyone with my existence,3,bothering everyone,year stop bothering everyone existence,0.3390687016938963,False
1486,"When I look at all the problems I have to face and all the issues I've got; my crippling anxiety issues, my huge insecurities about every part of me and my overwhelming jealousy leading to loneliness and isolation it all just seems impossible and pointless trying to fix it",3,"loneliness, isolation",look problem face issue 've got crippling anxiety issue huge insecurity every part overwhelming jealousy leading loneliness isolation seems impossible pointless trying fix,1.539158520482603,False
1487,I keep thinking my friends are planning to hurt me,3,my friends,keep thinking friend planning hurt,1.4195865427523338,False
1488,Several times I‚Äö√Ñ√¥ve thought I was going to be publicly shamed by my closest friends,3,my closest friends,several time i‚äö√ñ√¥ve thought going publicly shamed closest friend,0.8339762365744939,False
1489,I don‚Äö√Ñ√¥t know who I can trust anymore,3,trust anymore,don‚äö√ñ√¥t know trust anymore,0.6544314821781058,False
1490,"it makes understanding social cues, empathizing with others (IE understanding why you made someone upset), and social interaction in general very difficult",3,understanding social cues,make understanding social cue empathizing others ie understanding made someone upset social interaction general difficult,1.209609166743458,False
1491,"When compounded with existing depression, it makes me feel profoundly isolated sometimes",3,feel profoundly isolated,compounded existing depression make feel profoundly isolated sometimes,0.30195378754714036,False
1492,"Whether I have consciously or unconsciously pushed people away, I am now here alone",3,"pushed people away, alone",whether consciously unconsciously pushed people away alone,0.9263701656464771,False
1493,"Who do I have? Help me in hell, my friend (my friend) I won't shed a tear Let them see me in pain again Hello, from the dark side in Does anybody here wanna be my friend? (my friend) Want it all to end Tell me when the fuck is it all gon‚Äö√Ñ√¥ end? Voices in my head Telling me I'm gonna end up dead So save me, before I fall So save me, I don't wanna be alone So save me, before I fall So save me, I don‚Äö√Ñ√¥t wanna be alone",3,my friend,help hell friend friend wo n't shed tear let see pain hello dark side anybody wan na friend friend want end tell fuck gon‚äö√ñ√¥ end voice head telling 'm gon na end dead save fall save n't wan na alone save fall save don‚äö√ñ√¥t wan na alone,1.4812943059157533,False
1494,I don't feel like I have anyone to talk or turn to without feeling guilty or like I am making a meal out of how i'm feeling,3,anyone to talk,n't feel like anyone talk turn without feeling guilty like making meal 'm feeling,0.6588233263301426,False
1495,I hang out with my friends I still feel lonely I dont move from my bed I still feel lonely people talk to me I still feel lonely,3,feel lonely,hang friend still feel lonely dont move bed still feel lonely people talk still feel lonely,0.26354909857288067,False
1496,"I‚Äö√Ñ√¥ve changed so much since I‚Äö√Ñ√¥ve gotten depression, I stop caring about school my relationships with my friend, I stopped caring what peaple think about me (witch can cause me to an asshole) before depression I thought I wouldn‚Äö√Ñ√¥t even touch alcohol and now I‚Äö√Ñ√¥m starving to do shrooms (don‚Äö√Ñ√¥t drink that much) I used to get decent grade and try now I‚Äö√Ñ√¥m just passing bc my teacher are rounding up my makes to 50, I‚Äö√Ñ√¥ve recently stopped cutting but only bc I have nothing to do it with and my gf doesn‚Äö√Ñ√¥t want me to",3,"I stop caring about school my relationships with my friend, I stopped caring what peaple think about me",i‚äö√ñ√¥ve changed much since i‚äö√ñ√¥ve gotten depression stop caring school relationship friend stopped caring peaple think witch cause asshole depression thought wouldn‚äö√ñ√¥t even touch alcohol i‚äö√ñ√¥m starving shrooms don‚äö√ñ√¥t drink much used get decent grade try i‚äö√ñ√¥m passing bc teacher rounding make 50 i‚äö√ñ√¥ve recently stopped cutting bc nothing gf doesn‚äö√ñ√¥t want,1.369534017464532,False
1497,"I'm 26 years old, I think I'm beautiful and I look younger, but I've been in severe depression for over ten years because of family losses and my borderline disorder, and I think I was born mentally ill",3,family losses,'m 26 year old think 'm beautiful look younger 've severe depression ten year family loss borderline disorder think born mentally ill,1.8064054150662379,False
1498,"I just want her to have peace, but I don't want to let her go",3,don't want to let her go,want peace n't want let go,0.6290813744190703,False
1499,"I've had depression for as long as I can remember and I can't make any lasting friendships, let alone date anyone",3,let alone date anyone,'ve depression long remember ca n't make lasting friendship let alone date anyone,1.1218529301629334,False
1500,"But since my relationship ended 8 months ago, I've been stuck in this horrific cycle of absolutely loathing myself, feeling heavy/tired and totally unmotivated to do anything",3,relationship ended,since relationship ended 8 month ago 've stuck horrific cycle absolutely loathing feeling heavy/tired totally unmotivated anything,1.563740251898847,False
1501,"I guess that's just important info, i'm hella depressed, I don't enjoy anything anymore, I don't want to talk to people, friends have started leaving me because my disorder is getting worse, nobody knows or understands my disorder, I hate my situation overall and I genuinely want to die",3,friends have started leaving me,guess 's important info 'm hella depressed n't enjoy anything anymore n't want talk people friend started leaving disorder getting worse nobody know understands disorder hate situation overall genuinely want die,1.1562712589558843,False
1502,"None of that is even possible though, because he's gone",3,he's gone,none even possible though 's gone,1.6132006296457717,False
1503,I am 22 and have never had a girlfriend and have been rejected countless times,3,never had a girlfriend,22 never girlfriend rejected countless time,1.3867969352774618,False
1504,"Yesterday my girlfriend dumped me, it was genuinely sick, we had been dating almost 7 months and when she dumped me she laughed and smiled and treated me like shit",3,she dumped me she laughed and smiled and treated me like shit,yesterday girlfriend dumped genuinely sick dating almost 7 month dumped laughed smiled treated like shit,1.5357760117575778,False
1505,My relationship was toxic as it felt as though I was the only one trying as I clinged onto the thoughts that she would be the one who help me to get out of depression,3,relationship was toxic,relationship toxic felt though one trying clinged onto thought would one help get depression,0.8096863449974321,False
1506,"I have no friends, live miles away from any family and at the age of almost 28 have nothing to live for",3,have no friends,friend live mile away family age almost 28 nothing live,0.5907721046319686,False
1507,At this point I have stopped trying to open up to my friends,3,stopped trying to open up to my friends,point stopped trying open friend,0.9591727795494069,False
1508,everything was fine (I just loved her company) until 2 weeks ago she started dating and I never really see her anymore and is now about to move away,3,I never really see her,everything fine loved company 2 week ago started dating never really see anymore move away,0.8317089373571154,False
1509,I lost my girlfriend of almost three years,3,lost my girlfriend of almost three years,lost girlfriend almost three year,0.31388645116238034,False
1510,I don't have any friends to get drunk with tonight,3,I don't have any friends to get drunk with tonight,n't friend get drunk tonight,0.9397181080903251,False
1511,This year it's my friends moving away,3,my friends moving away,year 's friend moving away,0.9463482783049229,False
1512,I am 27 Male and separated from my wife,3,separated from my wife,27 male separated wife,1.8803451274884087,True
1513,"I mean, this person is with his/her loved one, people she cares about",3,this person is with his/her loved one,mean person his/her loved one people care,0.5645294490280685,False
1514,All of my friends are out partying right now and I'm at home getting lectured by my family on my negative attitude,3,my friends are out partying,friend partying right 'm home getting lectured family negative attitude,1.5722710882907154,False
1515,I'm 23 I live with my grandma she hates my guts I want to move out but it's going to take some time before I save enough money,3,live with my grandma she hates my guts,'m 23 live grandma hate gut want move 's going take time save enough money,1.5132481950354597,False
1516,"I just came to the realization that none of my friends, or I could say, past friends, didn't wish me a merry christmas",3,none of my friends,came realization none friend could say past friend n't wish merry christmas,1.3980776962413932,False
1517,I broke up with her and was genuinely happy,3,I broke up with her,broke genuinely happy,0.9620807221380344,False
1518,"tl;dr friends ditched me, depression is coming back",3,friends ditched me,tl dr friend ditched depression coming back,0.7704770663021965,False
1519,Me (19M) was just cheated on by my girlfriend (19F) of two years,3,just cheated on by my girlfriend,19m cheated girlfriend 19f two year,0.9185685089348046,False
1520,So now I have gone in one year from being kind of cool with everyone then being really awesome and fun and everybody liked me and I was invited to everything to now not being invited to anything and none of the people that were my friends caring to ask me to hang out,3,none of the people that were my friends caring to ask me to hang out,gone one year kind cool everyone really awesome fun everybody liked invited everything invited anything none people friend caring ask hang,2.144107844150116,True
1521,"Even my boyfriend thinks I'm toxic and I can't count the amount of times I've hurt him, my family, the people I care about over the last year",3,the people I care about,even boyfriend think 'm toxic ca n't count amount time 've hurt family people care last year,0.6494499138122911,False
1522,"To be rather blunt, I'm single, stuck living with parents and working shitty hours",3,single,rather blunt 'm single stuck living parent working shitty hour,0.7550378264913089,False
1523,"I don't have any friends, I've never been in a proper, loving relationship and I'm a socially awkward loser",3,socially awkward,n't friend 've never proper loving relationship 'm socially awkward loser,1.2711781858181221,False
1524,He had already broken up with me 3 months ago saying that his feelings for me were fading away but he already had a plain ticket to come see me for November,3,broken up,already broken 3 month ago saying feeling fading away already plain ticket come see november,0.7809064422204144,False
1525,i have liked her for so long,3,liked her,liked long,1.7248688493358708,False
1526,I don't know how I should place it but it seems like everyone of my friends have that one they can go to And every time I think I have found that one in my life they always stop answering completely and i don't know why or they just change and they will be complete asshole too me and I'm just tired of it I'm tired of not having anyone in my life I have been battling depression for about 3 years now and there is nobody there is nobody that has comed so close to be that I have told them and they didn't left after and I just think my life is just a pass time no meaning,3,tired of not having anyone in my life,n't know place seems like everyone friend one go every time think found one life always stop answering completely n't know change complete asshole 'm tired 'm tired anyone life battling depression 3 year nobody nobody comed close told n't left think life pas time meaning,0.6659099563877877,False
1527,"I think if I fuck up and constantly bug her about things, that she'll be closer to the door",3,constantly bug her,think fuck constantly bug thing 'll closer door,0.8130122619651653,False
1528,"I feel lonely and unloved, like I could say nothing to everyone I know and they would never think to talk to me or start any conversations",3,feel lonely and unloved,feel lonely unloved like could say nothing everyone know would never think talk start conversation,0.7688653699466258,False
1529,It doesn't help that I'm 19 and have basically zero dating experience,3,zero dating experience,n't help 'm 19 basically zero dating experience,1.4554719186242742,False
1530,Caused me to be really rude to my parents and got in a huge fight with them and then they got in a huge fight,3,rude to my parents,caused really rude parent got huge fight got huge fight,1.0763036896860936,False
1531,My friends all decided I wasn't worth their time last night,3,friend,friend decided n't worth time last night,0.9996647600769822,False
1532,Realized they might not really be true friends,3,friend,realized might really true friend,1.0382294165197086,False
1533,I got my gf pregnant,3,got my gf pregnant,got gf pregnant,1.2658991855795771,False
1534,"She's 4 weeks pregnant and already thinking about ""medical abortion""",3,4 weeks pregnant,'s 4 week pregnant already thinking `` medical abortion '',0.8015706426281819,False
1535,Although I can never go into relation with her she is my cousin( my other grandma's daughters daughter) I don't know if it's legal to marry your cousin or other shot like that,3,my cousin,although never go relation cousin grandma 's daughter daughter n't know 's legal marry cousin shot like,1.592782759716387,False
1536,"My friend has depression and anxiety as well, though not as bad",3,friend has depression,friend depression anxiety well though bad,0.2695511387820102,False
1537,"I was already hangry, had made myself some chicken in the oven, but set the heat too low, so it came out frozen",3,it came out frozen,already hangry made chicken oven set heat low came frozen,1.1764957368743758,False
1538,"But now I feel the opposite, like I'm just a dick, I never want to hangout with my friends and these are guys I have been best friends with since I was 5",3,hangout with my friends,feel opposite like 'm dick never want hangout friend guy best friend since 5,0.4078117660445696,False
1539,Recently even the thought of having a social interaction is so scary that when it actually happens I feel like I seem distant and uninterested causing people to dislike me,3,social interaction is so scary,recently even thought social interaction scary actually happens feel like seem distant uninterested causing people dislike,0.9225304200319063,False
1540,Its like I just want to be left alone but I know that is not how I want to live my life,3,want to be left alone,like want left alone know want live life,0.23532612911129033,False
1541,"In just 3 minutes it's my birthday my girlfriend broke up with me in Christmas, I'm so hurt I don't wanna do anything, I feel like such a pathetic wuss I just can't anymore",3,my girlfriend broke up with me in Christmas,3 minute 's birthday girlfriend broke christmas 'm hurt n't wan na anything feel like pathetic wuss ca n't anymore,1.3553627391529708,False
1542,I dont to get into many details but I hate that today the people you think you can trust are actually the people doing damage they have no respect for you or for themselves for that matter they instead walk all over you I've had seven people I call friends walk all over me and I'm getting tired of it why even try getting along with people if there going to lie and betray you there definitely not friends I got rid of them but now I have 0 friends and I feel suppressed I'm tired of being treated like dirt by peoples even though I'm just like most everyone and im ussually friendly unless treated like dirt by people,3,"friends walk all over me, have 0 friends",dont get many detail hate today people think trust actually people damage respect matter instead walk 've seven people call friend walk 'm getting tired even try getting along people going lie betray definitely friend got rid 0 friend feel suppressed 'm tired treated like dirt people even though 'm like everyone im ussually friendly unless treated like dirt people,1.0476952004330384,False
1543,"I've never been in a relationship, only been on a date twice, I don't even have that many friends",3,never been in a relationship,'ve never relationship date twice n't even many friend,1.6983696284821077,False
1544,"Just a rant I cant feel anything, I've felt shitty for years, my mom was diagnosed with cancer 4 years ago, and my dad is mostly gone a lot",3,dad is mostly gone,rant cant feel anything 've felt shitty year mom diagnosed cancer 4 year ago dad mostly gone lot,0.5588404955293563,False
1545,I just want to hear it from you,3,want to hear,want hear,0.8250569268787293,False
1546,"I fell in love, and I tried to push out that thought",3,fell in love,fell love tried push thought,1.3323060326751175,False
1547,"She was probably just using me, she most likely cheated on me multiple times - certainly once since she gave me chlamydia",3,cheated,probably using likely cheated multiple time certainly since gave chlamydia,1.3769477458668606,False
1548,"they are the best at talking, we share so much in common; music, conversation, sex",3,best at talking,best talking share much common music conversation sex,1.2192463604013712,False
1549,"I have tried to coax her into adopting a hobby like drawing, just anything to use her time constructively, but to no avail",3,to no avail,tried coax adopting hobby like drawing anything use time constructively avail,0.9684156254583769,False
1550,It's like she set the bar so high that all I can do is just stare at it,3,she set the bar so high,'s like set bar high stare,1.0663773908745948,False
1551,She broke up with me because of that a week ago,3,broke up,broke week ago,0.48228135493785385,False
1552,"I made her feel worse, it's my fault she broke up with me",3,broke up,made feel worse 's fault broke,0.6109486306111698,False
1553,Then I talked to her yesterday morning and I haven't talked to her since but she has seen my message,3,I haven't talked to her since but she has seen my message,talked yesterday morning n't talked since seen message,1.526795939207768,False
1554,"At first, it was because of family problems I ended up hating wanting money or needing it so I created a lifestyle for myself in which I don't use money or ask my parents for it",3,family problems,first family problem ended hating wanting money needing created lifestyle n't use money ask parent,1.0506700017267634,False
1555,My life has always been sitting behind a screen watching people enjoy life and thinking to myself that once I get a bit older the family problems would be gone and the coast would be clear but I was dead wrong,3,family problems,life always sitting behind screen watching people enjoy life thinking get bit older family problem would gone coast would clear dead wrong,1.3608167585031572,False
1556,"I can't really see a way out of the situation I'm in because weither its now or in the future, I will have to be in situations where the same family problems still present themselves",3,family problems,ca n't really see way situation 'm weither future situation family problem still present,0.8190111324042272,False
1557,I am 25 years old now I stay with my parents and I quit my job have a beautiful son but I am so lost I can't get her out my head I think about her 24/7 all my family have her on Fb so I see everything all the time,3,think about her 24/7,25 year old stay parent quit job beautiful son lost ca n't get head think 24/7 family fb see everything time,1.1732091105101563,False
1558,"I have two best friends and we all hang out together, except most of the time I don't want to hang out because I just can't bring myself to be around people and they are very introverted so I get worn out easily",3,two best friends,two best friend hang together except time n't want hang ca n't bring around people introverted get worn easily,1.1552187318176563,False
1559,They know that majority of the time I'll refuse to hang out so they just hang out without me most of the time,3,hang out without me,know majority time 'll refuse hang hang without time,0.6365479169195372,False
1560,I've been seeking happiness in someone and it just seems like she is getting colder and colder,3,she is getting colder and colder,'ve seeking happiness someone seems like getting colder colder,1.1210028118476314,False
1561,Some days I just feel so unloved after trying so hard to start a conversation with her,3,unloved,day feel unloved trying hard start conversation,0.9065933030662074,False
1562,All of my friends were his and our closest ones were with him when I broke up with him so they're taking his side and won't talk to me,3,broke up,friend closest one broke 're taking side wo n't talk,0.9319965850710549,False
1563,"I got nothing, family hates me, no friends, extremely introvert and extreme anxiety with depression i can't fucking take any of this shit anymore",3,family hates me,got nothing family hate friend extremely introvert extreme anxiety depression ca n't fucking take shit anymore,0.5642592336975125,False
1564,"And I need to let her go, I need to let her out of my toxic orbit",3,need to let her out of my toxic orbit,need let go need let toxic orbit,0.7331883446442208,False
1565,She filed for divorce and is currently dating another man,3,dating another man,filed divorce currently dating another man,1.8208684727372528,False
1566,I still miss her like crazy,3,miss her,still miss like crazy,1.5045688099647023,False
1567,"Today, I miss her, I fucking miss you! I miss being able to end my night with your voice",3,miss her,today miss fucking miss miss able end night voice,0.6443618885623558,False
1568,I just miss my friend right now,3,miss my friend,miss friend right,0.46833349252572437,False
1569,I love her to death I don't want to force her to accept any decision I make I just need help in trying to get her out of her depression,3,love her to death,love death n't want force accept decision make need help trying get depression,1.3125276389596379,False
1570,"I ended up isolating myself in my room by not leaving often and my friend that stayed for the summer happens to be the one that loves belittling me, so they loved to see this",3,isolating,ended isolating room leaving often friend stayed summer happens one love belittling loved see,1.4371163692270459,False
1571,I'm at the point where eating is very hard for me to do,3,eating is very hard,'m point eating hard,0.6754879685871802,False
1572,"I know my life could be worse and I have a great girlfriend and i love her, but she has friends, and everyone around me has friends and its been like this for as long as i can remember, I've been alone",3,"have a great girlfriend, love her, she has friends, alone",know life could worse great girlfriend love friend everyone around friend like long remember 've alone,0.4607236320219251,False
1573,"At this point there's nobody who can help me other than myself, but it's going to be a long and lonely road",3,long and lonely road,point 's nobody help 's going long lonely road,1.2141763431969455,False
1574,"It feels like she was my last chance at happiness, and that I am doomed to be alone forever",3,doomed to be alone forever,feel like last chance happiness doomed alone forever,1.1228441973057761,False
1575,I'm a lonely person but right now I don't have any friends or at least anyone I hang out with or talk to on a regular basis,3,lonely person,'m lonely person right n't friend least anyone hang talk regular basis,1.1286339536810361,False
1576,My mom killed herself,3,mom killed herself,mom killed,1.2353743920377458,False
1577,My mom killed herself and she was the only person who was really ever in my life,3,mom killed herself,mom killed person really ever life,0.8504204211064889,False
1578,"I'm afraid to make new friends because I don't think anyone will like me or that the new friends would eventually leave me, too",3,afraid to make new friends,'m afraid make new friend n't think anyone like new friend would eventually leave,0.6183720036432806,False
1579,"I just couldn't stop myself from checking it all the time, from looking at my ex and his new girlfriend's profile pics",3,looking at my ex and his new girlfriend's profile pics,could n't stop checking time looking ex new girlfriend 's profile pic,0.5630541473730889,False
1580,A bit of a background - about 4 months I moved with my partner pretty much half way around the world,3,moved with my partner,bit background 4 month moved partner pretty much half way around world,1.638490454557037,False
1581,"parents and relatives, every gf i had ended up breaking up with me",3,"relatives, every gf, ended up breaking up with me",parent relative every gf ended breaking,1.699369433796494,False
1582,Whenever I think about ending it all I think about my parents crying over my body,3,think about my parents crying over my body,whenever think ending think parent cry body,0.67842842033699,False
1583,I hate my mom for trying to help me with shitty advise that just makes me feel worse,3,hate my mom for trying to help me with shitty advise,hate mom trying help shitty advise make feel worse,0.39034014790770827,False
1584,I thought this girl was going to be the answer I was looking for,3,thought this girl was going to be the answer,thought girl going answer looking,0.9056913921281675,False
1585,I just wanted to tell someone and my friends don't give a fuck,3,wanted to tell someone,wanted tell someone friend n't give fuck,0.42772876202390897,False
1586,"can figure out what i may have done to trigger it, but 5 of my closest friends from high school have stopped responding to my calls or texts",3,5 of my closest friends from high school have stopped responding to my calls or texts,figure may done trigger 5 closest friend high school stopped responding call text,2.2607105044975495,True
1587,She's gone and I fucked everything up,3,She's gone,'s gone fucked everything,0.6490586409441056,False
1588,I'm just falling deeper and deeper into a hole and this is the only thing I can think of to do at this point,3,just falling deeper and deeper into a hole,'m falling deeper deeper hole thing think point,2.2428260157005,True
1589,It breaks my heart we don't talk anymore,3,we don't talk anymore,break heart n't talk anymore,0.6442699984723925,False
1590,"I'm tired of girls flaking on me, I'm tired of fake friends, I'm tired of getting fucked up, I'm tired of not knowing who I am, not fitting in, tired of being that stupid degenerate future dropout, I'm so fucking sick and tired of so many things",3,"girls flaking on me, not fitting in",'m tired girl flaking 'm tired fake friend 'm tired getting fucked 'm tired knowing fitting tired stupid degenerate future dropout 'm fucking sick tired many thing,0.3773190219266355,False
1591,Now I'm just lonely and I have no one to talk too,3,"lonely, no one to talk too",'m lonely one talk,0.21750322878942785,False
1592,I can‚Äö√Ñ√¥t imagine a worse way to end the year than to lose my best friend,3,lose my best friend,can‚äö√ñ√¥t imagine worse way end year lose best friend,0.4784595080011244,False
1593,2017 has been such a tough year for me anyway but to lose someone whom I trusted and loved and who had supported me through it all has left me crying for hours,3,lose someone whom I trusted and loved,2017 tough year anyway lose someone trusted loved supported left cry hour,1.3902467272182015,False
1594,I feel like no one really wants to be friends with me for myself,3,no one really wants to be friends,feel like one really want friend,0.12255284644468722,False
1595,Like all my so called friends take advantage of me,3,friends take advantage,like called friend take advantage,0.6123994909062804,False
1596,"I fucked up the end of high school, fucked up relationships with family and now I feel like I've got no friends",3,fucked up relationships with family,fucked end high school fucked relationship family feel like 've got friend,0.5099681435130786,False
1597,I noticed recently that struggle to make friends and really dont want another gf,3,struggle to make friends,noticed recently struggle make friend really dont want another gf,1.072060560559357,False
1598,knowing less people means there are less people to hurt me,3,hurt me,knowing le people mean le people hurt,0.8635938508931099,False
1599,"Most people seem to fall within the norm and have socialized support when growing up, I've had none of this (Nor have I been parented properly, I've just been expected to ""Fall into place"") as I have social anxiety and very rarely have had any discussions with people other than online and even they are limited",3,Nor have I been parented properly,people seem fall within norm socialized support growing 've none parented properly 've expected `` fall place '' social anxiety rarely discussion people online even limited,1.3855130220236151,False
1600,shes gone shes fucking gone she left me and its all my fault because i cant get a fucking grip on my shitty brain,3,she left me,shes gone shes fucking gone left fault cant get fucking grip shitty brain,0.5826207636852573,False
1601,i cant handle being all alone,3,alone,cant handle alone,0.9098884185727755,False
1602,"I lost my friends, my love, and myself",3,"lost my friends, my love",lost friend love,0.2628325139443133,False
1603,I feel so empty,3,feel so empty,feel empty,0.07930841909126272,False
1604,"Bad family, just got out of a bad relationship, have always been bad at making friends (serious social anxiety)",3,bad at making friends,bad family got bad relationship always bad making friend serious social anxiety,0.34537734887982857,False
1605,This ain't abnormal but I stay in contact with toxic people because I'm just desperate for that human warmth,3,toxic people,ai n't abnormal stay contact toxic people 'm desperate human warmth,2.0436680510368315,True
1606,"I‚Äö√Ñ√¥m watching tv and I really miss him, we hardly see each other because we work different shift times",3,miss him,i‚äö√ñ√¥m watching tv really miss hardly see work different shift time,1.6523101107743936,False
1607,All I want is for people in my everyday life at school to care about me,3,want is for people,want people everyday life school care,0.32747950816993365,False
1608,"I don‚Äö√Ñ√¥t really have any close friends, I hate my family, I haven‚Äö√Ñ√¥t been intimate with a girl in 6 years, and i just feel like a complete outsider everywhere I go",3,"I don‚Äö√Ñ√¥t really have any close friends, hate my family",don‚äö√ñ√¥t really close friend hate family haven‚äö√ñ√¥t intimate girl 6 year feel like complete outsider everywhere go,0.5163772309109135,False
1609,My fiancee just broke our engagement and emigrated to a different country after we found out I have no inheritance,3,fiancee just broke our engagement,fiancee broke engagement emigrated different country found inheritance,0.9394554979521623,False
1610,"How do you guys deal with this little panic you have when you meet a friend/friends that you have bad pasts with? Like, they've hurted you before, you still have to socialize with them because of group work or whatever",3,friends that you have bad pasts with,guy deal little panic meet friend/friends bad past like 've hurted still socialize group work whatever,1.345568223712019,False
1611,I'm tired of being bullied on a daily basis by the people who should make me feel safe,3,being bullied on a daily basis,'m tired bullied daily basis people make feel safe,1.3393381731681142,False
1612,Of course I can live without you,3,live without you,course live without,0.7776085403164831,False
1613,"In new year¬¨¬•s eve my family comes to my granfother¬¨¬•s house to have dinner, but that¬¨¬•s not good or fun, that¬¨¬•s sad and terrible",3,family comes,new year¬¨¬•s eve family come granfother¬¨¬•s house dinner that¬¨¬•s good fun that¬¨¬•s sad terrible,0.9022724386759285,False
1614,So theres this friend of mine that ignores my texts mid conversation then texts again like nothing happened,3,friend of mine that ignores,there friend mine ignores text mid conversation text like nothing happened,1.5673358479908766,False
1615,Am i really over reacting or is this a relationship i should end?,3,relationship,really reacting relationship end,0.3175961740439344,False
1616,"I'll still be lonely, will have no one to talk to and afraid to leave my house",3,"lonely, will have no one to talk to",'ll still lonely one talk afraid leave house,0.6969631716108832,False
1617,Mine seems to be being ignored or when I have reason to believe i might be abandoned by someone,3,abandoned by someone,mine seems ignored reason believe might abandoned someone,1.2183263399791044,False
1618,"Who's else is gonna spend their new years eve alone? My friends promised to come over to my place, I even cooked the food, got some drinks for us all",3,new years eve alone,'s else gon na spend new year eve alone friend promised come place even cooked food got drink u,1.0383804207609688,False
1619,"Smh, and they all ignore all my messages",3,ignore all my messages,smh ignore message,1.733021534903854,False
1620,It all started when I was around 12-13 years old when I found out I was gay,3,found out I was gay,started around 12-13 year old found gay,1.7911023228082825,False
1621,I just want to get comforted by someone (I would prefer my crush lol) I dont want to sound desperate but is here anyone who can try to make me feel better? My emotional pain has grown by alot recently and often times I just want to die but I cant kill myself because I dont want to hurt my close ones,3,want to get comforted by someone,want get comforted someone would prefer crush lol dont want sound desperate anyone try make feel better emotional pain grown alot recently often time want die cant kill dont want hurt close one,1.2668891627011558,False
1622,"Now I'm alone, no one seems to care about me, not even my family",3,"no one seems to care, not even my family",'m alone one seems care even family,0.21291861582587995,False
1623,"If she replies with just emojis it shows she doesn't want to carry on the conversation, because it's a shitty conversation, your not like other people",3,she doesn't want to carry on the conversation,reply emojis show n't want carry conversation 's shitty conversation like people,0.7673044873600868,False
1624,I fucking hate that woman who calls herself my mother,3,my mother,fucking hate woman call mother,0.8796891854604022,False
1625,Been feeling detached all my life from everything that make people happy,3,detached,feeling detached life everything make people happy,1.1942866734465207,False
1626,"I'm supposed to have the time of my life now, but all I have are constant compulsive suicidal thoughts, loneliness/isolation issues, not being able to etc",3,loneliness/isolation issues,'m supposed time life constant compulsive suicidal thought loneliness/isolation issue able etc,0.9533085797379636,False
1627,"I'm 21, both parents dead, no family support, just friends, my brother abandoned me and left me out in the cold and kicked me out and cut me off because I was out drinking as a teenager",3,"both parents dead, no family support, just friends, my brother abandoned me",'m 21 parent dead family support friend brother abandoned left cold kicked cut drinking teenager,1.680465202233171,False
1628,Severely depressed and isolated,3,isolated,severely depressed isolated,1.374311461071098,False
1629,Not when I have been isolated for years,3,isolated,isolated year,0.3367471995087505,False
1630,"No family, no friends, no life",3,"No family, no friends, no life",family friend life,0.17380855243693155,False
1631,This isolation is making me want to cut myself more,3,isolation,isolation making want cut,1.0503457329302208,False
1632,"It's like I'm always sad because I don't know how to make myself feel better so I rely constantly on other people and since it pisses off my friends I turn to strangers on reddit, and if I'm not sad then I'm making low-effort shitposts Fuck my life xd‚Äö√ë¬¢ I'm going to read this in three years and wonder what the fuck was wrong with me at 16 But fine whatever I'll take my depression meds and get off of reddit now",3,"rely constantly on other people, it pisses off my friends",'s like 'm always sad n't know make feel better rely constantly people since piss friend turn stranger reddit 'm sad 'm making low-effort shitposts fuck life xd‚äö√ë¬¢ 'm going read three year wonder fuck wrong 16 fine whatever 'll take depression med get reddit,1.1709928751025063,False
1633,I use to be a very antisocial person spending all of my free time alone either watching tv or teaching myself instruments and in high school I became really close to a group of three making us 4,3,group of three,use antisocial person spending free time alone either watching tv teaching instrument high school became really close group three making u 4,1.3274347915443263,False
1634,"But what did they do, pushed me away and said we don‚Äö√Ñ√¥t like being with you when you are sad because it brings the rest of us Down",3,pushed me away,pushed away said don‚äö√ñ√¥t like sad brings rest u,1.2109314464717849,False
1635,"I feel bad for everyone that deals with me, because more often than not they think I hate them, and that just makes me hate myself even more",3,feel bad for everyone that deals with me,feel bad everyone deal often think hate make hate even,0.3657092199773117,False
1636,"I don't know how to live with others, or how anyone does it",3,don't know how to live with others,n't know live others anyone,0.2939731624558854,False
1637,"Time to talk to someone who knows how to respond, and hear me blabber on my meaningless bullshit",3,talk to someone,time talk someone know respond hear blabber meaningless bullshit,1.2546637819123383,False
1638,Bf just told me he feels no connection anymore and that he doesn't think he will ever love me the same again,3,"feels no connection anymore, will ever love me the same",bf told feel connection anymore n't think ever love,1.0634494835091395,False
1639,"But a lot of people don't care about you, they care *of* you",3,people don't care,lot people n't care care,0.25607125914413487,False
1640,"If they aren't the kind of person who talks and listens to you, then I feel like that means they only care of you",3,aren't the kind of person who talks and listens to you,n't kind person talk listens feel like mean care,0.5146483425689145,False
1641,"I been dealing with depression for almost 3 years and with happened this year, finding out my gf cheated on me, bad relationship with my dad, and losing motivation and passion in what I do, had set me over the edge and caused me to have trust issues with other people",3,"gf cheated on me, bad relationship with my dad, trust issues",dealing depression almost 3 year happened year finding gf cheated bad relationship dad losing motivation passion set edge caused trust issue people,1.2058464002532434,False
1642,"Not entierly alone, I have my boyfriend and cats",3,alone,entierly alone boyfriend cat,0.61337682679257,False
1643,Those friends I have are busy today and I have asked multiple times if anyone was going to throw a party on NYE and never got an answer,3,"friends, never got an answer",friend busy today asked multiple time anyone going throw party nye never got answer,1.436351785715257,False
1644,"Stuck in a shitty abusive relationship, always cold, nobody likes me nor do they care about me",3,"shitty abusive relationship, nobody likes me",stuck shitty abusive relationship always cold nobody like care,0.9254757615550486,False
1645,I never asked to be born,3,never asked to be born,never asked born,1.1545764186445788,False
1646,So today is New Years I told my mom to come home as soon as possible but she came after midnight I was alone at home since 5pm I was so fucking alone I latterly have no friends like no friends but i do have boyfriend he lives far away I‚Äö√Ñ√¥m in a long distance relationship he‚Äö√Ñ√¥s busy he never understands me or may be I‚Äö√Ñ√¥m fucked up anyways after 1am i cried so out loud I feel I‚Äö√Ñ√¥m not the Same person I use to be i feel so alone but still I don‚Äö√Ñ√¥t wanna die I just want something to hit my head so bad so i can forget everyone I had in my life,3,"have no friends, long distance relationship",today new year told mom come home soon possible came midnight alone home since 5pm fucking alone latterly friend like friend boyfriend life far away i‚äö√ñ√¥m long distance relationship he‚äö√ñ√¥s busy never understands may i‚äö√ñ√¥m fucked anyways 1am cried loud feel i‚äö√ñ√¥m person use feel alone still don‚äö√ñ√¥t wan na die want something hit head bad forget everyone life,0.7093283435714896,False
1647,i was crying front of her with anger I said that i wish i die she said ok die lol hahahaha i use to think that parents are everything nah nah may be these two could be a people who can destroy your life well may be one day that one person come and he‚Äö√Ñ√¥ll change your life,3,"parents are everything, people who can destroy your life",cry front anger said wish die said ok die lol hahahaha use think parent everything nah nah may two could people destroy life well may one day one person come he‚äö√ñ√¥ll change life,0.9266384691015376,False
1648,No friends,3,No friends,friend,0.11594618100311786,False
1649,No siblings,3,No siblings,sibling,1.7752965551900506,False
1650,I dont want to make them sad and to think that they're responsible for they're son death,3,son death,dont want make sad think 're responsible 're son death,0.9339690885867141,False
1651,"However, I still go through episodes of just feeling completely alone, sad, and suicidal",3,completely alone,however still go episode feeling completely alone sad suicidal,0.6727836560349367,False
1652,"But unfortunately, none of my family or friends can really understand it",3,none of my family or friends can really understand it,unfortunately none family friend really understand,0.44711136576131205,False
1653,I look for you everywhere I look for you in everyone I never thought two years Could feel this long,3,look for you in everyone,look everywhere look everyone never thought two year could feel long,0.3660435352950989,False
1654,"Hiya redditors of r/depression, as a person who suffers from depression and social anxiety, I know what it‚Äö√Ñ√¥s like to feel lonely, particularly on big holidays like these",3,what it‚Äö√Ñ√¥s like to feel lonely,hiya redditors r/depression person suffers depression social anxiety know it‚äö√ñ√¥s like feel lonely particularly big holiday like,0.441250284084068,False
1655,", today around 23:00 I had a big fight with my mother, I made joke about her loud chewing and she flipped out",3,"had a big fight with my mother, made joke about her loud chewing",today around 23:00 big fight mother made joke loud chewing flipped,1.731917498793376,False
1656,"Now I'm sitting in my room crying and listening how she wants to throw me out of the house, how she is screaming at my father",3,"she wants to throw me out of the house, screaming at my father",'m sitting room cry listening want throw house screaming father,1.8380276462603813,False
1657,With my parent's that will get divorced soon,3,my parent's that will get divorced soon,parent 's get divorced soon,0.716883472133122,False
1658,With my mother that cheated on my father,3,mother that cheated on my father,mother cheated father,1.1832329894438667,False
1659,"My life is terrible, I've been super depressed, and I have no real friends",3,have no real friends,life terrible 've super depressed real friend,0.754225939879747,False
1660,"Why is it the two worst, most hurtful relationships lasted years, while the ones that feel that they have the most love and promise a real future fall apart in an eye blink",3,"two worst, most hurtful relationships lasted years",two worst hurtful relationship lasted year one feel love promise real future fall apart eye blink,0.9385645539084575,False
1661,"I feel cursed to either live in misery, or except fleeting happiness, followed by loneliness",3,"feel cursed, loneliness",feel cursed either live misery except fleeting happiness followed loneliness,1.1627420358264404,False
1662,I guess no one really does care,3,no one really does care,guess one really care,0.38710252139250634,False
1663,"To being with my family on this night, they invited me, there's was gonna be cake, minimal drinking, new people to meet, and still said no",3,"my family, they invited me",family night invited 's gon na cake minimal drinking new people meet still said,1.2558796258834903,False
1664,That have never had a fun New Years? No one invites me to anything and it just feels fucking horrible,3,No one invites me to anything,never fun new year one invite anything feel fucking horrible,0.6528058225763281,False
1665,"I feel lonely because it's another NYE and it just reminds me that I've gone another year without finding anyone to connect with, share life with",3,feel lonely,feel lonely 's another nye reminds 've gone another year without finding anyone connect share life,1.3427652292138719,False
1666,It feels like nobody cares anymore,3,nobody cares anymore,feel like nobody care anymore,0.20335943083334002,False
1667,"I wanted to be with my GF for New Year‚Äö√Ñ√¥s Eve, and she doesn‚Äö√Ñ√¥t want to",3,wanted to be with my GF for New Year,wanted gf new year‚äö√ñ√¥s eve doesn‚äö√ñ√¥t want,1.0838958899520492,False
1668,"Anyone else spending the night alone? I'm just gonna fry me up some pork chops, smoke some bud, and play video games",3,spending the night alone,anyone else spending night alone 'm gon na fry pork chop smoke bud play video game,1.4131637114360378,False
1669,"All I ever wanted to do was make people smile, and all I get back are lies and false promises",3,make people smile,ever wanted make people smile get back lie false promise,1.3099266234264406,False
1670,Where do I even go from here? It‚Äö√Ñ√¥s barely been an hour and I‚Äö√Ñ√¥ve been crying saying a final goodbye to the girl I love,3,saying a final goodbye,even go it‚äö√ñ√¥s barely hour i‚äö√ñ√¥ve cry saying final goodbye girl love,1.9320350702734521,True
1671,I believe I'm not homosexual but I think about him a lot recently,3,not homosexual but I think about him a lot recently,believe 'm homosexual think lot recently,0.6152213738683846,False
1672,I get my mother telling me that I need to get away from it,3,my mother telling me that I need to get away,get mother telling need get away,0.7462783728800475,False
1673,I guess I've just lost confidence after this girl I put so much into sort of rejected me without asking her to go out (friend zoned me and has really sloppy replies now when I can see she is replying to others),3,lost confidence after this girl I put so much into,guess 've lost confidence girl put much sort rejected without asking go friend zoned really sloppy reply see replying others,1.0337741757875665,False
1674,I just feel like I may never be accepted,3,may never be accepted,feel like may never accepted,0.09843388318757178,False
1675,getting depressed -&gt; cutting to feel better -&gt; mom get disappointed/angry -&gt; felling worst -&gt; wanting to kms -&gt; mom gets depressed by it -&gt; gets depressed -&gt; etc,3,mom get disappointed,getting depressed gt cutting feel better gt mom get disappointed/angry gt felling worst gt wanting km gt mom get depressed gt get depressed gt etc,2.763861614870721,True
1676,Feeling depressed and sad all the time and when i'm talking to my friends about it they seem to ignore it and talk about something else,3,talking to my friends,feeling depressed sad time 'm talking friend seem ignore talk something else,0.4065705769163602,False
1677,i‚Äö√Ñ√¥ve grown distant with my friends and i‚Äö√Ñ√¥m going to try to not do that anymore because i value them so so much,3,distant with my friends,i‚äö√ñ√¥ve grown distant friend i‚äö√ñ√¥m going try anymore value much,0.19775683421302834,False
1678,I have shut down my Snapchat and instagram accounts so I don't see shit that will bring me down even more,3,Snapchat and instagram accounts,shut snapchat instagram account n't see shit bring even,1.9589034550691835,True
1679,I broke down in front of 200 people and nobody could get me to calm down for 30 minutes,3,nobody could get me to calm down,broke front 200 people nobody could get calm 30 minute,1.814281233404578,False
1680,My last friend moved all the away across the goddamn country and my family thinks I'm a loser and embarrassment,3,friend moved all the away,last friend moved away across goddamn country family think 'm loser embarrassment,1.258147112651214,False
1681,"I feel so lonely, lost, scared and confused",3,feel so lonely,feel lonely lost scared confused,0.7701712906500443,False
1682,Not a day goes by that I don‚Äö√Ñ√¥t think about when my mom tried to end it back in March,3,mom tried to end it,day go don‚äö√ñ√¥t think mom tried end back march,0.38418168760718835,False
1683,"Seeing all the people kissing their loved ones, people partying, etc",3,Seeing all the people kissing their loved ones,seeing people kissing loved one people partying etc,1.1824398833472227,False
1684,This year I lost 4 pets including one last week and my group of friends turned on me and set out to ruin my life,3,lost 4 pets,year lost 4 pet including one last week group friend turned set ruin life,0.9837859488141669,False
1685,Just had a close friend completely block me and as the title suggests he was a furry,3,close friend completely block me,close friend completely block title suggests furry,0.46614117846674874,False
1686,He recently came out as a furry and I was fine with it but recently he started hanging out with his furry friends and just up and blocked me today,3,blocked me today,recently came furry fine recently started hanging furry friend blocked today,0.7441404958173347,False
1687,So yes I am now depressed as he was my only friend,3,he was my only friend,yes depressed friend,0.841832070213401,False
1688,"So just sent everyone a New Year snaps, they opened it and no one has wished me back",3,no one has wished me back,sent everyone new year snap opened one wished back,0.30433310786426665,False
1689,"Last year, I got dumped on the holidays",3,got dumped,last year got dumped holiday,1.2710413622060739,False
1690,I can't tell what's worse --- my self pity that I have no friends and just watch snapchats of people having fun without me even though I know its self defeating ORRR the fact I really can't blame people for not inviting me out because even I hate spending time with myself,3,no friends,ca n't tell 's worse -- self pity friend watch snapchats people fun without even though know self defeating orrr fact really ca n't blame people inviting even hate spending time,0.8463128804674784,False
1691,My parents do not understand that it is hard for me to get up when there is no point to,3,parents do not understand,parent understand hard get point,0.5034606077369363,False
1692,Seeing their relationship and me being alone again has really brought me down again,3,Seeing their relationship and me being alone,seeing relationship alone really brought,1.3828343195399015,False
1693,"One again spending my New year's alone, even with my fiance home",3,alone,one spending new year 's alone even fiance home,0.5992632335178245,False
1694,"She hates this ""holiday"" and barely spent any time with me, then gave me shit when I tried to go to bed early with her",3,barely spent any time with me,hate `` holiday '' barely spent time gave shit tried go bed early,1.104459218774044,False
1695,over the years i isolated myself,3,isolated,year isolated,0.3367471995087505,False
1696,"got rid of my friends, been fournte enough to be financially well off to be able to stay awake all night and sleep thru the day to avoid anyone",3,got rid of my friends,got rid friend fournte enough financially well able stay awake night sleep thru day avoid anyone,0.7906094400912338,False
1697,Idk if this is even the place to ask or how to even ask tbh but how do i adjust again into society? iv now been so isolated from people even looking at my own family members in the eye tiggers anxiety,3,isolated,idk even place ask even ask tbh adjust society iv isolated people even looking family member eye tiggers anxiety,1.4874029959617927,False
1698,"First friend didn't pick up, second told me not to call again because she was with her SO",3,"First friend didn't pick up, not to call again",first friend n't pick second told call,1.8168914585290943,False
1699,"I don't know if it's that I don't care enough, but I can't seem to make any friends and it's hurting",3,can't seem to make any friends,n't know 's n't care enough ca n't seem make friend 's hurting,0.8831331600492431,False
1700,This is my first year ever bringing in the new year alone,3,new year alone,first year ever bringing new year alone,0.2247158038880674,False
1701,"doesn't matter if you're a good person, someone who supports everyone else, no one supports me, no one cares about me, no one will care about me, because everyone is focused on their own lives",3,no one cares about me,n't matter 're good person someone support everyone else one support one care one care everyone focused life,0.7618931483823428,False
1702,I just need someone to listen and maybe tell me how to quiet the voices in my head that tell me that all of my friends hate me,3,"need someone to listen, friends hate me",need someone listen maybe tell quiet voice head tell friend hate,1.1469740478473311,False
1703,"From dealing with the fallout of my ex, to stressors at work, nothing compares to true loss of my baby boy",3,loss of my baby boy,dealing fallout ex stressor work nothing compare true loss baby boy,1.2615818942824466,False
1704,I have now become broken beyond repair and only wait until the day we are together again,3,the day we are together again,become broken beyond repair wait day together,1.6581119816664531,False
1705,I'm so alone and I'm so sad,3,alone,'m alone 'm sad,0.3835837060445445,False
1706,"Depressed because I have no intimate interactions with females, who I am absolutely attracted to",3,no intimate interactions,depressed intimate interaction female absolutely attracted,1.2584508358208,False
1707,"This new year has helped me realize that im not depressed because im lonely, im depressed because i have depression, which means it will never go away",3,lonely,new year helped realize im depressed im lonely im depressed depression mean never go away,0.5935889533825166,False
1708,I lost contact with one of the only people I've ever cared about in 2015,3,lost contact,lost contact one people 've ever cared 2015,1.1819615851060106,False
1709,Knowing that it's now yet another year in the past is tearing me apart,3,past is tearing me apart,knowing 's yet another year past tearing apart,0.6042956666260604,False
1710,"Not one of my friends, or even other people I know went to Toronto for school",3,"Not one, friends",one friend even people know went toronto school,0.44194734867401175,False
1711,"The only time I talk with my friends is when we play video games, and none of them show even any remote amount of interest in my life outside that",3,friends,time talk friend play video game none show even remote amount interest life outside,1.45511069807495,False
1712,"I had another group of friends I thought I was getting closer with, we were supposed to go to a New Years party together",3,friends,another group friend thought getting closer supposed go new year party together,1.0296888691926667,False
1713,"They ditched me, I‚Äö√Ñ√¥m not sure why, or what happened",3,ditched me,ditched i‚äö√ñ√¥m sure happened,0.8908067732763998,False
1714,Also just found out the first group of friends had a New Years party,3,friends,also found first group friend new year party,0.916681052058522,False
1715,That‚Äö√Ñ√¥s all my friends,3,friends,that‚äö√ñ√¥s friend,0.08215019519346393,False
1716,"just someway, painful or painless, i dont care",3,painful,someway painful painless dont care,0.7209464255378709,False
1717,Tonight I‚Äö√Ñ√¥ve seen the girl I‚Äö√Ñ√¥ve a crush on for years made out with multiple other guys and in the meantime I‚Äö√Ñ√¥ve even manage to get rejected to have a dance with her,3,rejected,tonight i‚äö√ñ√¥ve seen girl i‚äö√ñ√¥ve crush year made multiple guy meantime i‚äö√ñ√¥ve even manage get rejected dance,1.0110010659668132,False
1718,She currently already have a SO while I‚Äö√Ñ√¥m still trying to get pass my recent break up,3,recent break up,currently already i‚äö√ñ√¥m still trying get pas recent break,1.0845263794838724,False
1719,I‚Äö√Ñ√¥m tired of being alone,3,tired of being alone,i‚äö√ñ√¥m tired alone,0.13995316334224622,False
1720,It‚Äö√Ñ√¥s probably because I push people away,3,push people away,it‚äö√ñ√¥s probably push people away,0.855277028329794,False
1721,"Tried to talk to him, pushed for it despite his attempts to distance himself",3,talk to him,tried talk pushed despite attempt distance,1.5645571857835627,False
1722,"I‚Äö√Ñ√¥ve been pushed, smacked wth a shoe, dumped, called all kinds of names in the book",3,dumped,i‚äö√ñ√¥ve pushed smacked wth shoe dumped called kind name book,1.4735147196131018,False
1723,My parents are divorced since I was 3,3,parents are divorced since I was 3,parent divorced since 3,0.25790267338716993,False
1724,"Recently, I met up with my dad and my foster mother, and they thought I might have some psychological problems",3,"met up with my dad and my foster mother, and they thought I might have some psychological problems",recently met dad foster mother thought might psychological problem,1.121077086065425,False
1725,"Gf= buy her stuff constantly digging in your head a black hole that sallow you to a mental asylum Friends= useless fake snakes who will try to please you but actively they don‚Äö√Ñ√¥t care, you‚Äö√Ñ√¥re having fun because of your similar jokes yea, but it‚Äö√Ñ√¥s not pure it‚Äö√Ñ√¥s all interests long term I got abused abounded and found out every year a new discovery about my ‚Äö√Ñ√∫friends‚Äö√Ñ√π behind your back talk shit you should take it as a compliment cause you‚Äö√Ñ√¥re touching their insecurities and you‚Äö√Ñ√¥re interesting, the only thing that fun is the joking around part, when you‚Äö√Ñ√¥re suggesting something to someone it‚Äö√Ñ√¥s not real it‚Äö√Ñ√¥s fake lets be honest, we are all people pleasers obeying the rules of society but we were born evil , your ego your pride, to low key pass someone, that‚Äö√Ñ√¥s my perspective as I see it",3,Friends= useless fake snakes who will try to please you but actively they don‚Äö√Ñ√¥t care,gf= buy stuff constantly digging head black hole sallow mental asylum friends= useless fake snake try please actively don‚äö√ñ√¥t care you‚äö√ñ√¥re fun similar joke yea it‚äö√ñ√¥s pure it‚äö√ñ√¥s interest long term got abused abounded found every year new discovery ‚äö√ñ√∫friends‚äö√ñ√π behind back talk shit take compliment cause you‚äö√ñ√¥re touching insecurity you‚äö√ñ√¥re interesting thing fun joking around part you‚äö√ñ√¥re suggesting something someone it‚äö√ñ√¥s real it‚äö√ñ√¥s fake let honest people pleaser obeying rule society born evil ego pride low key pas someone that‚äö√ñ√¥s perspective see,1.0224016002799439,False
1726,2 months after I got dumped by my ex I had a mental breakdown and locked myself up in the bathroom for hours,3,got dumped by my ex I had a mental breakdown,2 month got dumped ex mental breakdown locked bathroom hour,1.3623789522375134,False
1727,I‚Äö√Ñ√¥m always so stone faced because I‚Äö√Ñ√¥m afraid that if I express myself people will reject me,3,m afraid that if I express myself people will reject me,i‚äö√ñ√¥m always stone faced i‚äö√ñ√¥m afraid express people reject,0.6398749033637706,False
1728,I wonder what it's like to have healthy relationships and a good self image,3,healthy relationships,wonder 's like healthy relationship good self image,1.9102145263566634,True
1729,"I can be supportive but aside from that, I can't say or do anything to change his mind",3,I can't say or do anything to change his mind,supportive aside ca n't say anything change mind,1.6453796155558424,False
1730,I always look down or to the side of someone when I talk to someone because it actually hurts to look at them without feeling awkward or somehow disgusting,3,I talk to someone,always look side someone talk someone actually hurt look without feeling awkward somehow disgusting,0.6562190712533497,False
1731,Very rarely a girl comes to sit by me at lunch at school and when she talks to me I can't help but look at my food constantly or just barely past her or at her shirt or hair to avoid eye contact,3,rarely a girl comes to sit by me,rarely girl come sit lunch school talk ca n't help look food constantly barely past shirt hair avoid eye contact,1.5251157694959683,False
1732,fuck fuck fuck my shitty family,3,shitty family,fuck fuck fuck shitty family,0.4715230169515153,False
1733,"She didn't let me have friends, she didn't let me socialize, she GPS tracked my location and I was convinced even by her family that It was normal",3,didn't let me have friends,n't let friend n't let socialize gps tracked location convinced even family normal,0.9035219762258988,False
1734,I couldn't go to a fast food restaurant without her screaming over the phone telling me I'm out with a friend or I'm cheating,3,cheating,could n't go fast food restaurant without screaming phone telling 'm friend 'm cheating,2.000752969906692,True
1735,"I think im going insane, I feel so lonely, all I want is my friend",3,"lonely, friend",think im going insane feel lonely want friend,1.2114740553133256,False
1736,I‚Äö√Ñ√¥m 15 and I have zero friends,3,have zero friend,i‚äö√ñ√¥m 15 zero friend,1.781888219438396,False
1737,Nobody reaches out to me and i‚Äö√Ñ√¥m not romantically pursued,3,not romantically pursued,nobody reach i‚äö√ñ√¥m romantically pursued,0.8078049321731892,False
1738,"You will still have the same problems, amount of friends, salary and so on",3,amount of friends,still problem amount friend salary,0.3104622767002282,False
1739,Why should I live? I have no friends,3,have no friends,live friend,0.2922156682254649,False
1740,My family is horrible,3,family is horrible,family horrible,0.7244979757733189,False
1741,I just need someone to talk to I‚Äö√Ñ√¥m tired of caring and no one else reciprocating I want a friend,3,"tired of caring, no one else reciprocating",need someone talk i‚äö√ñ√¥m tired caring one else reciprocating want friend,0.8924785284164226,False
1742,"i cannot leave the house, i cannot and do not care anymore to develop social skills to find a woman, nor would any woman want to date an unemployed balding 5'6"" suicidal depression sufferer on disability",3,not would a woman want to date,leave house care anymore develop social skill find woman would woman want date unemployed balding 5 6 '' suicidal depression sufferer disability,1.2410237091745855,False
1743,I just feel so lonely and want to die,3,so lonely,feel lonely want die,0.2554915387281734,False
1744,All of my friends ended up bailing on me on New Years so I spent the night alone in my room until I fell asleep around 9 pm,3,friends ended up bailing,friend ended bailing new year spent night alone room fell asleep around 9 pm,1.2666523589207364,False
1745,It‚Äö√Ñ√¥s now 1:30 in the afternoon and I still feel the same way with absolutely nobody to talk to about this because I don‚Äö√Ñ√¥t want to be that person that brings somebody down on New Years,3,nobody to talk to,it‚äö√ñ√¥s 1:30 afternoon still feel way absolutely nobody talk don‚äö√ñ√¥t want person brings somebody new year,1.0029696715888239,False
1746,"She said I love you, she said she could tell because I wasn't always trying to be funny",3,She said I love you,said love said could tell n't always trying funny,0.5234406920960842,False
1747,"Besides that, I asked if she liked me back and she responded with, ""Yeah, but as a friend"" She said she didnt want to friend zone be but she has her eyes on someone else *She's pansexual and she likes another girl* Im so sad",3,"but as a friend, friend zone",besides asked liked back responded `` yeah friend '' said didnt want friend zone eye someone else 's pansexual like another girl im sad,2.0698038302536426,True
1748,"Thats all, just wanting to express myself to some reddit strangers beacause I am fed up with my fucked up relations with everybody around me",3,fucked up relations,thats wanting express reddit stranger beacause fed fucked relation everybody around,2.6779004622360936,True
1749,"I thought they liked me, because we hung out sometimes, but I've recently discovered that they have been partying all together, without me",3,"partying all together, without me",thought liked hung sometimes 've recently discovered partying together without,1.7147797540221184,False
1750,"And he never ""broke up"" with me",3,broke up,never `` broke '',0.5224655649633982,False
1751,"Then I decided to move away, so problem solved I suppose",3,move away,decided move away problem solved suppose,1.08965949039305,False
1752,I deactivated my facebook messenger since that's how I usually contacted him,3,deactivated my facebook,deactivated facebook messenger since 's usually contacted,1.0158049439840666,False
1753,Late thirties here and I have no parents and am for all intents and purposes estranged from my only sibling,3,"no parents, estranged from my only sibling",late thirty parent intent purpose estranged sibling,1.661560508181537,False
1754,"I broke up with my girlfriend about 3 months ago because I wanted to move to a place she didn‚Äö√Ñ√¥t want to move to, I really wanted to move there as I‚Äö√Ñ√¥ve always wanted to live there and I have lots of friends there, so we broke up and I moved",3,broke up,broke girlfriend 3 month ago wanted move place didn‚äö√ñ√¥t want move really wanted move i‚äö√ñ√¥ve always wanted live lot friend broke moved,0.5701961416757794,False
1755,She then says she doesn't want to be in a relationship right now,3,she doesn't want to be in a relationship,say n't want relationship right,0.3696159402152159,False
1756,"My parents snapped at me, not knowing so",3,parents snapped,parent snapped knowing,0.6442704998463334,False
1757,But this time I seem to be getting really mad at my boyfriend for seemingly no reason,3,seem to be getting really mad at my boyfriend for seemingly no reason,time seem getting really mad boyfriend seemingly reason,0.8854098165835523,False
1758,"I never have had many friends, but i was fine with that, because i only kept the real ones with me",3,ever have had many friends,never many friend fine kept real one,1.0354273841108874,False
1759,"I want to tell someone, ""HEY LOOK WHAT I'M DOING!"" but I don't have anyone here, so I'd like to tell y'all ‚Äö√¥¬∞ It's a sunny day, but cold",3,don't have anyone here,want tell someone `` hey look 'm '' n't anyone 'd like tell y'all ‚äö√¥¬∞ 's sunny day cold,0.742979554658629,False
1760,I had hoped this would help me find new friends in addition to connecting with her but I feel like I failed at both,3,find new friends,hoped would help find new friend addition connecting feel like failed,0.3504409201523785,False
1761,I just want someone to think I deserve to be loved but I've never felt like I should be,3,deserve to be loved but I've never felt like I should be,want someone think deserve loved 've never felt like,0.5155254646497326,False
1762,"As for me, I just got divorced, my ex-wife is an incredibly manipulative narcissist, and we have a young child together",3,divorced,got divorced ex-wife incredibly manipulative narcissist young child together,1.7677601267546397,False
1763,In the past she has successfully isolated and controlled me through guilt and accusations,3,isolated,past successfully isolated controlled guilt accusation,0.6831154618765372,False
1764,"Aside from that, I have no friends, no social life, I'm almost 30",3,social life,aside friend social life 'm almost 30,0.7904688699412784,False
1765,"My mom has a really rare type of cancer, my dad abandoned us when I was 1 year old, so I don't know anything about him",3,abandoned,mom really rare type cancer dad abandoned u 1 year old n't know anything,1.0294531020883286,False
1766,I wish people would leave me alone,3,wish people would leave me alone,wish people would leave alone,0.4880526672510186,False
1767,"You know when you can feel a massive load of tears just behind your face waiting to come out at any second? I've had that for a while now, both a mixture of happiness and sadness I am so alone, I can't talk to anyone to figure out what's wrong with my because if anyone asks I just sit in silence because I have nothing to say What is wrong with me?",3,so alone,know feel massive load tear behind face waiting come second 've mixture happiness sadness alone ca n't talk anyone figure 's wrong anyone asks sit silence nothing say wrong,1.3102085817932867,False
1768,I have no friends and no one will ever truly care about me,3,have no friends and no one will ever truly care about me,friend one ever truly care,0.8241008610508016,False
1769,4 year relationship ended about two months ago,3,relationship ended,4 year relationship ended two month ago,0.633356054945953,False
1770,if anyone needs to talk to someone I get it and I‚Äö√Ñ√¥ll listen,3,talk to someone,anyone need talk someone get i‚äö√ñ√¥ll listen,0.25389465739737466,False
1771,But lately Ive been feeling so miserable,3,miserable,lately ive feeling miserable,0.7231839706947276,False
1772,"I feel so alone, I always feel like a second choice, and every day when Im alone I get a sick feeling in my stomach, it feels like a nervous feeling, like when you‚Äö√Ñ√¥re about to do something that‚Äö√Ñ√¥s out of your comfort zone, but i have nothing to be nervous about, the feeling is just there at all times when im alone and it makes me so sad",3,alone,feel alone always feel like second choice every day im alone get sick feeling stomach feel like nervous feeling like you‚äö√ñ√¥re something that‚äö√ñ√¥s comfort zone nothing nervous feeling time im alone make sad,1.1283870904990005,False
1773,"It‚Äö√Ñ√¥s so hard for me to express what im feeling and ive tried talking to professionals (in my school) and when im talking to them I dont feel what I feel when im alone so they dont understand, not saying i understand either because i dont know whats wrong with me or why i feel like this",3,alone,it‚äö√ñ√¥s hard express im feeling ive tried talking professional school im talking dont feel feel im alone dont understand saying understand either dont know whats wrong feel like,0.5757802695786084,False
1774,She says she doesn‚Äö√Ñ√¥t regret it but now I feel awful and my paranoia is telling me that she hates me and she hates what we did,3,she hates me,say doesn‚äö√ñ√¥t regret feel awful paranoia telling hate hate,0.9741515698635679,False
1775,My best friend hasn't talked to me since I moved out from where she lives,3,best friend hasn't talked,best friend n't talked since moved life,0.9843612595122592,False
1776,Is there anything I can enjoy doing alone? I am always stuck in my room all day and I hate it so much,3,alone,anything enjoy alone always stuck room day hate much,0.9029167924565736,False
1777,I think im gonna stop chasing her,3,stop chasing her,think im gon na stop chasing,0.6401787123508333,False
1778,"Its a hard feeling cause i hate my friend right now, but i couldnt live without him",3,hate my friend,hard feeling cause hate friend right couldnt live without,0.38105338199755506,False
1779,But I was able to cry and let it all out knowing that my friends still have my back and I‚Äö√Ñ√¥m not alone after all,3,not alone,able cry let knowing friend still back i‚äö√ñ√¥m alone,0.5839176542582607,False
1780,Throughout the relationship we both ‚Äö√Ñ√≤flirted‚Äö√Ñ√¥ with other people but never physically cheated,3,relationship,throughout relationship ‚äö√ñ√≤flirted‚äö√ñ√¥ people never physically cheated,0.7083944795772639,False
1781,"My partner and I are having troubles , I'm having issues with family and my mental health just keeps getting worse",3,issues with family,partner trouble 'm issue family mental health keep getting worse,1.5424565823293768,False
1782,I feel like my parents just didn't care anymore at that point because my first 3 sisters were exhausting,3,parents just didn't care anymore,feel like parent n't care anymore point first 3 sister exhausting,1.5048415086581775,False
1783,"I hate it when my mom compares me to my cousin saying ‚Äö√Ñ√∫CJ never stress his mom out, but you stress me out‚Äö√Ñ√π",3,mom compares me to my cousin,hate mom compare cousin saying ‚äö√ñ√∫cj never stress mom stress out‚äö√ñ√π,0.8625729811411743,False
1784,I've been really heartbroken after getting rejected by a good friend who i had fallen deeply in love with,3,heartbroken,'ve really heartbroken getting rejected good friend fallen deeply love,0.46104803439066916,False
1785,"I'm pretty outwardly cold and distrustful of people in general, so me falling in love only to get my heartbroken really pushed me deeper into my shell",3,heartbroken,'m pretty outwardly cold distrustful people general falling love get heartbroken really pushed deeper shell,1.6286958305186683,False
1786,"I created an instagram account, and tried to post some jokes, because I wanted him to think I was funny",3,created an instagram account,created instagram account tried post joke wanted think funny,1.5128594317788064,False
1787,I just wanted to be closer to him,3,just wanted to be closer to him,wanted closer,1.3002284192797595,False
1788,"I never want to leave my room, talk to anyone, or do anything because it all requires unreal pain and effort",3,talk to anyone,never want leave room talk anyone anything requires unreal pain effort,0.80379475434973,False
1789,My parents were never really around and I have been on my own since the day I turned 18,3,parents were never really around,parent never really around since day turned 18,1.2440131389182494,False
1790,I suck at everything I try to do and I feel like I'm just a disappointment to my family,3,disappointment to my family,suck everything try feel like 'm disappointment family,0.5130367440921364,False
1791,now im all alone,3,all alone,im alone,0.22912486713679595,False
1792,ever since i got attached to some dumb bitch online and discarded her i have felt empty,3,"discarded her, have felt empty",ever since got attached dumb bitch online discarded felt empty,1.1926881050461837,False
1793,"My girlfriend of 3 years just left me, After I found out she has slept with 7+ different guys",3,"girlfriend of 3 years just left me, After I found out she has slept with 7+ different guys",girlfriend 3 year left found slept 7+ different guy,0.6840983898807775,False
1794,"I just don't feel like I'm deserving of love, I can't sleep I can't eat",3,deserving of love,n't feel like 'm deserving love ca n't sleep ca n't eat,0.3920890696457226,False
1795,"As a little backstory in a junior in high school, it may sound a little silly but i‚Äö√Ñ√¥ve been in love with this girl (who also is my best friend, been indirectly friendzoned more times than i‚Äö√Ñ√¥d like to admit) since about freshman year",3,been indirectly friendzoned,little backstory junior high school may sound little silly i‚äö√ñ√¥ve love girl also best friend indirectly friendzoned time i‚äö√ñ√¥d like admit since freshman year,1.2340509209985249,False
1796,"I am curious to know why someone would help me here, but let's go, I used to be a very happy and pleasant person, at some point I became a negative person and a little depressive, I believe that due to the death of my grandmother (she always took care of me and I only realized how important she was when I lost her), because of this I think I felt guilty and started to see things more negatively, after that everything started to get worse in my life, even When I feel I'm happy, it's for a brief moment",3,death of my grandmother,curious know someone would help let 's go used happy pleasant person point became negative person little depressive believe due death grandmother always took care realized important lost think felt guilty started see thing negatively everything started get worse life even feel 'm happy 's brief moment,0.9378885249849482,False
1797,I have cut out friends and some extended family because I don‚Äö√Ñ√¥t want to be hurt anymore,3,cut out friends,cut friend extended family don‚äö√ñ√¥t want hurt anymore,0.3357826631021144,False
1798,(I hate the word soul mate)Currently in a slightly toxic relationship where I am not heard and not really given the opportunity to discuss things in detail,3,toxic relationship,hate word soul mate currently slightly toxic relationship heard really given opportunity discus thing detail,1.3991141198940047,False
1799,"I don‚Äö√Ñ√¥t think I‚Äö√Ñ√¥ll ever actually do anything to end my life for a few simple reasons ‚Äö√Ñ√Æ my brother hung himself 4 years ago and I know how hard it was on me, my dad would be lost without me, and honestly because I have stuff in my room I wouldn‚Äö√Ñ√¥t want my parents to have to see or find (stupid I know but whatever works right)",3,brother hung himself,don‚äö√ñ√¥t think i‚äö√ñ√¥ll ever actually anything end life simple reason ‚äö√ñ√æ brother hung 4 year ago know hard dad would lost without honestly stuff room wouldn‚äö√ñ√¥t want parent see find stupid know whatever work right,0.5879297769765505,False
1800,I shouldn't care but I do because I still love her,3,still love,n't care still love,0.26725565897928893,False
1801,"Apparently, people hate it when others talk about their suffering online",3,people hate it,apparently people hate others talk suffering online,0.8493854055093206,False
1802,My mother is so hateful in a passive aggressive type of way and I am dependent on her,3,mother is so hateful,mother hateful passive aggressive type way dependent,1.1428095705626564,False
1803,My cat is an amazing boy and would probably be better off with someone better than me,3,better off with someone,cat amazing boy would probably better someone better,0.45330679706896765,False
1804,I grew up in a poor family and I've never got to travel much,3,poor family,grew poor family 've never got travel much,1.2591284618035727,False
1805,"I blocked everyone on Whatsapp, and now I'm completely alone and my family is worried",3,blocked everyone on Whatsapp,blocked everyone whatsapp 'm completely alone family worried,0.7409216929432125,False
1806,I'm a 16y/o teen who's been probably struggling with depression since I was 8 and honestly losing more of my will to live day by day the only way I get to be happy is when I'm a part of something huge in gaming like being the top in the game I play in but lately it makes me feel empty on the inside and frankly it's like my friends are just using me and I don't even know what to do anymore I feel like ending it all but I could never go through with it 1st time using reddit,3,my friends are just using me,'m 16y/o teen 's probably struggling depression since 8 honestly losing live day day way get happy 'm part something huge gaming like top game play lately make feel empty inside frankly 's like friend using n't even know anymore feel like ending could never go 1st time using reddit,1.2274403438620667,False
1807,"I just wanted to say that if you know someone who is depressed/lonely, call them and let them know you care, it would mean a lot to them",3,lonely,wanted say know someone depressed/lonely call let know care would mean lot,0.408186459844996,False
1808,"My boyfriend was always there for me even though, at the time, my anxiety wad mainly caused by him (emotionally)",3,mainly caused by him,boyfriend always even though time anxiety wad mainly caused emotionally,1.2715487507408634,False
1809,"Hey anyone that would like to offer some advice, I just turned 16, a little backstory to help understand me My relationship with my dad is dysfunctional, (he‚Äö√Ñ√¥s really like bipolar and makes everything my fault somehow) I have pretty much had to stand up and fend for myself all my life, the only person that did those things and helped me out (grandad) died 3 or 4 years ago",3,dad is dysfunctional,hey anyone would like offer advice turned 16 little backstory help understand relationship dad dysfunctional he‚äö√ñ√¥s really like bipolar make everything fault somehow pretty much stand fend life person thing helped grandad died 3 4 year ago,1.1153070141187484,False
1810,"I miss my freedom, my family, my life",3,"family, life",miss freedom family life,0.4269847506039475,False
1811,I'm 18 and have never really been able to make any friends,3,never really been able to make any friends,'m 18 never really able make friend,1.0479035876434315,False
1812,"Lonely, crying, and wanting to scatter my brains around my room because I felt like a worthless angry fuck",3,Lonely,lonely cry wanting scatter brain around room felt like worthless angry fuck,0.6689736205067887,False
1813,I know she wants the best for me but I want her to think I'm happy and to not worry about me,3,want her to think,know want best want think 'm happy worry,0.5304585281126587,False
1814,I'm about to lose my girlfriend and that feels like the final straw,3,about to lose my girlfriend and that feels like the final straw,'m lose girlfriend feel like final straw,1.7514055312726984,False
1815,"I‚Äö√Ñ√¥ve been talking to my best friend on snapchat earlier, yet a feel so alone",3,yet a feel so alone,i‚äö√ñ√¥ve talking best friend snapchat earlier yet feel alone,1.118154870896971,False
1816,"As a kid, I never had many friends",3,never had many friends,kid never many friend,0.6045280093036756,False
1817,She doesn‚Äö√Ñ√¥t need to hear all of that,3,She doesn‚Äö√Ñ√¥t need to hear all of that,doesn‚äö√ñ√¥t need hear,1.0094419655771933,False
1818,"She pities me, as do all of my other friends",3,as do all of my other friends,pity friend,1.4297723458681453,False
1819,We're in a long distance relationship and it's getting harder for me too,3,in a long distance relationship and it's getting harder for me,'re long distance relationship 's getting harder,0.4093778458695683,False
1820,"However, a string of events happened where most of my friends left me to rot alone",3,friends left me to rot alone,however string event happened friend left rot alone,1.5532808330804826,False
1821,"It's the first time I was welcome and invited by people to go out on NYE so I didn't want to lose the opportunity plus those family gatherings make me feel stupid, useless and even more depressed",3,those family gatherings make me feel stupid,'s first time welcome invited people go nye n't want lose opportunity plus family gathering make feel stupid useless even depressed,1.2426948966986593,False
1822,I‚Äö√Ñ√¥ve been thinking about jumping off a bridge lately and leaving a bunch of goodbye letters to my friends and family I went through a really rough breakup with someone who was my first love and they betrayed me and I still miss them so I just graduated from college last month but I don‚Äö√Ñ√¥t feel accomplished I don‚Äö√Ñ√¥t feel happy anymore I don‚Äö√Ñ√¥t know who I am I‚Äö√Ñ√¥m just a depressed anxiety filled mess and I don‚Äö√Ñ√¥t see a reason for being alive anymore I am incapable of being loved and accepted I don‚Äö√Ñ√¥t belong here,3,"breakup, first love",i‚äö√ñ√¥ve thinking jumping bridge lately leaving bunch goodbye letter friend family went really rough breakup someone first love betrayed still miss graduated college last month don‚äö√ñ√¥t feel accomplished don‚äö√ñ√¥t feel happy anymore don‚äö√ñ√¥t know i‚äö√ñ√¥m depressed anxiety filled mess don‚äö√ñ√¥t see reason alive anymore incapable loved accepted don‚äö√ñ√¥t belong,0.9976134212928953,False
1823,Has anyone gotten through this and genuinely felt like they were okay? Here's how I feel: -She broke up with me and said we're romantically incompatible,3,She broke up with me and said we're romantically incompatible,anyone gotten genuinely felt like okay 's feel -she broke said 're romantically incompatible,1.0516611864933725,False
1824,No matter how many attempts I do to explain it to my parents they actually think im an attention seeker,3,parents they actually think im an attention seeker,matter many attempt explain parent actually think im attention seeker,1.5845177349474158,False
1825,"I can't be around my family because I'm sick of faking my happiness, I can't be with my friends because they don't realise the extent of my depression and I always bum them out by being too anxious to say anything",3,can't be around my family because I'm sick of faking my happiness,ca n't around family 'm sick faking happiness ca n't friend n't realise extent depression always bum anxious say anything,1.1458240134095705,False
1826,"I really want a long hug, not just a quick one to say hello or goodbye",3,really want a long hug,really want long hug quick one say hello goodbye,2.2181583081680465,True
1827,now some people are trying to help me but it only makes me feel worse feeling like im a burden to them,3,people are trying to help me,people trying help make feel worse feeling like im burden,0.4173273320669772,False
1828,Long story short: In december I talked to my mother about how I feel and that I currently don't get my shit together; Mainly work,3,talked to my mother,long story short december talked mother feel currently n't get shit together mainly work,1.3478878054570995,False
1829,"When I critizied her, she started the whole ""everything I do is wrong""-bullshit and now even my father called me, who is currently in hospital because of his weak heart and told me I should start using my brain",3,"criticize her, father called me,",critizied started whole `` everything wrong '' -bullshit even father called currently hospital weak heart told start using brain,1.1169830614127731,False
1830,So I am locked in my room with my parents calling me a moron and idiot from outside screaming at me and im begging to be left alone just pleading to be alone and they won‚Äö√Ñ√¥t let me,3,parent calling me a moron,locked room parent calling moron idiot outside screaming im begging left alone pleading alone won‚äö√ñ√¥t let,1.5330190199544482,False
1831,I'm getting increasingly worried that my girlfriend sees me as a burden,3,girlfriend sees me as a burden,'m getting increasingly worried girlfriend see burden,0.8433732697143629,False
1832,"I'm kind of an introvert or whatever, I like having my alone time to just be",3,I like having my alone time to just be,'m kind introvert whatever like alone time,0.5714326213568045,False
1833,"It's been a year since my ex and I broke up, and yet she's still on my mind, but I mean nothing to her",3,"ex and I broke up, and yet she's still on my mind, but I mean nothing to her",'s year since ex broke yet 's still mind mean nothing,0.7199406057801905,False
1834,A complete nobody that never gets noticed by others,3,A complete nobody that never gets noticed by others,complete nobody never get noticed others,1.4372294057624744,False
1835,"I always mess things up, don't have any true real life friends",3,don't have any true real life friends,always mess thing n't true real life friend,0.8836765001777188,False
1836,"Ultimately, I've started to notice that most people around me (friends, family, etc) whom I highly regard as a big part in my life are seeing myself as a lifeboat or a complementary support that can attend to me, throw all their dirty laundry and shit all over myself (in a physcological aspect of course) and leave like nothing happened and expect me to not care, deal with their problems and understand them in a friendly way (which I have done lately, since I'm unable to find another course of action because showing displease will seem rude) until brief moments pass, these people have new problems and come to me again to throw everything again expecting me to be as friendly as ever",3,"most people around me, friends, family",ultimately 've started notice people around friend family etc highly regard big part life seeing lifeboat complementary support attend throw dirty laundry shit physcological aspect course leave like nothing happened expect care deal problem understand friendly way done lately since 'm unable find another course action showing displease seem rude brief moment pas people new problem come throw everything expecting friendly ever,1.3902018684624244,False
1837,As if being pushed around all over the place and treated as a 3rd dish is what I deserve that is according to their point of view,3,being pushed around,pushed around place treated 3rd dish deserve according point view,1.7938911307724938,False
1838,I am ruining the only relationship I have ever been happy in,3,I am ruining the only relationship I have ever been happy in,ruining relationship ever happy,0.3731481877789881,False
1839,"I don't want to be a disappointment to my mum, I want to make her proud of me",3,I want to make her proud of me,n't want disappointment mum want make proud,1.1640270014055885,False
1840,"Basically I go from zero to asshole in seconds), no friends, etc",3,no friends,basically go zero asshole second friend etc,1.5052325330570795,False
1841,"Where do I start? No friends really, because of drama",3,No friends really,start friend really drama,0.3080341899859025,False
1842,"But he never came, never said happy new year, didn‚Äö√Ñ√¥t apologize or anything so I just flipped out on him and I never want to talk to him again",3,But he never came,never came never said happy new year didn‚äö√ñ√¥t apologize anything flipped never want talk,0.6832477405172106,False
1843,"Whenever my girlfriend goes clubbing with her friends I get super anxious and depressed, I mean who‚Äö√Ñ√¥s gonna tell me if she does anything? Her? Her friends? No way",3,my girlfriend goes clubbing,whenever girlfriend go clubbing friend get super anxious depressed mean who‚äö√ñ√¥s gon na tell anything friend way,0.6211817188397347,False
1844,It seems like everyone just eventually vanishes into thin air and stops talking to me all of a sudden,3,everyone just eventually vanishes,seems like everyone eventually vanishes thin air stop talking sudden,1.5319111976210433,False
1845,She left me 8 months later and there is a very good chance I will never speak to her again,3,She left me,left 8 month later good chance never speak,1.1255997445883594,False
1846,A day ago she told me she dont want anything to do with me,3,day ago she told me she dont want anything to do with me,day ago told dont want anything,0.41014187041123806,False
1847,"I always do this, my girlfriend my family my friends, how would they be affected if tomorrow I were to jump in front of a car fall off a building or overdose on pills",3,my girlfriend my family my friends,always girlfriend family friend would affected tomorrow jump front car fall building overdose pill,1.9594872733292954,True
1848,"Grew up in an abusive home, had abusive relationships, bad marriages, etc",3,"Grew up in an abusive home, had abusive relationships, bad marriages",grew abusive home abusive relationship bad marriage etc,1.050259320946472,False
1849,My boyfriend thinks I'm overreacting and I should move on from the sexual and emotional abuse I experienced for years,3,My boyfriend thinks I'm overreacting,boyfriend think 'm overreacting move sexual emotional abuse experienced year,0.8935462294236082,False
1850,If I talk to either my mother or my brother they will probably force me to go back home or try to change my lifestyle somehow,3,If I talk to either my mother or my brother,talk either mother brother probably force go back home try change lifestyle somehow,1.2316181473551302,False
1851,"Within just two days I managed to drive a close friend out with my own conflicting emotions, be hit with 4 dysphoria attacks, and continue to feel abandoned, neglected, and blatantly ignored by the people that I consider my friends",3,"continue to feel abandoned, neglected, and blatantly ignored by the people that I consider my friends",within two day managed drive close friend conflicting emotion hit 4 dysphoria attack continue feel abandoned neglected blatantly ignored people consider friend,1.5445775289707018,False
1852,My family literally is talking about me behind my back and it makes me feel extremely hurt and violated,3,My family literally is talking about me behind my back,family literally talking behind back make feel extremely hurt violated,0.5315752822027631,False
1853,Doesn't matter if she said this isn't a break up or anything it still hurts being told someone you love doesn't want anything to do with you,3,break up,n't matter said n't break anything still hurt told someone love n't want anything,0.5362510450007235,False
1854,"I go on Discord and see people talking about how college helped them form friends, and I remember how all the friends I met in college I ended up hating",3,how all the friends I met in college,go discord see people talking college helped form friend remember friend met college ended hating,1.237122758274114,False
1855,The only things now that keeps me going is seeing my mum so determine to be happy or try to be happy,3,seeing my mum so determine,thing keep going seeing mum determine happy try happy,0.9766346543430848,False
1856,I can't take this shit anymore and need someone to chat with,3,need someone to chat with,ca n't take shit anymore need someone chat,0.2352531063743015,False
1857,Fuck my mother for making me this way,3,Fuck my mother for making me this way,fuck mother making way,0.5908733324399562,False
1858,My fianc‚àö¬© cheated on me and then broke up with me,3,My fianc‚àö¬© cheated on me and then broke up with me,fianc‚àö¬© cheated broke,2.2858378183372254,True
1859,Does anyone know how to be more comfortable being alone? I always end up putting so much time and effort into these crushes that don't mean anything to me,3,crushes that don't mean,anyone know comfortable alone always end putting much time effort crush n't mean anything,1.251214244355513,False
1860,All these people lying to me and going behind my back every day has made me bitter and cold,3,people lying to me,people lying going behind back every day made bitter cold,0.9023722459275612,False
1861,I love too much and it's hurting me because they don't love me or care for me back,3,I love too much and it's hurting me because they don't love me or care for me back,love much 's hurting n't love care back,0.8012337729620874,False
1862,I can't tell my friends because none are close enough and even if they were,3,can't tell my friends,ca n't tell friend none close enough even,0.40058770795786347,False
1863,"Anybody feel like they just don't have anybody to just talk to? Sure I have parents and my two siblings, but I feel like im not close enough with any of them to share anything",3,have parents and my two siblings,anybody feel like n't anybody talk sure parent two sibling feel like im close enough share anything,1.3142940346756746,False
1864,"I don't know why but family doesn't make me feel not alone, even when my family is great and I care about them more than myself",3,"don't know why but family doesn't make me feel not alone, even when my family is great and I care about them more than myself",n't know family n't make feel alone even family great care,0.4260730624345676,False
1865,I really don't care bout a lot of shit anymore I'm losing my passion for gaming me and my gf are arguing every night family having problems all this shit is just to much for me I don't wana live in a world where there's constantly shit going on people getting killed kidnapped major tragedies Im to much of a caring and compassionate person every little thing affects me,3,me and my gf are arguing every night family having problems all this shit is just to much for me I,really n't care bout lot shit anymore 'm losing passion gaming gf arguing every night family problem shit much n't wana live world 's constantly shit going people getting killed kidnapped major tragedy im much caring compassionate person every little thing affect,0.8704407914780116,False
1866,When I used to live with my father (parents have been separated since I was born) he always taught to me to bottle it all,3,used to live with my father,used live father parent separated since born always taught bottle,0.9328972137460695,False
1867,I love my wife deeply and would love to help her in any way that I can,3,love my wife deeply,love wife deeply would love help way,0.71514919300095,False
1868,"Most of my friends started experimenting with drugs and alcohol, but I knew that wasn't for me",3,friends started experimenting with drugs and alcohol,friend started experimenting drug alcohol knew n't,0.9412836004328916,False
1869,I was also scared they'd pressure me into doing it with them,3,scared they'd pressure me into doing it with them,also scared 'd pressure,1.468953689867759,False
1870,Am I surrounding myself with people who will positively influence me? Am I going to be fucked over in this relationship like the one before? What's going to happen to me I almost don't really want to find out,3,fucked over in this relationship like the one before,surrounding people positively influence going fucked relationship like one 's going happen almost n't really want find,0.5758898569445491,False
1871,"My girlfriend and I went though a rough break up, I got extremely drunk and my best friend is mad at me",3,girlfriend and I went though a rough break up,girlfriend went though rough break got extremely drunk best friend mad,1.1163926753117586,False
1872,"Christmas day my dad whisks me off his hands so he can spend the day alone then I'm forced to spend the next WEEK at a beach working for my family, earning money, but not enough for anything really significant, then on my birthday, all my friends are in a different city, all my family is working and I'm basically brushed off and told to be alone for the whole day",3,forced to spend the next WEEK at a beach working for my family,christmas day dad whisk hand spend day alone 'm forced spend next week beach working family earning money enough anything really significant birthday friend different city family working 'm basically brushed told alone whole day,1.3931608514706042,False
1873,There's really no chance of my romantic situation ever changing though,3,no chance of my romantic situation ever changing though,'s really chance romantic situation ever changing though,1.512291667107417,False
1874,"So I'm back to sitting alone with no hope, just me and my shitty brain I don't even want",3,just me and my shitty brain,'m back sitting alone hope shitty brain n't even want,0.8967187630011285,False
1875,no family or anything,3,no family or anything,family anything,0.21378821157754116,False
1876,My friends left me after I told one of them that I go to therapy,3,My friends left me after I told one of them that I go to therapy,friend left told one go therapy,0.5058426485272479,False
1877,Am I boring? Does she not want me? Am I supposed to be mad at her? Is she worth keeping? What do you people make of this?,3,Does she not want me,boring want supposed mad worth keeping people make,1.9549664019841155,True
1878,Just stopped talking to the few friends i had,3,Just stopped talking to the few friends i had,stopped talking friend,0.668140828391444,False
1879,"I'm lying everyone even about my favorite colour, not to mention about my current mental condition",3,lying everyone,'m lying everyone even favorite colour mention current mental condition,2.4358432577204243,True
1880,Why do I feel like crying eventhough this is just me and my stubborn ego? Am I way too rough to socialize with anyone at all? I know not many people will reply to this but it would be nice if I at least know if someone feels the same way as I do,3,way too rough to socialize with anyone at all,feel like cry eventhough stubborn ego way rough socialize anyone know many people reply would nice least know someone feel way,1.0574495165915299,False
1881,"Or tell you they don‚Äö√Ñ√¥t love you anymore, or that you‚Äö√Ñ√¥re not good enough for them, or they‚Äö√Ñ√¥ve found someone else, or when you want to die",3,or that you‚Äö√Ñ√¥re not good enough for them,tell don‚äö√ñ√¥t love anymore you‚äö√ñ√¥re good enough they‚äö√ñ√¥ve found someone else want die,0.22928477682999585,False
1882,Just ignore the lonely loser,3,ignore the lonely loser,ignore lonely loser,0.6267000869974804,False
1883,"The woman I've been talking to is married, and on top of it, I think is close to dumping me for another side guy",3,dumping me for another side guy,woman 've talking married top think close dumping another side guy,0.8582523129541568,False
1884,"So today in particular was a very bad day, I found out that my sister's husband beated my other sister who has been suffering from severe depression and he kept on calling her degrading terms (slut, bitch ) while my other sister is watching through the car, he also broke her phone, there were some 2 pieces of shit watching that didn't do anything, he also broke her expensive phone with all the data, I'm very angry and I think I might commit a murder I can't restrain myself",3,sister's husband beated my other sister who has been suffering from severe depression and he kept on calling her degrading terms (slut,today particular bad day found sister 's husband beated sister suffering severe depression kept calling degrading term slut bitch sister watching car also broke phone 2 piece shit watching n't anything also broke expensive phone data 'm angry think might commit murder ca n't restrain,1.685013062029291,False
1885,Like i have a ok life im homeless right now its not the first time i have some fake friends not first i have little family my mom died a couple weeks ago (im 14) all this stuff is bad but im kinda use to this i losted all energy to live yet i cant kill myself because i know i would hurt maybe 2 or 3 people idk anymore haha,3,"have little family my mom died a couple weeks ago, have some fake friends",like ok life im homeless right first time fake friend first little family mom died couple week ago im 14 stuff bad im kinda use losted energy live yet cant kill know would hurt maybe 2 3 people idk anymore haha,1.0116868824299832,False
1886,i always thought my parents were more open minded but nope,3,always thought my parents were more open minded but nope,always thought parent open minded nope,1.0503149535682796,False
1887,I think she's pushing me away so I'll break it off and she can move on guilt free,3,she's pushing me away,think 's pushing away 'll break move guilt free,0.9655250685824377,False
1888,Is there somewhere online I can go to talk to someone? I need someone I can be completely honest with and the online barrier kinda helps me with that,3,talk to someone,somewhere online go talk someone need someone completely honest online barrier kinda help,1.4375874757199334,False
1889,My boyfriend sent a text to me saying that he wishes I would treat him better and would feel better about myself,3,boyfriend sent a text,boyfriend sent text saying wish would treat better would feel better,1.039742899386833,False
1890,Why do I have random fucking memories? Why have I suddenly remembered the smell of her?,3,suddenly remembered the smell of her,random fucking memory suddenly remembered smell,1.703837877290969,False
1891,"Last year I thought I finally got over my depression and anxiety, but then my girlfriend cheated on me, broke up with me, and told me I wasn‚Äö√Ñ√¥t good enough for her",3,"girlfriend cheated on me, broke up with me, and told me I wasn‚Äö√Ñ√¥t good enough for her",last year thought finally got depression anxiety girlfriend cheated broke told wasn‚äö√ñ√¥t good enough,0.9743303749007416,False
1892,the event was triggered by an argument we had and i know its not my fault but i also knew for a long time that i couldn't give her the help she needed,3,couldn't give her the help she needed,event triggered argument know fault also knew long time could n't give help needed,1.3811630231566228,False
1893,"I‚Äö√Ñ√¥m sick of being alone, I want people who love me",3,"sick of being alone, I want people who love me",i‚äö√ñ√¥m sick alone want people love,0.254251870745712,False
1894,"she's not hateful or part of the problem or anything like that, she's just an unhelpful no-impact",3,she's just an unhelpful no-impact,'s hateful part problem anything like 's unhelpful no-impact,1.5255767139273344,False
1895,I don't like talking to people about my problems,3,don't like talking to people about my problems,n't like talking people problem,0.37313404714828846,False
1896,"i know im supposed to be happy for them, but having no one here justs makes me feel lonely and even more empty than before",3,makes me feel lonely and even more empty than before,know im supposed happy one justs make feel lonely even empty,0.503101235753583,False
1897,I feel sick and dumb and have no one to talk to,3,no one to talk to,feel sick dumb one talk,0.43289188465135603,False
1898,"I'm suicidal every day and I'm pretty honest about it, and today my mom was talking about how she can't deal with me anymore and I asked her not to call me a burden cause it makes me want to die more and she said ""If you want to die so badly, you should kill yourself""",3,my mom,'m suicidal every day 'm pretty honest today mom talking ca n't deal anymore asked call burden cause make want die said `` want die badly kill '',0.8941415745136714,False
1899,"Well now, I still think ""they must not want to be my friend"" but instead of going home and crying about it I just kind of shrug it off",3,they must not want to be my friend,well still think `` must want friend '' instead going home cry kind shrug,0.5866312480410779,False
1900,"It's been six years since someone has been romantic with me, six years since I've felt unconditional love, six years since I've felt warmth in my heart and I'm really running out of steam",3,six years since someone has been romantic with me,'s six year since someone romantic six year since 've felt unconditional love six year since 've felt warmth heart 'm really running steam,1.0923965781758114,False
1901,"In my case it's my family and especially my mother who tell me that they can't deal with me and that they don't feel good either, which just gets me down even more",3,my family and especially my mother,case 's family especially mother tell ca n't deal n't feel good either get even,1.5286208826900967,False
1902,"i have some good friends, even if i only see them at school, and my grades arent bad either",3,have some good friends,good friend even see school grade arent bad either,0.38088425123343234,False
1903,"No one really bothered me, but no one really cared for me either",3,but no one really cared for me either,one really bothered one really cared either,0.7588714234816074,False
1904,"Hi everyone! So I realized my depression is better at home, when I can be with my dogs",3,when I can be with my dogs,hi everyone realized depression better home dog,1.6192238541028847,False
1905,I can't take anymore of these lonely summers,3,lonely summers,ca n't take anymore lonely summer,1.6702359021546258,False
1906,with a bad fight between us to end even our friendship,3,with a bad fight between us to end even our friendship,bad fight u end even friendship,1.2623816728155617,False
1907,"Besides the fact that a lot of people i considered friends didnt even remember , now i have reached extremes levels of my anxiety because i have to invite friends over for a party otherwise they'll think im weird or i dont want to hang out with them",3,"have to invite friends over for a party otherwise they'll think im weird, i dont want to hang out with them",besides fact lot people considered friend didnt even remember reached extreme level anxiety invite friend party otherwise 'll think im weird dont want hang,1.7545488936936477,False
1908,"I do know I've had close relationships, but it's usually because they didn't leave me alone and I kinda had to hang out and be friendly with them because they didn't actually give me a reason to",3,"had close relationships, leave me alone",know 've close relationship 's usually n't leave alone kinda hang friendly n't actually give reason,0.6977346146728571,False
1909,I had friends that tried to help but I could never get myself to stop,3,had friends,friend tried help could never get stop,0.3697643771816487,False
1910,I have talked about these feeling recently with some of my mates and they all think i do have depression this also includes my EX who has tried to get me to go doctors for the last 2 years,3,my EX,talked feeling recently mate think depression also includes ex tried get go doctor last 2 year,0.6598308974699125,False
1911,I never even got her name or number but I'm so fucking lonely that I can't stop thinking about her,3,can't stop thinking about her,never even got name number 'm fucking lonely ca n't stop thinking,1.0115152394069629,False
1912,Girls don't want to hang out with me because I'm not a typical douchebag like almost everyone,3,Girls don't want to hang out with me,girl n't want hang 'm typical douchebag like almost everyone,0.6229643319894644,False
1913,"And here I am, unable to feel strongly about him, never responding to him on time, flaking out on seeing him, constantly",3,unable to feel strongly about him,unable feel strongly never responding time flaking seeing constantly,0.921594161345423,False
1914,She‚Äö√Ñ√¥ll barely talk to me,3,She‚Äö√Ñ√¥ll barely talk to me,she‚äö√ñ√¥ll barely talk,0.397735179238791,False
1915,I think my slide into depression the last 6 months is from the loss of my dad as well as some other personal issues (hated my job/fallout with some friends/bad breakup) but it took 6+ months after all that for me to finally realize I needed help,3,"the loss of my dad as well as some other personal issues, fallout with some friends, bad breakup",think slide depression last 6 month loss dad well personal issue hated job/fallout friends/bad breakup took 6+ month finally realize needed help,1.5373882946175572,False
1916,"‚Äö√Ñ√π The holidays come and go, and long story short, I think she‚Äö√Ñ√¥s ghosting me",3,think she‚Äö√Ñ√¥s ghosting me,‚äö√ñ√π holiday come go long story short think she‚äö√ñ√¥s ghosting,1.1118613224629612,False
1917,"It has caused me to isolate and feel shame, and I haven‚Äö√Ñ√¥t reached out to people who once meant very much to me",3,isolate,caused isolate feel shame haven‚äö√ñ√¥t reached people meant much,1.766444361456578,False
1918,"She's always had depression/anxiety issues, and when I go on a trip without her (which is once every 2 years maybe) she gets upset to the point where she's in a rut and can't be productive, etc",3,she's in a rut and can't be productive,'s always depression/anxiety issue go trip without every 2 year maybe get upset point 's rut ca n't productive etc,0.7147545227047751,False
1919,"I heard her tell me ""I love you"" and I love her too, but my depression prioritizes everything in my mind, even my feelings for her so half the time she is the only hope I have and the other half she becomes this endless pit and I fall deeper and deeper",3,my feelings for her,heard tell `` love '' love depression prioritizes everything mind even feeling half time hope half becomes endless pit fall deeper deeper,1.7242207042521402,False
1920,"Today she friendzoned me and said she's staying with her boyfriend, and now I'm completely alone all over again with no friends and nobody I care enough about to live for",3,"Today she friendzoned me, and now I'm completely alone",today friendzoned said 's staying boyfriend 'm completely alone friend nobody care enough live,0.7260945733236256,False
1921,My boyfriend dumped me yesterday and I was very depressed and down so I asked my ex's friend if he wanted to hang out and talk,3,boyfriend dumped me yesterday,boyfriend dumped yesterday depressed asked ex 's friend wanted hang talk,1.115028717058775,False
1922,"Don't look here if you want to get better, it's just a place for loners to feel lonelier",3,just a place for loners to feel lonelier,n't look want get better 's place loner feel lonelier,0.37449801621957135,False
1923,This may seem irrelevant to depression but I‚Äö√Ñ√¥m looking for people who are gamers and have any of the platforms I ask because I‚Äö√Ñ√¥ve been trying to find decent friends and I would like to start trying again I haven‚Äö√Ñ√¥t had any luck t doesn‚Äö√Ñ√¥t have to be gaming related just preferred I I just would like to find decent friends,3,just would like to find decent friends,may seem irrelevant depression i‚äö√ñ√¥m looking people gamers platform ask i‚äö√ñ√¥ve trying find decent friend would like start trying haven‚äö√ñ√¥t luck doesn‚äö√ñ√¥t gaming related preferred would like find decent friend,1.424189297466113,False
1924,"I'm seeking therapy, I have great friends and family who I hear from every few days, but no matter what: I feel isolated and I just don't want to bother anyone",3,feel isolated and I just don't want to bother anyone,'m seeking therapy great friend family hear every day matter feel isolated n't want bother anyone,0.8663811504487992,False
1925,I'm constantly thinking about suicide and I'm steadily losing people whom I can talk to,3,steadily losing people whom I can talk to,'m constantly thinking suicide 'm steadily losing people talk,0.5791142826608039,False
1926,"But, recently (like a week), I haven't been able to write anything, I haven't talked to any of my friends, and I have a ton of trouble even talking with my girlfriend because",3,"haven't talked to any of my friends, ton of trouble even talking with my girlfriend",recently like week n't able write anything n't talked friend ton trouble even talking girlfriend,1.518320619370244,False
1927,I really need to talk to someone ASAP I don't feel good,3,really need to talk to someone ASAP I don't feel good,really need talk someone asap n't feel good,0.23512111059836246,False
1928,She says she felt like a burden to the people around her,3,she felt like a burden to the people around her,say felt like burden people around,0.588209691365493,False
1929,"Please can someone help me - I am feeling particularly depressed at the moment and very erratic - my boyfriend is really worn i Out by me and I feel like he is very close to giving up - he gets upset that he has to walk on eggshells constantly because I think he will leave me , he feels emotionally blackmailed and overwhelmed - do any of you guys have any tips or tricks (CBT etc) when it comes to adapting your thought processes and behaviours to be more rational, less ‚Äö√Ñ√∫attention seeking‚Äö√Ñ√π and less imposing on your partner - I want to save my relationship as it‚Äö√Ñ√¥s going so well and is the best I‚Äö√Ñ√¥ve ever had - ps: already on 20mg of citalopram (posted about this yesterday)",3,my boyfriend is really worn i,please someone help feeling particularly depressed moment erratic boyfriend really worn feel like close giving get upset walk eggshell constantly think leave feel emotionally blackmailed overwhelmed guy tip trick cbt etc come adapting thought process behaviour rational le ‚äö√ñ√∫attention seeking‚äö√ñ√π le imposing partner want save relationship it‚äö√ñ√¥s going well best i‚äö√ñ√¥ve ever p already 20mg citalopram posted yesterday,1.3471388853509272,False
1930,"Anywho, my birthday is tomorrow and my family usually doesn't make a big deal about it, but since i'm turning 21 my ""dad"" seems adamant about taking me to some bar to get me drunk which I'm not too thrilled about, but he'll probably throw a fit if I say no",3,"my ""dad"" seems adamant",anywho birthday tomorrow family usually n't make big deal since 'm turning 21 `` dad '' seems adamant taking bar get drunk 'm thrilled 'll probably throw fit say,1.4983083617440458,False
1931,I've explained this and at first people claim to understand and will stick with me but in the end they just ignore me or some stupid argument causes a rift! I'm sick of it! I didn't cause depression and physical health to happen to me,3,first people claim,'ve explained first people claim understand stick end ignore stupid argument cause rift 'm sick n't cause depression physical health happen,0.7492928270957955,False
1932,I feel alone even if I have a wonderful boyfriend and good friends,3,feel alone,feel alone even wonderful boyfriend good friend,0.3963931267010622,False
1933,I don't like the girls how like me and I allways fall for the ones who don't like me back :/ When I am textkng with them it goes good for a couple of days and then they just straight up ignore me,3,ignore me,n't like girl like allways fall one n't like back textkng go good couple day straight ignore,0.7891181686263614,False
1934,"I don't want to tell my parents, my friends, because I'm scared they'll think I'm doing this for attention, or because I'm weak",3,"don't want to tell my parents, my friends",n't want tell parent friend 'm scared 'll think 'm attention 'm weak,0.63928643358619,False
1935,"I felt ignored and taken for granted, but I didn't say anything because that means I have confront one of my demons",3,felt ignored and taken for granted,felt ignored taken granted n't say anything mean confront one demon,1.120252976078093,False
1936,"My dad has had a long history of cheating on my mom, every time though he always denies it",3,"dad has had a long history of cheating on my mom, every time though he always denies it",dad long history cheating mom every time though always denies,0.7927214363258512,False
1937,"I have supportive parents which I'm grateful for, and a few friends but I'm feeling an extremely strong urge to isolate myself completely",3,urge to isolate,supportive parent 'm grateful friend 'm feeling extremely strong urge isolate completely,1.8832941919788009,True
1938,I have no friends no one to reach out to,3,have no friends no one to reach out to,friend one reach,0.7953873629371675,False
1939,I just feel like I can't breathe and I have no one to talk to,3,can't breathe and I have no one to talk to,feel like ca n't breathe one talk,0.17819833215086647,False
1940,"Some of my interests have changed, things physically feel different, I don't feel as invested in my relationships, and in a strange way I miss my depression because it was like a comforting imaginary friend that was always there",3,don't feel as invested in my relationships,interest changed thing physically feel different n't feel invested relationship strange way miss depression like comforting imaginary friend always,0.7774963992679966,False
1941,"So today, my best and only friend, he finally gave up on me",3,"my best and only friend, he finally gave up on me",today best friend finally gave,0.9137167947247546,False
1942,Have a guy who will love me and cherish me,3,Have a guy who will love me and cherish me,guy love cherish,0.715356449362798,False
1943,"Usually don't like having a relationship, Never really trusted having a significant other, They always leave holes in my heart, Thought I found someone who wouldn't, Let that someone into my life, Spend time with them, Became happy, Then they gave a stupid fucking reason, and left me in the gutter",3,don't like having a relationship,usually n't like relationship never really trusted significant always leave hole heart thought found someone would n't let someone life spend time became happy gave stupid fucking reason left gutter,1.1961207393788786,False
1944,"[19F] Everything I do or don't do, I feel like such a disappointment and as if I owe my parents better",3,as if I owe my parents better,19f everything n't feel like disappointment owe parent better,0.4480280566971147,False
1945,I feel extremely lonely and had suicidal thoughts all day,3,lonely,feel extremely lonely suicidal thought day,0.5058230443839329,False
1946,I know that i wont do such a thing but the thought is not going anywhere,3,thought is not going anywhere,know wont thing thought going anywhere,0.8043780509425381,False
1947,"I'm specifically looking for a best friend instead of friend because most of the time, people don't take online friendships seriously",3,"looking for a best friend, people don't take online friendships seriously",'m specifically looking best friend instead friend time people n't take online friendship seriously,1.0864087670321778,False
1948,"I have been having a very rough 15 months after a breakup which really shouldn‚Äö√Ñ√¥t be the end of the world, but it‚Äö√Ñ√¥s really fucked me up",3,breakup,rough 15 month breakup really shouldn‚äö√ñ√¥t end world it‚äö√ñ√¥s really fucked,1.6298990042768038,False
1949,I moved back in with my parents and have had no energy or motivation to move forward with my life,3,oved back in with my parents,moved back parent energy motivation move forward life,0.975757843723121,False
1950,"Does anyone else find that they‚Äö√Ñ√¥re suicidal only when they‚Äö√Ñ√¥re alone? I am entirely dependent on others (mainly my fianc‚àö¬©), in the sense that I can‚Äö√Ñ√¥t be alone",3,"entirely dependent on others, mainly my fianc‚àö¬©",anyone else find they‚äö√ñ√¥re suicidal they‚äö√ñ√¥re alone entirely dependent others mainly fianc‚àö¬© sense can‚äö√ñ√¥t alone,1.7725452498026526,False
1951,i guess im just lonely,3,just lonely,guess im lonely,0.3750925991142839,False
1952,I have a friend who is super caring and amazing and he always supports me during anxiety crises and everything,3,have a friend who is super caring,friend super caring amazing always support anxiety crisis everything,1.3708320136663643,False
1953,"He has never given me reason to doubt his friendship and yet today, because he is hanging out with some other friends and didn't invite me, I asked what he was doing and although he didnt lie, he didn't tell me either (but he never said he would so I'm not saying he had to) and yet I feel like he betrayed me and can't shake the feeling that he is going to abandon me and I keep thinking he must be annoyed me and I'm just freaking out because I'm really scared of getting all paranoid about him and pushing him away",3,feel like he betrayed me and can't shake the feeling that he is going to abandon me,never given reason doubt friendship yet today hanging friend n't invite asked although didnt lie n't tell either never said would 'm saying yet feel like betrayed ca n't shake feeling going abandon keep thinking must annoyed 'm freaking 'm really scared getting paranoid pushing away,1.732461393495757,False
1954,You know what sucks even more? Opening up to the wrong person,3,Opening up to the wrong person,know suck even opening wrong person,0.5691768004056058,False
1955,"I need a sense of community, but I have trouble connecting to people out of personal shame",3,"need a sense of community, but I have trouble connecting to people",need sense community trouble connecting people personal shame,1.8992660254147409,True
1956,my first relationship I was broken up with 29 days later because she said she didn‚Äö√Ñ√¥t feel like I loved her,3,my first relationship I was broken up,first relationship broken 29 day later said didn‚äö√ñ√¥t feel like loved,1.0809228003900164,False
1957,Yesterday afternoon I was really upset so I asked my ex boyfriend's best friend if we could hang out,3,boyfriend's best friend,yesterday afternoon really upset asked ex boyfriend 's best friend could hang,1.0867932437502232,False
1958,He kept telling me how beautiful and gorgeous I am and eventually we had sex,3,eventually we had sex,kept telling beautiful gorgeous eventually sex,1.8083867215329774,False
1959,Ever since my divorce it's been like trying to dig out of a pit,3,since my divorce,ever since divorce 's like trying dig pit,0.3359746383828735,False
1960,My step dad that claims he loves and cares about me hasn't taken any time out for me at all since before my divorce,3,"step dad that claims he loves and cares about me, divorce",step dad claim love care n't taken time since divorce,0.8044664014640258,False
1961,I feel like a loser because I do not have a group of friends,3,I do not have a group of friends,feel like loser group friend,0.7335557328427614,False
1962,"The distance between myself and the people I know keeps growing, and it's all my fault",3,distance between myself and the people I know keeps growing,distance people know keep growing 's fault,1.791794414147056,False
1963,Work was my only way out of the house and I have 0 friends who would talk to me outside of work I can't go pub till next Friday when I get paid I can't go OK much longer I'm gonna relapse soon my music isn't helping,3,have 0 friends who would talk to me outside of work,work way house 0 friend would talk outside work ca n't go pub till next friday get paid ca n't go ok much longer 'm gon na relapse soon music n't helping,1.2983378361618363,False
1964,I dont know if im depressed or not and i feel like i am and it's true then the pain wont be as bad with my parents knowing i have depression,3,the pain wont be as bad with my parents knowing i have depression,dont know im depressed feel like 's true pain wont bad parent knowing depression,0.683570062468541,False
1965,"I feel like I can‚Äö√Ñ√¥t take this anymore, I‚Äö√Ñ√¥m trying so hard to calm myself down but I‚Äö√Ñ√¥ve been recently stationed in Japan away from my fianc‚àö¬© and family and my fianc‚àö¬© is slowly drifting away from me and I have no friends out here and I just feel like I‚Äö√Ñ√¥ve given up and have no point in continuing, I can‚Äö√Ñ√¥t do this for a whole 2 years it‚Äö√Ñ√¥s tearing me up already",3,I have no friends,feel like can‚äö√ñ√¥t take anymore i‚äö√ñ√¥m trying hard calm i‚äö√ñ√¥ve recently stationed japan away fianc‚àö¬© family fianc‚àö¬© slowly drifting away friend feel like i‚äö√ñ√¥ve given point continuing can‚äö√ñ√¥t whole 2 year it‚äö√ñ√¥s tearing already,1.4587221618587776,False
1966,I'm not close to my family and everyone I try talking to eventually starts ignoring me,3,"not close to my family and everyone, try talking to eventually starts ignoring me",'m close family everyone try talking eventually start ignoring,0.7031076826427963,False
1967,This causes me pain because all I ever want is to socialize and keep appearances like normal people,3,socialize,cause pain ever want socialize keep appearance like normal people,0.9751892673168423,False
1968,He is also my only friend,3,my only friend,also friend,0.11594618100311786,False
1969,Recently I had a thought that our relationship started to become more romantic? I don't know if it's just my imagination,3,had a thought that our relationship started to become more romantic,recently thought relationship started become romantic n't know 's imagination,0.9309153084875559,False
1970,"I'm straight as far as I know, also I don't feel sexually attracted to him",3,don't feel sexually attracted to him,'m straight far know also n't feel sexually attracted,1.2765874268941406,False
1971,"My closest friends are all younger than me, and 2 of the closest are 16 (don‚Äö√Ñ√¥t worry, I met them through my job, I‚Äö√Ñ√¥m not a pedophile), so I feel pathetic for being unable to make friends my own age",3,feel pathetic for being unable to make friends my own age,closest friend younger 2 closest 16 don‚äö√ñ√¥t worry met job i‚äö√ñ√¥m pedophile feel pathetic unable make friend age,1.920482721550619,True
1972,I feel like not even opening up to anyone anymore,3,feel like not even opening up to anyone anymore,feel like even opening anyone anymore,0.20062529000316653,False
1973,everytime i feel like i had a special connection with someone it just fades off,3,special connection with someone,everytime feel like special connection someone fade,2.2719657882661966,True
1974,Just been feeling depressed and lonely,3,been feeling depressed and lonely,feeling depressed lonely,0.2286962857165567,False
1975,Wanted someone to talk with,3,Wanted someone to talk with,wanted someone talk,0.4355538438828931,False
1976,"I know what I should be doing but can‚Äö√Ñ√¥t/don‚Äö√Ñ√¥t, I‚Äö√Ñ√¥m not a child anymore and my family won‚Äö√Ñ√¥t support me forever",3,not a child anymore and my family won‚Äö√Ñ√¥t support me forever,know can‚äö√ñ√¥t/don‚äö√ñ√¥t i‚äö√ñ√¥m child anymore family won‚äö√ñ√¥t support forever,0.7803823539701654,False
1977,"I texted my mom, but she's in another timezone so she won't read it until later",3,"texted my mom, but she's in another timezone so she won't read it until later",texted mom 's another timezone wo n't read later,1.154873356893699,False
1978,I just want to not be alone and have to cry myself to sleep to not feel so alone at night,3,just want to not be alone and have to cry myself to sleep,want alone cry sleep feel alone night,0.31043730624295324,False
1979,"Am I the only one who feels like when ever I try to talk about my depression or just my brain in general to someone that they instantly start talking about themselves or just say that they have the same thing even when they don't? It might just be my family, or it might be me being a raging cunt but talking to people doesn't help me at all I don't want people to instantly relate to what I have to say unless they are being sincere, I want people to help me (does that qualify as using people?) it is relief when someone knows what your talking about",3,want people to help me (does that qualify as using people?) it is relief when someone knows what your talking about,one feel like ever try talk depression brain general someone instantly start talking say thing even n't might family might raging cunt talking people n't help n't want people instantly relate say unless sincere want people help qualify using people relief someone know talking,0.6917259662096679,False
1980,It is because i used to think that I dont need friends i have plenty on the internet,3,used to think that I dont need friends,used think dont need friend plenty internet,0.9392110345465382,False
1981,"I have lost most of those ""friends"" that i had when i said that but now i only have 2 or 3 and i am lonely and wish that i would just die but i cant bring myself to do it",3,i am lonely,lost `` friend '' said 2 3 lonely wish would die cant bring,0.8407818252150088,False
1982,He fought for custody for his 3 kids and son,3,fought for custody for his 3 kids and son,fought custody 3 kid son,1.4340144020795544,False
1983,Feeling a bit lonely,3,lonely,feeling bit lonely,0.5714020488955638,False
1984,We can chat about your shit or mine or just stupid shit,3,can chat about your shit or mine,chat shit mine stupid shit,0.38188195503461037,False
1985,I met a few people online last year who I thought I could talk to about my feelings,3,met a few people online last year,met people online last year thought could talk feeling,1.2020073979984023,False
1986,I√î‚àè√®‚Äö√Ñ√¥m embarrassed to tell anyone and will more than likely never tell my family,3,never tell my family,i√î‚àè√®‚äö√ñ√¥m embarrassed tell anyone likely never tell family,1.130660116932414,False
1987,"Is there any dating site or group for people with depression? Don't think that being single is the cause of my depression or dating the solution, but having someone to share time in that way would give a sense of stability to my life",3,but having someone to share time in that way would give a sense of stability to my life,dating site group people depression n't think single cause depression dating solution someone share time way would give sense stability life,1.1280437750978047,False
1988,"I've always been someone who has a small circle of very close friends and not much else and I'm fortunate that my current friends are wonderful people and very supportive of me, but I still feel very insecure in my relationships with them",3,but I still feel very insecure in my relationships,'ve always someone small circle close friend much else 'm fortunate current friend wonderful people supportive still feel insecure relationship,1.4524925445260746,False
1989,"Three years ago my dad died, it hardly feels like three weeks",3,dad died,three year ago dad died hardly feel like three week,1.2224072391402774,False
1990,I just really need a place to hang and talk,3,just really need a place to hang and talk,really need place hang talk,0.5091390901177011,False
1991,"So I posted earlier about my fianc‚àö¬© being distant and acting weird and just 30 minutes ago she ended our engagement, I‚Äö√Ñ√¥m so numb and just empty and I can‚Äö√Ñ√¥t go home and see family since being stationed over seas I just feel like I want to end it",3,ended our engagement,posted earlier fianc‚àö¬© distant acting weird 30 minute ago ended engagement i‚äö√ñ√¥m numb empty can‚äö√ñ√¥t go home see family since stationed sea feel like want end,1.7507519994667158,False
1992,I just kept wishing that I had someone who loved me the way they loved each other,3,just kept wishing that I had someone who loved me,kept wishing someone loved way loved,0.8522526583794704,False
1993,"Last week I got a new phone (Pixel 2, is vewy noice), and as I was setting it up, I realized that outside of family, I had no contacts to add",3,"realized that outside of family, I had no contacts to add",last week got new phone pixel 2 vewy noice setting realized outside family contact add,1.5693205488722364,False
1994,I don't know or have a single friend outside of my family,3,have a single friend outside of my family,n't know single friend outside family,0.8221018537137617,False
1995,My girlfriend would also be very upset,3,girlfriend,girlfriend would also upset,1.0515751331272263,False
1996,My family yells and screams at me because I'm depressed,3,family yells,family yell scream 'm depressed,0.2675711500724431,False
1997,"I have zero support, no friends, nothing but pain",3,no friends,zero support friend nothing pain,1.1519877068829452,False
1998,"I lost my sister to a car accident in January 2019, then my pet of ten years just three months later",3,pet,lost sister car accident january 2019 pet ten year three month later,1.3565562414997658,False
1999,Our relationship was the best up until the 19th of February,3,relationship,relationship best 19th february,0.41100163535937606,False
2000,all our conversations are one sided,3,conversations are one sided,conversation one sided,0.9240910457671432,False
2001,"Several times everyday, I daydream about someone walking up to me and killing me",3,daydream about someone walking up to me,several time everyday daydream someone walking killing,1.3068787133123307,False
2002,I‚Äö√Ñ√¥ve been depressed for quite a while now and I just got dumped 10 minutes ago,3,just got dumped 10 minutes ago,i‚äö√ñ√¥ve depressed quite got dumped 10 minute ago,1.987156280977429,True
2003,"Me and my friends grew up together, we all have common interests, all 3 of us tried out for a team and we all made it, however, the past 2 weeks have made me feel I‚Äö√Ñ√¥ve reached the end of the line, my 2 other friends accelerated and improved sharply while I didn‚Äö√Ñ√¥t, I later learned from one of them, let‚Äö√Ñ√¥s call him A, that I could possibly could get kicked should I not improve my level, however, our friendship blew up today when our other friend, P, spread a rumor about A and I unknowingly helped spread it, afterwards, A started hating me while P got mad at me for telling him who started the rumor, so now I‚Äö√Ñ√¥m now practically friendless and about to get kicked from the team of my favorite sport, I don‚Äö√Ñ√¥t feel I can continue in this shithole of my life",3,"2 other friends accelerated and improved sharply, friendship blew up today",friend grew together common interest 3 u tried team made however past 2 week made feel i‚äö√ñ√¥ve reached end line 2 friend accelerated improved sharply didn‚äö√ñ√¥t later learned one let‚äö√ñ√¥s call could possibly could get kicked improve level however friendship blew today friend p spread rumor unknowingly helped spread afterwards started hating p got mad telling started rumor i‚äö√ñ√¥m practically friendless get kicked team favorite sport don‚äö√ñ√¥t feel continue shithole life,1.4760360177303866,False
2004,I've never had a girlfriend,3,never had a girlfriend,'ve never girlfriend,0.34496835910636203,False
2005,"My best friend is literally the sweetest person ever she brought me so much chocolate and facemasks to make me happy, even if its just for a few seconds and I just can't stop crying about that",3,best friend,best friend literally sweetest person ever brought much chocolate facemasks make happy even second ca n't stop cry,0.958947124132494,False
2006,I'm going to die alone and uncared for,3,die alone and uncared for,'m going die alone uncared,0.36761230733803163,False
2007,my first ever boyfriend just broke up with me after confronting him about cheating,3,first ever boyfriend just broke up,first ever boyfriend broke confronting cheating,0.567302319815129,False
2008,I'll be homeless soon since my dad threatened to kick me out today because I'm a problem to him which he doesnt want to fix and that it's too much for him to handle,3,"homeless soon, dad threatened",'ll homeless soon since dad threatened kick today 'm problem doesnt want fix 's much handle,1.610373989881712,False
2009,"My mom left me when I was a kid, my family deserted me, my friends stopped talking to me, my brother hates me so much and my dad wants to leave me too now",3,"family deserted, mom left, brother hates me, friends stopped talking",mom left kid family deserted friend stopped talking brother hate much dad want leave,0.6259518341087825,False
2010,i met this girl at walmart she was the cashier she was kinda smiling a little bit and i felt all warm inside why can‚Äö√Ñ√¥t i feel like that all the time now i‚Äö√Ñ√¥m back alone in my house i need a girlfriend,3,need a girlfriend,met girl walmart cashier kinda smiling little bit felt warm inside can‚äö√ñ√¥t feel like time i‚äö√ñ√¥m back alone house need girlfriend,0.8839026596495928,False
2011,"And I can't forgive my ex for never helping me, for leaving me in a worse situation and then abandoning me after taking everything from me, after I helped him until my last cent",3,"ex, abandoning me",ca n't forgive ex never helping leaving worse situation abandoning taking everything helped last cent,1.2168260802087443,False
2012,"This is so cruel and death is all I can think about, because I know that I have been a burden for my family since I was born",3,burden for my family,cruel death think know burden family since born,0.8090690592520942,False
2013,Very painfully (for me) over the past few months I've lost my best friend,3,lost my best friend,painfully past month 've lost best friend,0.3338615688373777,False
2014,"I still care about this person greatly, but its pretty clear thats not the case for this person Over that time period, my mental state has just gone down the drain",3,care about this person,still care person greatly pretty clear thats case person time period mental state gone drain,1.6111476931893107,False
2015,"I've been having suicidal thoughts for the past month and I honestly dont know how much longer I can hold out, with the lonliness and the stress given for being an academic student (Canadian system) I've always been more of a lonely kid, but over this friendship I was shown how much greener the grass is when you have someone to talk to, someone that (seems) to enjoy your company, and can make you smile",3,"friendship, someone to talk to, loneliness",'ve suicidal thought past month honestly dont know much longer hold lonliness stress given academic student canadian system 've always lonely kid friendship shown much greener grass someone talk someone seems enjoy company make smile,1.1255959888401672,False
2016,"Its irony when my mom keeps bugging me like why wont I spend my time to talk with her instead of me sulking in my bedroom when everytime I talk to her,she always manage to either compare me with one of her friend's child who are far way more successful or reminds me of how much my dad not wanting me",3,mom keeps bugging me,irony mom keep bugging like wont spend time talk instead sulking bedroom everytime talk always manage either compare one friend 's child far way successful reminds much dad wanting,1.7102253750348513,False
2017,My mom says I was a mistake and she wanted to abort me,3,mom says I was a mistake,mom say mistake wanted abort,0.8152120123722547,False
2018,I'm lonely,3,lonely,'m lonely,0.18643492586137778,False
2019,My dad died last month and now I can‚Äö√Ñ√¥t get these thoughts out of my head,3,dad died,dad died last month can‚äö√ñ√¥t get thought head,0.9010192702522577,False
2020,I‚Äö√Ñ√¥d like to reach out to people for help but I‚Äö√Ñ√¥ve never been able to do that; I feel like I have a mental barrier and just can‚Äö√Ñ√¥t get past it to better myself,3,like to reach out to people for help,i‚äö√ñ√¥d like reach people help i‚äö√ñ√¥ve never able feel like mental barrier can‚äö√ñ√¥t get past better,0.3714162293992167,False
2021,"After our conversation I started thinking about what he said and about all the people in my life that care/depend on me (my son, parents, friends, etc",3,people in my life that care/depend on me,conversation started thinking said people life care/depend son parent friend etc,0.7776397779747406,False
2022,I liked knowing that despite my decision I would die knowing I had an impact on someones life,3,impact on someones life,liked knowing despite decision would die knowing impact someone life,1.5664548961961013,False
2023,"I've never had anybody i'd consider a true friend really my entire life and now i'm 20, it's starting to really hurt",3,"never had anybody, true friend",'ve never anybody 'd consider true friend really entire life 'm 20 's starting really hurt,1.5322522186264178,False
2024,"They're always making stupid jokes and putting me down, but - shit, they're the closest people I have to real friends, and the only people I talk to on a daily basis",3,"putting me down, closest people",'re always making stupid joke putting shit 're closest people real friend people talk daily basis,1.4786585720794223,False
2025,I just wish someone would genuinely listen to me and care about my feelings and problems,3,someone would genuinely listen to me,wish someone would genuinely listen care feeling problem,0.7573719384106453,False
2026,I have some pretty bad depression and I've been thinking about killing myself for a while but I have a 10 month old son and I want to be here for him but my wife hates me and makes me feel like the absolutely worst peice of shit ever and when she leaves me (because I know she will) I don't think I can handle not seeing my son,3,wife hates me,pretty bad depression 've thinking killing 10 month old son want wife hate make feel like absolutely worst peice shit ever leaf know n't think handle seeing son,1.2839860385545383,False
2027,She is the only woman who would agree to marry me because I'm fat and gross and have no money and the only reason she has stayed is because she knows she can treat my like shit and I wont leave,3,only women who would agree to marry me,woman would agree marry 'm fat gross money reason stayed know treat like shit wont leave,1.1038460614142636,False
2028,"I‚Äö√Ñ√¥ve been referred to places that all require insurance, but I only have my parents who will not allow me treatment",3,I only have my parents who will not allow me treatment,i‚äö√ñ√¥ve referred place require insurance parent allow treatment,1.217139189275903,False
2029,"I‚Äö√Ñ√¥m going to die soon, I‚Äö√Ñ√¥ve broken relationships and I‚Äö√Ñ√¥m unhealthier than I‚Äö√Ñ√¥ve ever been",3,broken relationship,i‚äö√ñ√¥m going die soon i‚äö√ñ√¥ve broken relationship i‚äö√ñ√¥m unhealthier i‚äö√ñ√¥ve ever,0.34409778880714453,False
2030,"Please ignore my grammatical errors And thank you if you are reading this So the thing is I am trying so hard to be happy and ignore the toxic people in life but the thing is I don't have friends, not a girlfriend",3,"don't have friends, toxic people",please ignore grammatical error thank reading thing trying hard happy ignore toxic people life thing n't friend girlfriend,0.8987178184608001,False
2031,This is eating me inside making me awkward around people which gives the weird vibe around people,3,awkward around people,eating inside making awkward around people give weird vibe around people,0.9260992756109945,False
2032,I am anxious around people which make me a different human which make more difficult to make friends,3,difficult to make friends,anxious around people make different human make difficult make friend,0.6893912785524737,False
2033,There were some people in my life which I thought would stay around me so I ignored toxicity and thought it will become better but it backfired me because when I tried to talk to them about what they have done to me they turned the table around me and blamed me for all,3,people in my life,people life thought would stay around ignored toxicity thought become better backfired tried talk done turned table around blamed,0.7520829748546798,False
2034,No one cares,3,no one cares,one care,0.21598286988298973,False
2035,My cousin died last weekend,3,cousin died,cousin died last weekend,1.7918146641282622,False
2036,My dad and I did not attend the funeral because he molested me when I was a kid,3,My dad and I,dad attend funeral molested kid,0.6862098131030131,False
2037,My family is angry with us,3,family is angry,family angry u,0.6275727033003607,False
2038,My family is angry and I can't tell them why,3,family is angry,family angry ca n't tell,0.4844311137210103,False
2039,"I'm a burden, and my parents refuse therapy because it costs money and all they care about is money and my grades",3,parents refuse therapy,'m burden parent refuse therapy cost money care money grade,0.5211165350764888,False
2040,im trapped in a house with a narcissistic asshole grandma and a grandpa who just sits there and takes it,3,narcissistic asshole grandma and a grandpa,im trapped house narcissistic asshole grandma grandpa sits take,2.0158763646529447,True
2041,i hate it here i fucking hate my whole family and myself and i promised myself i wouldn‚Äö√Ñ√¥t cut anymore but who gives a shit anymore at least it‚Äö√Ñ√¥ll give me something to do,3,hate my whole family,hate fucking hate whole family promised wouldn‚äö√ñ√¥t cut anymore give shit anymore least it‚äö√ñ√¥ll give something,0.6321378878837763,False
2042,"I recently ended it with my girlfriend because I couldn't stand what I was doing to her emotionally, the burden of having to deal with me day after day is exhausting and its simply not fair to ask that of her",3,ended it with my girlfriend,recently ended girlfriend could n't stand emotionally burden deal day day exhausting simply fair ask,1.693233397825664,False
2043,"I‚Äö√Ñ√¥m alone, physically and emotionally",3,alone,i‚äö√ñ√¥m alone physically emotionally,0.7334572680136855,False
2044,"Hey everyone, I have a friend who lost her brother to suicide before Thanksgiving",3,lost her brother,hey everyone friend lost brother suicide thanksgiving,1.0107215504766198,False
2045,I guess I‚Äö√Ñ√¥ll just be alone for some more years : (,3,alone,guess i‚äö√ñ√¥ll alone year,0.38741055002775204,False
2046,My relationships are shit and so am I,3,relationships are shit,relationship shit,0.2896013519810949,False
2047,Friends I used to talk with constantly are now either gone or distant because I just can't keep up with them anymore,3,Friends I used t talk with constantly,friend used talk constantly either gone distant ca n't keep anymore,0.3996482029676059,False
2048,I've separated from so much of my family because of my own choices and shitty habits,3,separated from so much of my family,'ve separated much family choice shitty habit,1.2562980836884947,False
2049,"For years I've wanted to reconnect with the people I shut out, but I've become trapped in a self-destructive cycle where I'm too ashamed to admit my problems to the same people I just want to make proud",3,become trapped,year 've wanted reconnect people shut 've become trapped self-destructive cycle 'm ashamed admit problem people want make proud,1.7180374072641544,False
2050,That said my depression stems from an early age abandoment issue ( i was 4 months old when left at an orphanage),3,early age abandoment,said depression stem early age abandoment issue 4 month old left orphanage,1.1433144947881417,False
2051,"I‚Äö√Ñ√¥m a huge hypocrite, and I get mad over the most ordinary things that aren‚Äö√Ñ√¥t important",3,get mad,i‚äö√ñ√¥m huge hypocrite get mad ordinary thing aren‚äö√ñ√¥t important,1.3608602947252488,False
2052,I constantly insulted him and said that he was faking depression and begging for attention,3,insulted him,constantly insulted said faking depression begging attention,1.0824555946625827,False
2053,What he was doing was begging for sympathy and I had no right to be saying anything because people who are depressed are more inclined to act that way,3,begging for sympathy,begging sympathy right saying anything people depressed inclined act way,1.2715676481076998,False
2054,And now I‚Äö√Ñ√¥m the one begging for sympathy,3,begging for sympathy,i‚äö√ñ√¥m one begging sympathy,1.5775458088279228,False
2055,"My mother is dying, my brother is in jail with schizophrenia and I have no significant other",3,mother is dying,mother dying brother jail schizophrenia significant,2.558258230015656,True
2056,"it almost feels like ""god""(I'm not religious but this is how I feel about things, since everything is so terrible I just start having these delusional thoughts) instead of putting something good in my life to make me want to live, decided to put something terrible to force me to be alive for longer so I have more time to suffer, almost like I'm paying for my past sins, I've always tried so hard to make my life and my family's life better but I only see it deteriorate so at this point it only makes sense to leave",3,familty's life better,almost feel like `` god '' 'm religious feel thing since everything terrible start delusional thought instead putting something good life make want live decided put something terrible force alive longer time suffer almost like 'm paying past sin 've always tried hard make life family 's life better see deteriorate point make sense leave,0.9411084992813171,False
2057,"They all begin to take you for granted eventually, you can be their rock n all, it doesn't matter",3,take you for granted,begin take granted eventually rock n n't matter,1.8351353276972477,False
2058,Why is it this hard to make a friend,3,hard to make a friend,hard make friend,0.2821082753352138,False
2059,"i don‚Äö√Ñ√¥t have support from friends and family, the closest thing i have is my best friend saying that if i ever did it would make her kill herself too, and then her bf would, and then my pets wouldn‚Äö√Ñ√¥t have me, and it would ruin everyone else‚Äö√Ñ√¥s lives",3,best friend,don‚äö√ñ√¥t support friend family closest thing best friend saying ever would make kill bf would pet wouldn‚äö√ñ√¥t would ruin everyone else‚äö√ñ√¥s life,0.9477521878432921,False
2060,Potential for her ending the relationship,3,ending the relationship,potential ending relationship,0.9350248103073971,False
2061,I have told her about this and we try different things to strengthen the trust again but nothing really works,3,trust again,told try different thing strengthen trust nothing really work,0.6813948609863858,False
2062,This is ruining our relationship that was going great until this,3,ruining our relationship,ruining relationship going great,0.7260020109226625,False
2063,"If I don't pick a side, I'll start spending more time with one group than the other because I hate changing things, and then they'll hate me",3,they'll hate me,n't pick side 'll start spending time one group hate changing thing 'll hate,0.8754520719816421,False
2064,I told my girlfriend she should move on and find someone better who actually deserves her love,3,find someone better,told girlfriend move find someone better actually deserves love,0.5037136996156723,False
2065,Occasionally someone moe extroverted will make friends with me but it always ends with them taking advantage of my kindness so i have to drop them from my life,3,extroverted will make friends,occasionally someone moe extroverted make friend always end taking advantage kindness drop life,0.7839482133454235,False
2066,I just feel alone as hell and I need to vent,3,feel alone,feel alone hell need vent,1.5104707768290446,False
2067,"my gf broke up with me, I no longer talk to my best friend, and I have good friends, i just feel so lonely all the time, like I'm drowning, and i feel like everyone is leaving me one by one and maybe it would help if i just died now because at least there would be someone who cared",3,gf broke up,gf broke longer talk best friend good friend feel lonely time like 'm drowning feel like everyone leaving one one maybe would help died least would someone cared,0.8180339672475937,False
2068,"I feel like absolute shit, i‚Äö√Ñ√¥ve been very depressed and suicidal lately and now my boyfriend broke up with me too and i get it because of his mental health and mine but it hurts so much, we still love eachother but i am scared i will lose him, i always knew i would kill myself if he broke up with me (i know i am a dumbass) and now everything else is going downhill too, i can‚Äö√Ñ√¥t do this anymore but i am too much of a coward to do it",3,boyfriend broke up,feel like absolute shit i‚äö√ñ√¥ve depressed suicidal lately boyfriend broke get mental health mine hurt much still love eachother scared lose always knew would kill broke know dumbass everything else going downhill can‚äö√ñ√¥t anymore much coward,0.7289724040574579,False
2069,"I have him between my friends on steam and I see the ""last logged in"" day always getting more far",3,friends on steam,friend steam see `` last logged '' day always getting far,0.7644425859831586,False
2070,"But at the same time, I feel that they shouldn't have bought my grandfather along because he is getting Parkinsons disease so I don't want him to worry about me as well",3,shouldn't have bought my grandfather along,time feel n't bought grandfather along getting parkinson disease n't want worry well,0.838129968964595,False
2071,But since my mom passed away last month at the age of 50 I am not who I am,3,mom passed away,since mom passed away last month age 50,1.9494369932653377,True
2072,I don‚Äö√Ñ√¥t hate my parents and I do sometimes feel bad for not being close to them but I can‚Äö√Ñ√¥t ignore how I feel,3,hate my parents,don‚äö√ñ√¥t hate parent sometimes feel bad close can‚äö√ñ√¥t ignore feel,0.3360294015084079,False
2073,Another day of nobody at home understanding the underlying reasons I do things,3,nobody at home,another day nobody home understanding underlying reason thing,0.35891391972384473,False
2074,"I‚Äö√Ñ√¥m stuck in a terrible spot, I hate my family and now that they know I have depression (friend forced me to tell a teacher) they treat me like I‚Äö√Ñ√¥m weak",3,hate my family,i‚äö√ñ√¥m stuck terrible spot hate family know depression friend forced tell teacher treat like i‚äö√ñ√¥m weak,1.3309768690942996,False
2075,Depends on how much my friends and/or family hate me when I tell them I won't be here for much longer,3,friends and/or family hate me,depends much friend and/or family hate tell wo n't much longer,0.8542102612778687,False
2076,I spent 4 years with my ex who was severely depressed and had suicidal tendencies at his worst points,3,ex,spent 4 year ex severely depressed suicidal tendency worst point,1.1427942282817047,False
2077,I tried so hard to be there for him but I eventually gave up when he forced me to leave him because he knew I would be better off without him,3,forced me to leave him,tried hard eventually gave forced leave knew would better without,1.6464183926891436,False
2078,And I really want to help him somehow but I just don't know how,3,want to help him,really want help somehow n't know,0.19773095577276065,False
2079,"I don't understand how he feels to be honest, since we are just so different I guess, but I try",3,how he feels,n't understand feel honest since different guess try,1.5569126098349801,False
2080,"It wasn't a very bad relationship, I just couldn't handle being in it",3,wasn't a very bad relationship,n't bad relationship could n't handle,0.6000383650381165,False
2081,You ever break up with your gf cus you want to be independent and you don‚Äö√Ñ√¥t think you want to be with that person and you feel fine the first month and then after that it hits you that you‚Äö√Ñ√¥ll never be able to hit that ever again or see that body or talk to them every night and you contemplate on how fucking stupid you are to do such a thing and then get depressed and a couple weeks later realize you made the right choice and then the cycle keeps repeating throughout the year,3,break up,ever break gf cu want independent don‚äö√ñ√¥t think want person feel fine first month hit you‚äö√ñ√¥ll never able hit ever see body talk every night contemplate fucking stupid thing get depressed couple week later realize made right choice cycle keep repeating throughout year,1.0917610241247242,False
2082,"After being alone and lonely for years, I fell in love with you",3,being alone and lonely,alone lonely year fell love,1.2707678185848212,False
2083,My boyfriend found out today and it really got to him and it made me feel worse bc i didn‚Äö√Ñ√¥t consider how he could feel if i hurt myself,3,boyfriend found out,boyfriend found today really got made feel worse bc didn‚äö√ñ√¥t consider could feel hurt,1.5429348864141785,False
2084,"She wanted to be angry with me that day, she was walking towards me about to explode",3,She wanted to be angry with me that day,wanted angry day walking towards explode,1.1275849534884457,False
2085,"I tell her it's okay to talk to me about it, it won't change anything between us but she says no",3,she says no,tell 's okay talk wo n't change anything u say,0.9564795304907099,False
2086,I'm still in love with my ex and it hurts to be separated for six months,3,still in love with my ex,'m still love ex hurt separated six month,0.5186806050303763,False
2087,I'm about to break down in tears living crammed up with annoying family can be such a drag,3,annoying family,'m break tear living crammed annoying family drag,0.9052660112708714,False
2088,"Reasons to not off myself; 1) my sister moved in with my for university, 2) my mother",3,mother,reason 1 sister moved university 2 mother,1.0989384138862008,False
2089,"My self hatred has been growing rapidly &amp; to top it off, me and my now ex girlfriend broke up the other day",3,ex girlfriend broke up,self hatred growing rapidly amp top ex girlfriend broke day,1.6120365348788614,False
2090,I‚Äö√Ñ√¥ve lost all my friends over the past year,3,lost all my friends,i‚äö√ñ√¥ve lost friend past year,0.24185599862234738,False
2091,"I have no friends, social anxiety and I‚Äö√Ñ√¥ve been homeschooled since I was 5",3,social anxiety,friend social anxiety i‚äö√ñ√¥ve homeschooled since 5,0.29184807753944436,False
2092,I for some reason have a huge fear of kids around my age,3,huge fear of kids,reason huge fear kid around age,1.082790232844513,False
2093,My bf lives on 9th floor I kinda want to jump out of the window,3,bf,bf life 9th floor kinda want jump window,1.4891849162728814,False
2094,"I just can‚Äö√Ñ√¥t stand this life anymore because everything has been spiraling downhill like, me and my mom are on bad terms and she‚Äö√Ñ√¥s the only parental figure i have in my life",3,"mom are on bad terms, only parental figure",can‚äö√ñ√¥t stand life anymore everything spiraling downhill like mom bad term she‚äö√ñ√¥s parental figure life,1.5467930797118152,False
2095,"Idk I'm really struggling with my emotions this last month or so, I get really angry over the dumbest things, just had a fist fight with my brother over a little arguement , severing ties with my friends over small things",3,severing ties with my friends over small things,idk 'm really struggling emotion last month get really angry dumbest thing fist fight brother little arguement severing tie friend small thing,0.8687615295886831,False
2096,I am an orphan and my adoptive parent never told me this,3,an orphan,orphan adoptive parent never told,0.4241560013537139,False
2097,"And in my country it is a shame, an orphan usually treated very bad and deserved to be a maid",3,treated very bad,country shame orphan usually treated bad deserved maid,1.1982426588616744,False
2098,Is it possible to be overbearing to someone who might be depressed and push them away? Would sharing make him lose trust in me?,3,overbearing to someone,possible overbearing someone might depressed push away would sharing make lose trust,1.2565784015550832,False
2099,"Recently i had a big fight with my bff we said a lot of bad things, in a month it will be his birthday and he is going to invite other friends of him and i am so afraid they will all hate me i mean i can‚Äö√Ñ√¥t blame it i am an awful person",3,big fight with my bff,recently big fight bff said lot bad thing month birthday going invite friend afraid hate mean can‚äö√ñ√¥t blame awful person,0.8188513247366112,False
2100,I have had a rough childhood and recently something awful happened to me,3,had a rough childhood,rough childhood recently something awful happened,1.8187928033959109,False
2101,"My dad has ALS, my mom is stressed out to the max taking care of a husband who is a selfish unappreciative jack wagon",3,mom is stressed out,dad al mom stressed max taking care husband selfish unappreciative jack wagon,0.9922158460874879,False
2102,My parents deserve no sympathy,3,parents deserve no sympathy,parent deserve sympathy,0.5976088943704986,False
2103,I recently went through an abusive relationship and it caused me to be even more fucked up than ever,3,recently went through an abusive relationship,recently went abusive relationship caused even fucked ever,0.9179893916633556,False
2104,Tonight my mom got pissy over something incredibly petty which made me mad- my dad told me to just walk away before things get bad which I did- but of course my mom has to get the last words in and they‚Äö√Ñ√¥re always insults so I‚Äö√Ñ√¥ve been in my room crying for a while because everything came back up and the years of self hatred really hit hard again,3,dad told me to just walk away before things get bad,tonight mom got pissy something incredibly petty made mad- dad told walk away thing get bad did- course mom get last word they‚äö√ñ√¥re always insult i‚äö√ñ√¥ve room cry everything came back year self hatred really hit hard,1.1206224992115965,False
2105,I see the guy that my girlfriend cheated on me with he laughs right at my face just a spit on my face to show what a failure I am,3,girlfriend cheated on me,see guy girlfriend cheated laugh right face spit face show failure,1.2516692669783895,False
2106,Sorry for all the self loathing but I just have no one to talk to,3,have no one to talk,sorry self loathing one talk,1.9334075390603542,True
2107,"How can i go about telling my best friend that I love her, just to make sure I've done everything i feel necessary? She's been the best thing to ever happen to me, and i want her to know that",3,want her to know that,go telling best friend love make sure 've done everything feel necessary 's best thing ever happen want know,0.6387454393821408,False
2108,I can't say I was close to him but it's just I've never had a friend die,3,friend die,ca n't say close 's 've never friend die,0.40825901272257714,False
2109,"I just watched her walk to her car and leave, while I stood there an anxious mess, trying to force myself to go over to her and talk to her, say I thought she was really cute, and ask her out for coffee",3,trying to force myself to go over to her,watched walk car leave stood anxious mess trying force go talk say thought really cute ask coffee,1.443087849285359,False
2110,"My mom passed away 6 months ago (cancer), my dad lives in a memory care facility (dementia), I got divorced in September and I am estranged from my crazy brother (for good reason)",3,"mom passed away 6 months ago, dad lives in a memory care facility",mom passed away 6 month ago cancer dad life memory care facility dementia got divorced september estranged crazy brother good reason,0.939225344540397,False
2111,I would never want to give up on my parents,3,never want to give up on my parents,would never want give parent,0.20816903337808237,False
2112,And remember mom would be sad,3,remember mom would be sad,remember mom would sad,0.5633775746864005,False
2113,I have loving friends and family and a pretty good life but it‚Äö√Ñ√¥s like that stuff doesnt matter when all I want is for her to love me but she doesn‚Äö√Ñ√¥t she left me for him and I‚Äö√Ñ√¥ll never understand why,3,she left me for him,loving friend family pretty good life it‚äö√ñ√¥s like stuff doesnt matter want love doesn‚äö√ñ√¥t left i‚äö√ñ√¥ll never understand,0.8185547926781914,False
2114,"It‚Äö√Ñ√¥s your average story everyone‚Äö√Ñ√¥s heard: no friends, broken family, bullied throughout elementary and high school, rough breakup, only escapes through drugs and self harm",3,no friends,it‚äö√ñ√¥s average story everyone‚äö√ñ√¥s heard friend broken family bullied throughout elementary high school rough breakup escape drug self harm,1.6918840890482734,False
2115,she didn‚Äö√Ñ√¥t tell me she was stressed or how she was feeling and she broke up with me while i had no idea what the fuck was going on,3,she broke up with me,didn‚äö√ñ√¥t tell stressed feeling broke idea fuck going,0.9278080087983483,False
2116,"Life isn‚Äö√Ñ√¥t getting better, i have tons of family issues, school for me is a struggle",3,i have tons of family issues,life isn‚äö√ñ√¥t getting better ton family issue school struggle,1.799150690895387,False
2117,"Announcing that my spouse is transgender, and so is my kid, is trying",3,Announcing that my spouse is transgender,announcing spouse transgender kid trying,0.6169577630800337,False
2118,I should just give up and die cause my own father left me to this horrible fate,3,father left me to this horrible fate,give die cause father left horrible fate,0.8106313049342434,False
2119,I feel so bad I really got my hopes up today then nothing happened I'm in love with this girl,3,love with this girl,feel bad really got hope today nothing happened 'm love girl,0.5727748517396178,False
2120,"I have had periods of intense depression in my life and there have been so many times when I‚Äö√Ñ√¥ve contemplated self harm, but never dared to actually take action just because I thought about how much my mom loves me and how sad she would be if I hurt myself",3,mom loves me and how sad she would be,period intense depression life many time i‚äö√ñ√¥ve contemplated self harm never dared actually take action thought much mom love sad would hurt,1.3038130774327066,False
2121,Yesterday my brother committed suicide half the country away and I‚Äö√Ñ√¥m now on the road up to get him cremated,3,my brother committed suicide,yesterday brother committed suicide half country away i‚äö√ñ√¥m road get cremated,1.677161808309962,False
2122,I‚Äö√Ñ√¥ve been single for over a year now after a 5 year relationship,3,been single for over a year now after a 5 year relationship,i‚äö√ñ√¥ve single year 5 year relationship,0.34993468648436665,False
2123,There‚Äö√Ñ√¥s a bad situation in my group home that i‚Äö√Ñ√¥m unable to handle and they just say live with it and i can‚Äö√Ñ√¥t leave bc my parents are sick of me,3,parents are sick of me,there‚äö√ñ√¥s bad situation group home i‚äö√ñ√¥m unable handle say live can‚äö√ñ√¥t leave bc parent sick,0.9547565249379365,False
2124,I‚Äö√Ñ√¥m losing everyone and everything around me,3,losing everyone,i‚äö√ñ√¥m losing everyone everything around,0.658969826086353,False
2125,Right now I still hear his voice and sense his presence even though I know he‚Äö√Ñ√¥s not here,3,"still hear his voice, sense his presence",right still hear voice sense presence even though know he‚äö√ñ√¥s,1.05453417762757,False
2126,I'm 18 my parents constantly tell me there disappointed in me and my life is going no where and I'm a failure every time iv asked them to stop saying this kind of stuff they say they wouldn't say it if it wasn't true and I have absolutely no one to turn to and am at the lowest iv ever been in a while,3,"parents, no one to turn",'m 18 parent constantly tell disappointed life going 'm failure every time iv asked stop saying kind stuff say would n't say n't true absolutely one turn lowest iv ever,0.959842902131802,False
2127,I have 0 friends,3,0 friends,0 friend,0.11594618100311786,False
2128,"Tired of doing everything alone, having no one to talk",3,"doing everything alone, no one to talk",tired everything alone one talk,0.2133359729938555,False
2129,why does it hurt so much? Why can‚Äö√Ñ√¥t I be happy without it? There‚Äö√Ñ√¥s this empty void in my heart that gets bigger everyday,3,empty void in my heart that gets bigger everyday,hurt much can‚äö√ñ√¥t happy without there‚äö√ñ√¥s empty void heart get bigger everyday,1.2249410117145967,False
2130,"How can I be so fucking stupid that I manage to fuck everything up? I was dating a girl, and then we broke up because I‚Äö√Ñ√¥m such a problematic fuck that she just pretends I don‚Äö√Ñ√¥t even exist anymore, and me, a stupid cunt thinks that one day I‚Äö√Ñ√¥ll feel fine and loved again haha! I really don‚Äö√Ñ√¥t wanna do anything anymore, my parents hate me, all my friends are running away from me and those who aren‚Äö√Ñ√¥t doing it are lovely and I really appreciate it",3,"my parents hate me, friends are running away from me, loved again",fucking stupid manage fuck everything dating girl broke i‚äö√ñ√¥m problematic fuck pretend don‚äö√ñ√¥t even exist anymore stupid cunt think one day i‚äö√ñ√¥ll feel fine loved haha really don‚äö√ñ√¥t wan na anything anymore parent hate friend running away aren‚äö√ñ√¥t lovely really appreciate,0.8011552733862136,False
2131,"I'm 18 I want to commit suicide but I'm not brave enough I don't want to tell my parents or friends but they said I've been acting weird plus I haven't gone to class in a month and my parents know it yet my dad decides to say that I'm like this because of videogames, yesterday I smashed my phone into pieces because he called me just to blame me for that",3,tell my parents or friends,'m 18 want commit suicide 'm brave enough n't want tell parent friend said 've acting weird plus n't gone class month parent know yet dad decides say 'm like videogames yesterday smashed phone piece called blame,1.146773985871383,False
2132,I was born in a urban family and have got a lot of traumas and hatreds duo to unfortunate childhood but I was strived to have a decent education and have tough myself a lot about psychology,3,"got a lot of traumas and hatred, unfortunate childhood",born urban family got lot trauma hatred duo unfortunate childhood strived decent education tough lot psychology,1.8160532445993771,False
2133,I have a band concert today and I was excited for it because I was going to see my girlfriend there who I have not seen for a while because she has not been at school the past couple of days but she texted me saying she might not be able to go and that should not be a big deal but when ever I get bad news especially when I'm excited for something and then so one who I wanted to go with/see at something cancels it real effects my depression and right now not even self harm can help I'm questioning wether or not I should go on i would not go to the concert but I know my mom would force me to go and blame me not wanting to go on the fact my girlfriend is not going which in a way is true her not going caused my depression to start but me being depressed is why i don't want to go dealing with people when I'm depressed makes every thing worse and I don't know what to do I just can't take going on like this I need relief from the depression and anxiety I almost for got to say if thinks don't get better I'm going to use my tie to chock my self to death,3,going to see my girlfriend,band concert today excited going see girlfriend seen school past couple day texted saying might able go big deal ever get bad news especially 'm excited something one wanted go with/see something cancel real effect depression right even self harm help 'm questioning wether go would go concert know mom would force go blame wanting go fact girlfriend going way true going caused depression start depressed n't want go dealing people 'm depressed make every thing worse n't know ca n't take going like need relief depression anxiety almost got say think n't get better 'm going use tie chock self death,0.7025880950722201,False
2134,"I have chronic pain that is awful the last few years, relationship problems that he won't work out with me because he chooses to be stubborn and stand offish",3,relationship problems that he won't work out with me,chronic pain awful last year relationship problem wo n't work chooses stubborn stand offish,0.9666995924805848,False
2135,It's been mostly bias and loneliness with a few brief happy moments,3,bias and loneliness,'s mostly bias loneliness brief happy moment,1.0079888487784336,False
2136,"Day in and day out my family calls me a dissapointment, failure, and they wish they never had me",3,"my family calls me a dissapointment, failure, they wish they never had me",day day family call dissapointment failure wish never,0.33445391254324053,False
2137,"Everyone lies, everyone will backstab you in the end",3,backstab you,everyone lie everyone backstab end,0.8627642168606333,False
2138,"I fucking love you, please take me back",3,take me back,fucking love please take back,0.304769928826796,False
2139,"Ive been bullied since grade 1, my father used to bias me when i was young, i was lied too by damn near everyone, lost my mom in 2018, attempted on multiple ocasions, nobody ever fucking listens to me, and im finally past my tipping point",3,"lost my mom, father used to bias me",ive bullied since grade 1 father used bias young lied damn near everyone lost mom 2018 attempted multiple ocasions nobody ever fucking listens im finally past tipping point,1.5619490946241004,False
2140,I'm tired of seeing everyone else in happy marriages with families,3,tired of seeing everyone else in happy marriages,'m tired seeing everyone else happy marriage family,0.5588728261973904,False
2141,After that they decided that my phone was distracting me so it was confiscated as soon as I got home from school,3,they decided that my phone was distracting me,decided phone distracting confiscated soon got home school,1.192005172173641,False
2142,Now I get home and feel empty and alone,3,get home and feel empty and alone,get home feel empty alone,0.29982442780134994,False
2143,"That way, my family can claim the insurance and I would be finally free",3,my family can claim the insurance,way family claim insurance would finally free,1.2935124780464065,False
2144,My wife passed of cancer 4 years ago this May,3,wife passed of cancer,wife passed cancer 4 year ago may,1.250073552329628,False
2145,"I'm tired of having a extremely hard life, my father used crack till I was 12, beat my mom every day, then he stopped and was still impossible to deal with, now he's on cocaine and we don't talk, my mom has another kid and another husband far, I don't have family and I live in the US alone, I work 10 hours and I don't have shiiiiit, I'm just 19 and I'm so tired u know, why does it have to be so hard, I can barely pay the rent ant eat, I'm tired of not having anyone to rely since was born, well, this is just me letting go u know, srry",3,not having anyone to rely since was born,'m tired extremely hard life father used crack till 12 beat mom every day stopped still impossible deal 's cocaine n't talk mom another kid another husband far n't family live u alone work 10 hour n't shiiiiit 'm 19 'm tired u know hard barely pay rent ant eat 'm tired anyone rely since born well letting go u know srry,1.200174335071316,False
2146,I loved him with all my heart and soul,3,loved him with all my heart and soul,loved heart soul,1.030455232339999,False
2147,And I just want to escape this feeling of loneliness and sadness,3,escape this feeling of loneliness and sadness,want escape feeling loneliness sadness,1.0578506279111002,False
2148,"My sister has been crying saying she wants to kill herself since her mom took away her ps4 and phone over a F in asl she punched a hole through the wall and has cuts on her arm is their anything i can say or do to help her, i am really worried about her and dont want her to die please can you help me out",3,really worried about her,sister cry saying want kill since mom took away ps4 phone f asl punched hole wall cut arm anything say help really worried dont want die please help,1.0492537206897625,False
2149,"I hate my life so much I would be better off dead I feel, everyday is the same and nothing in life gets better, and the few friends I have seen to not like me anymore, a lot of them don‚Äö√Ñ√¥t talk to me at all and my school friends seem like they don‚Äö√Ñ√¥t like me anymore and I found out a lot of them talking shit about me that I thought were my friends, and I already got bullied for half the year",3,few friends I have seen to not like me anymore,hate life much would better dead feel everyday nothing life get better friend seen like anymore lot don‚äö√ñ√¥t talk school friend seem like don‚äö√ñ√¥t like anymore found lot talking shit thought friend already got bullied half year,0.4858745468940317,False
2150,Canada has shit healthcare My grades are so bad and I‚Äö√Ñ√¥m disappointment to my parents,3,disappointment to my parents,canada shit healthcare grade bad i‚äö√ñ√¥m disappointment parent,1.045892013790102,False
2151,I have no friends,3,"have no friends, no friends",friend,0.11594618100311786,False
2152,"I miss my girlfriend, I hate my job, I don't want to move out of my home, I'm letting others down at my volunteer work",3,miss my girlfriend,miss girlfriend hate job n't want move home 'm letting others volunteer work,1.287539634630334,False
2153,Just wondering if we could maybe find comfort in each other,3,if we could maybe find comfort in each other,wondering could maybe find comfort,2.0984563933229055,True
2154,"I haven't been going to my college classes, I've been overeating out of stress, I haven't contacted my girlfriend much, and I feel like killing myself is all I'm really good for",3,haven't contacted my girlfriend,n't going college class 've overeating stress n't contacted girlfriend much feel like killing 'm really good,0.5932917142222849,False
2155,"Why I don‚Äö√Ñ√¥t have any lifelong friends from elementary or middle school like everyone else does, or why I never had a boyfriend from my hometown of state",3,never had a boyfriend,don‚äö√ñ√¥t lifelong friend elementary middle school like everyone else never boyfriend hometown state,1.291398810137947,False
2156,Im having trouble with my wife I think the best way out is to kill myself,3,trouble with my wife,im trouble wife think best way kill,1.0058124597212044,False
2157,How do I get over my depression? it all started when my ex left any tips?,3,all started when my ex left,get depression started ex left tip,0.6031458991159582,False
2158,"I‚Äö√Ñ√¥m like i‚Äö√Ñ√¥m not into anything at ALL I come from a great family btw, my mom and dad love me even spoiled a little, they are a good person",3,my mom and dad love me even spoiled a little,i‚äö√ñ√¥m like i‚äö√ñ√¥m anything come great family btw mom dad love even spoiled little good person,0.5128902940017933,False
2159,I don't have any friends anymore,3,don't have any friends anymore,n't friend anymore,0.230276502843969,False
2160,My family is shit,3,family is shit,family shit,0.22330391242165157,False
2161,I have really have nothing to live for,3,nothing to live for,really nothing live,0.29952520278269246,False
2162,"I won't lie, all my feelings of death were enhanced when I saw that my e‚àö√≥, my first and only love, have the time of his life with someone else",3,"my first and only love, have the time of his life with someone else",wo n't lie feeling death enhanced saw e‚àö√≥ first love time life someone else,1.479167829346166,False
2163,"However, knowing that whatever feelings I felt of love were unrequited, just makes me wish I wasn't alive to see it",3,feelings I felt of love were unrequited,however knowing whatever feeling felt love unrequited make wish n't alive see,1.0843306731856845,False
2164,"I have no friends to talk with, my family doesn‚Äö√Ñ√¥t care or are too busy to care, and those people I message are too centered in themselves to notice",3,have no friends to talk,friend talk family doesn‚äö√ñ√¥t care busy care people message centered notice,1.5110681033332143,False
2165,I can't forget her,3,can't forget her,ca n't forget,0.18919472624069997,False
2166,"I don't have a heart, I never ever get that feeling when you like/care about someone",3,I never ever get that feeling when you like/care about someone,n't heart never ever get feeling like/care someone,0.47244007794406173,False
2167,"My heart hurts from the pain, I wish I could just disappear, my parents have gone through so much because of me, they do so much to make me happy ,Even my siblings are jealous, I feel so guilty they have to deal with me, see their child try to kill themselves everyday, crying from depression",3,my parents have gone through so much because of me,heart hurt pain wish could disappear parent gone much much make happy even sibling jealous feel guilty deal see child try kill everyday cry depression,1.5099516373150883,False
2168,I‚Äö√Ñ√¥m not sure why I‚Äö√Ñ√¥ve kept you around for 2 more years after we broke up,3,broke up,i‚äö√ñ√¥m sure i‚äö√ñ√¥ve kept around 2 year broke,0.6258450007924822,False
2169,I was literally driving my girlfriend to this store and traffic was so insane,3,literally driving my girlfriend to this store and traffic was so insane,literally driving girlfriend store traffic insane,1.8270920272059141,False
2170,"Nothing i can say can seem to right the wrongs i‚Äö√Ñ√¥ve done, and i‚Äö√Ñ√¥m paying for it now by losing relationships with all the ones i love",3,now by losing relationships with all the ones i love,nothing say seem right wrong i‚äö√ñ√¥ve done i‚äö√ñ√¥m paying losing relationship one love,0.43933398964924586,False
2171,"Just another reason to do it, and to be honest main reason of all the bad things happening, it's better to be abandoned, rather than have a ""family"" like that, if you can even call 1 parent that hates you, and blames for everything, a ""family""",3,"it's better to be abandoned, rather than have a ""family"" like that",another reason honest main reason bad thing happening 's better abandoned rather `` family '' like even call 1 parent hate blame everything `` family '',1.3499407009653037,False
2172,"It hurts so much and the things she said about me how amazing i am and how bad she wants me to stay there, but i just cant im falling into depression again",3,she wants me to stay there,hurt much thing said amazing bad want stay cant im falling depression,0.7943895319764779,False
2173,I've never felt more alone in my life than I do right now and I have nowhere to turn to anymore,3,alone,'ve never felt alone life right nowhere turn anymore,0.5136166971520895,False
2174,I usually spent the night at his house and we had sex a lot,3,usually spent the night,usually spent night house sex lot,0.8718502784163826,False
2175,The only thing wrong in my life is my emotionally and verbally abusive father,3,emotionally and verbally abusive father,thing wrong life emotionally verbally abusive father,1.188459870512061,False
2176,"5 years now, I feel void",3,feel void,5 year feel void,1.2660635757742313,False
2177,"there‚Äö√Ñ√¥s no one to turn to, nothing left to do in this miserable life",3,no one to turn to,there‚äö√ñ√¥s one turn nothing left miserable life,0.6132431785390235,False
2178,It hurts being alone,3,hurts being alone,hurt alone,0.2660967953665095,False
2179,It made me realize how much I still cared about her,3,still cared about her,made realize much still cared,1.6560861014581227,False
2180,One of my best friends recently lost a friend to suicide &amp; it is rlly affecting his mental health,3,recently lost a friend to suicide,one best friend recently lost friend suicide amp rlly affecting mental health,0.9305717414279321,False
2181,"But of course nobody understands that one can feel exhausted from hanging with other people for a few days, so I'm the ungrateful asshole for wanting some alone time",3,exhausted from hanging with other people,course nobody understands one feel exhausted hanging people day 'm ungrateful asshole wanting alone time,1.2085161648519183,False
2182,New year is just another time that makes some feel a little more lonely than usual,3,makes some feel a little more lonely,new year another time make feel little lonely usual,1.0013773442257279,False
2183,"I'm spending it alone and drunk in bed, I hope you guys are doing something more fun than I am",3,alone and drunk in bed,'m spending alone drunk bed hope guy something fun,0.8047355559319083,False
2184,I just stay at home all day and wonder why I'm so lonely,3,so lonely,stay home day wonder 'm lonely,1.2677506021286264,False
2185,"But at the same time, I feel alone",3,I feel alone,time feel alone,0.12707854314318864,False
2186,"And as much as I appreciate my own company, it would be nice to have someone who values me as much as I do",3,it would be nice to have someone who values me as much as I do,much appreciate company would nice someone value much,0.9942340636162198,False
2187,I'd honestly much rather sit and be depressed alone than put on a fake smile and attempt to socialize,3,socialize,'d honestly much rather sit depressed alone put fake smile attempt socialize,1.869187064910882,True
2188,"Now an again I feel so alone, empty and that I have nothing going for me",3,"I feel so alone, empty and that I have nothing going for me",feel alone empty nothing going,0.19164976105595602,False
2189,Just like most users here I'm alone I'll probably just go to sleep sometime soon,3,alone,like user 'm alone 'll probably go sleep sometime soon,0.598372355316893,False
2190,As the new year starts i am 13 mins alone by myself,3,alone by myself,new year start 13 min alone,1.498026630782262,False
2191,I have no close friends around,3,no close friends,close friend around,0.5019949247088367,False
2192,"party in my house, im sitting here in my room wanting people to leave so i can just go to sleep",3,wanting people to leave,party house im sitting room wanting people leave go sleep,0.8401816276751074,False
2193,I just feel so alone and worthless and I just wish I had someone to talk to and I just wish I loved myself cause I've hated myself for the past 7 years and not a day goes by that I don't overly criticize myself,3,feel so alone and worthless,feel alone worthless wish someone talk wish loved cause 've hated past 7 year day go n't overly criticize,0.619048937951572,False
2194,"i have no one to talk to, not only about my feelings, but just in general (for example, i spent new year's eve all alone though it is an important celebration in my country), though people my age (14) have many friends and are really sociable",3,have no one to talk to,one talk feeling general example spent new year 's eve alone though important celebration country though people age 14 many friend really sociable,1.9027117927381818,True
2195,"I pushed people away, not because I wanted to be alone, but because it was less exhausting than going out and doing stuff",3,"I wanted to be alone, pushed people away",pushed people away wanted alone le exhausting going stuff,1.512909617233993,False
2196,My family sucks and without him I would have killed myself a year ago,3,family sucks,family suck without would killed year ago,0.8722373722252592,False
2197,It feels like nobody really cares about me and my feelings,3,nobody really cares,feel like nobody really care feeling,0.1666719171538237,False
2198,"I feel completely alone, but I'm physically not",3,feel completely alone,feel completely alone 'm physically,0.6262311165772056,False
2199,I need someone to relate to,3,need someone to relate to,need someone relate,0.23296466953348458,False
2200,I'm not sure which is worse: to be completely physically alone or mentally alone despite there being physical presence,3,completely physically alone or mentally alone,'m sure worse completely physically alone mentally alone despite physical presence,1.097628484654768,False
2201,"Some people can get so much out of life with minimal effort, and all I can really do is lay in bed and cry about how nothing makes me feel good, how I can't enjoy anything, and how incredibly lonely and alien I feel",3,incredibly lonely and alien,people get much life minimal effort really lay bed cry nothing make feel good ca n't enjoy anything incredibly lonely alien feel,1.0287295046057165,False
2202,I kinda just feel like I need to talk to somebody,3,need to talk to somebody,kinda feel like need talk somebody,0.9357348472398422,False
2203,"I'm very lonely lately, I'd like to find someone who can feel like I do and help me through it all",3,very lonely,'m lonely lately 'd like find someone feel like help,0.4266573367416484,False
2204,"I'd like to exchange private messages, as there's no real life people I can really turn to with my problem",3,no real life people,'d like exchange private message 's real life people really turn problem,1.0367945512397891,False
2205,I feel disconnected,3,feel disconnected,feel disconnected,0.07930841909126272,False
2206,My only problem is I live alone and have no friends,3,live alone,problem live alone friend,0.3334677856737255,False
2207,People are more social than me,3,social,people social,0.38311401615254237,False
2208,"Essentially just giving him fucking money? I'm poor, I'm lonely, I'm broke despite living with my parents",3,"lonely, living with my parents",essentially giving fucking money 'm poor 'm lonely 'm broke despite living parent,0.8743969188632207,False
2209,"So now I'm lonely in college, my depression is creeping back up after years of carefree happiness, and I've taken to the Internet and video games as my safe place",3,lonely in college,'m lonely college depression creeping back year carefree happiness 've taken internet video game safe place,1.1985195526384373,False
2210,Ive never felt so alone,3,never felt so alone,ive never felt alone,0.6001567236792009,False
2211,I don't think any one on here cares honestly I'm tired of being alone with depression and ptsd and being constantly disrespected trying to make friends,3,trying to make friends,n't think one care honestly 'm tired alone depression ptsd constantly disrespected trying make friend,0.6130971381255358,False
2212,"I have very few friends, I feel alone and helpless",3,feel alone,friend feel alone helpless,0.09738507210005408,False
2213,"I don't have friends at home really, and I guess this has me all wondering, am I just predisposed to being sad? Like if I'm only happy when I'm busy and with other people, then is my natural state of being just being a pile of shit? And does anyone else ever feel this way? I'm good as long as I'm distracted I guess",3,don't have friends,n't friend home really guess wondering predisposed sad like 'm happy 'm busy people natural state pile shit anyone else ever feel way 'm good long 'm distracted guess,0.8968186853616964,False
2214,I don't think I'll ever get a girlfriend and i have a few friends who i don't see very often,3,few friends,n't think 'll ever get girlfriend friend n't see often,0.3345695203666059,False
2215,Not in a literal context but I really do feel like I'm regaining my life from someone else's control after a decade of numbing myself from meaningful social interaction,3,regaining my life from someone else's control,literal context really feel like 'm regaining life someone else 's control decade numbing meaningful social interaction,0.9685691162020951,False
2216,"I never talked to others, I've never flirted with a woman, I don't know how to read people, and I gave everyone the idea that I want to be left alone",3,never talked to others,never talked others 've never flirted woman n't know read people gave everyone idea want left alone,1.1631821099080848,False
2217,I just want to be hated and left alone forever so I can fucking die,3,left alone,want hated left alone forever fucking die,0.8941679015370116,False
2218,I want a friend who always wants to talk to me and know about me or my day or whatever,3,want a friend,want friend always want talk know day whatever,0.1582973967634983,False
2219,"I have no real friends, no one to ""lean"" on or speak to",3,no real friends,real friend one `` lean '' speak,0.9972639021189365,False
2220,"After trying to reach out and reconnect with old friends over the course of the year, it just feels so stiff and like",3,trying to reach out and reconnect with old friends,trying reach reconnect old friend course year feel stiff like,0.6605904931151335,False
2221,"I'm fucking sick of it all I do is spend my days helping people with their bullshit problems and get nothing back, what's even the point and without them I just feel bored and lonely",3,feel bored and lonely,'m fucking sick spend day helping people bullshit problem get nothing back 's even point without feel bored lonely,1.0808916969053475,False
2222,"If I try to be social, I just push people away",3,push people away,try social push people away,0.7943320733101399,False
2223,Nothing but social anxiety and depression,3,social anxiety,nothing social anxiety depression,0.3803110177736389,False
2224,"I'm 24, no family and very few friends (none close)",3,no family,'m 24 family friend none close,0.911297197848895,False
2225,"Its not that fucking easy, i have no friends, my family cant care less, and my only place to vent is fucking REDDIT",3,no friends,fucking easy friend family cant care le place vent fucking reddit,1.3515303474083074,False
2226,"I have no friends in my class, my days are lonely as fuck, I dont want to wake up to go to school",3,"no friends, lonely",friend class day lonely fuck dont want wake go school,0.45738958446078415,False
2227,Maybe I prefer to just be alone as I've been used to that now for about 4year,3,alone,maybe prefer alone 've used 4year,0.5146976656236153,False
2228,"I feel lonely and unloved, how do you guys feel loved in a time of need",3,feel lonely and unloved,feel lonely unloved guy feel loved time need,0.8353486547261297,False
2229,"I remember being carefree and happy as a child, now I dread every day due to being alone, being in my house 24/7 and having no one to talk to (doesn't help that people seem to drop out of conversations and forget I exist)",3,no one to talk to,remember carefree happy child dread every day due alone house 24/7 one talk n't help people seem drop conversation forget exist,1.0803523172545255,False
2230,I have no real friends,3,no real friends,real friend,0.47092797175924944,False
2231,i've been alone for 2 years or so,3,alone for 2 years,'ve alone 2 year,0.15488379901852084,False
2232,Everything feels so mundane,3,mundane,everything feel mundane,0.07930841909126272,False
2233,"I can't even fully understand it, let alone put it into words",3,alone,ca n't even fully understand let alone put word,0.827695510570582,False
2234,"I a'm a very quiet person, don't get much attention, and I spend all my time at home or at school",3,don't get much attention,'m quiet person n't get much attention spend time home school,1.5079951627074175,False
2235,"I want to socialize and build relationships to strengthen my life's meaning, but this is really, REALLY fucking hard",3,want to socialize and build relations,want socialize build relationship strengthen life 's meaning really really fucking hard,1.524736601259965,False
2236,"The family disappointment, the one who everyone sees as the family loser",3,family disappointment,family disappointment one everyone see family loser,0.5051363537857314,False
2237,I have no one and I just want to confide in someone,3,have no one,one want confide someone,0.12997499066611978,False
2238,Please I need to talk to someone,3,need to talk to someone,please need talk someone,0.24192688691568998,False
2239,"texting with my ex, dreading all the calls I'll have to answer tomorrow, reflecting on all the ways 2017 sucked, and realizing how little I bring to the table as a person",3,exting with my ex,texting ex dreading call 'll answer tomorrow reflecting way 2017 sucked realizing little bring table person,1.5038687857602868,False
2240,Whenever I try I end up either hating it or changing it back to the same thing and it sucks,3,end up either hating it or changing it back to the same thing and it sucks,whenever try end either hating changing back thing suck,0.6306854527521675,False
2241,I feel so alone in this,3,feel so alone,feel alone,0.07930841909126272,False
2242,"But instead, I'm sick, I'm alone, I'm supposed to work tomorrow, I'm in hell",3,alone,instead 'm sick 'm alone 'm supposed work tomorrow 'm hell,0.8943962819980975,False
2243,For the last month i have been overly deppresed with no end in sight every day getting worse and worse everyday i do somthing wrong and fuck up or make one of my friends mad i dont have anyone to talk to anymore about how i am feeling because i can trust any one i had one thing that kept me going and that was god but i am starting to loose my faith i dont know what to do any more if i dint care for the people around me i would of killed my self weeks ago i just i dont know what to do and i cant hold on much longer,3,i dont have anyone to talk to anymore,last month overly deppresed end sight every day getting worse worse everyday somthing wrong fuck make one friend mad dont anyone talk anymore feeling trust one one thing kept going god starting loose faith dont know dint care people around would killed self week ago dont know cant hold much longer,0.7280436656244783,False
2244,It's big day for me and I feel guilty for not being happy and not wanting to enjoy it but all I want to do is to shut myself off from everyone and sleep,3,shut myself off from everyone,'s big day feel guilty happy wanting enjoy want shut everyone sleep,1.1541625881168487,False
2245,I remember I used to be so happy about my birthday coming up but now I just don't want to celebrate it anymore,3,birthday coming up but now I just don't want to celebrate it anymore,remember used happy birthday coming n't want celebrate anymore,0.9109148704406552,False
2246,Just don't have friends to go out with anywhere,3,don't have friends,n't friend go anywhere,0.11594618100311786,False
2247,Just going to be lonely and nothing to do about it,3,lonely,going lonely nothing,0.21250349146666406,False
2248,"I'm 15, a freshmen at online school, I don't have much friends, and That's kind of the problem, but when I start feeling better I have a birthday, and it makes me feel like the deadline for being an adult is coming closer",3,don't have much friends,'m 15 freshman online school n't much friend 's kind problem start feeling better birthday make feel like deadline adult coming closer,1.603217745835334,False
2249,"I am so worried about growing up, I grew up in an extremely poor family with a single mother but the bond I have with my sister (17) and mother is what keeps me going",3,single mother,worried growing grew extremely poor family single mother bond sister 17 mother keep going,1.4699111948348025,False
2250,"I don't want these times to end,I am so alone",3,so alone,n't want time end alone,0.26054913334311314,False
2251,"I'm not good at anything, I'm ugly, I have no friends, no social life, I have no plan at all and I'm so scared",3,no social life,'m good anything 'm ugly friend social life plan 'm scared,0.7733698813246894,False
2252,I started hating everyone around me because it felt like they were uncaring jerks who only looked out for themselves but I realised it was my fault,3,"hating everyone, uncaring jerks",started hating everyone around felt like uncaring jerk looked realised fault,1.55930967283984,False
2253,You keep getting lonelier until you start getting confused whether you're saying stuff in your head or out loud,3,getting lonelier,keep getting lonelier start getting confused whether 're saying stuff head loud,0.9125523117417653,False
2254,I just hope someone understands,3,hope someone understands,hope someone understands,1.5699956695599526,False
2255,"Its 2018 and i see no sign of me getting a girl, i feel ashamed and embarrassed that i never managed to impress a girl in my entire life",3,impress a girl,2018 see sign getting girl feel ashamed embarrassed never managed impress girl entire life,1.679608901565302,False
2256,Society despise me,3,Society despise me,society despise,1.060831903964897,False
2257,"I'm scared once my boys are content and moved out I'll be more lonely, no purpose and I'll go so far down that people won't notice as I hide it",3,more lonely,'m scared boy content moved 'll lonely purpose 'll go far people wo n't notice hide,1.3893590718775568,False
2258,"Relationships, friends (or lack of), grades, lost loved ones - whatever it may be, maybe this year was garbage",3,"Relationships, friends",relationship friend lack grade lost loved one whatever may maybe year garbage,0.5317372775264013,False
2259,"Personally (22/M), I just spent my fifth consecutive New Years alone - sitting here wondering why I'm still incapable of making any notable friendships at what some people consider to be the best/easiest age to socialize and make friends",3,socialize and make friends,personally 22/m spent fifth consecutive new year alone sitting wondering 'm still incapable making notable friendship people consider best/easiest age socialize make friend,1.6928488279001295,False
2260,"I'm starting to loath people to such an extent that I will become fucking dangerous, mark my words",3,loath people,'m starting loath people extent become fucking dangerous mark word,1.7413410762921826,False
2261,"And for my personal life, it has been the most bumpy year ever",3,personal life,personal life bumpy year ever,1.3248418809775317,False
2262,Some people will criticise me that I'm selfish and don't care about my family,3,don't care about my family,people criticise 'm selfish n't care family,0.8264765082361437,False
2263,"Another year spent completely alone, is finally over",3,completely alone,another year spent completely alone finally,0.6622088392880735,False
2264,"They are old and tired dad is 60yo and mom is 58yo and I'm also so tired of everything I never had any true friends, never had girlfriend, finished crappy high school, quit college on third year because of loneliness and depression",3,never had any true friends,old tired dad 60yo mom 58yo 'm also tired everything never true friend never girlfriend finished crappy high school quit college third year loneliness depression,0.549353544454551,False
2265,I‚Äö√Ñ√¥ve been feeling numb towards my boyfriend which sucks because he‚Äö√Ñ√¥s trying so hard to help and I just end up hurting him,3,feeling numb towards my boyfriend,i‚äö√ñ√¥ve feeling numb towards boyfriend suck he‚äö√ñ√¥s trying hard help end hurting,0.6709811566590601,False
2266,"I have no real friends, only one that I met on a game 4 years ago",3,have no real friends,real friend one met game 4 year ago,1.389851086429199,False
2267,I'm also so sad because in 3 hours it's the NYE and everyone is supposed to have a good time partying and I'm staying here feeling insecure and lonely,3,feeling insecure and lonely,'m also sad 3 hour 's nye everyone supposed good time partying 'm staying feeling insecure lonely,1.2932395475302148,False
2268,When I'm talking to girls that I find attractive I stutter so bad and don't make eye contact but with the rest of people I think I'm improving,3,talking to girls,'m talking girl find attractive stutter bad n't make eye contact rest people think 'm improving,1.202681364729442,False
2269,I kinda think about it a lot more than I should but would things be the same? Would people miss me? Would people just be like whatever he's gone how would they go about life knowing they'll never see hear or talk to me again ?,3,Would people miss me,kinda think lot would thing would people miss would people like whatever 's gone would go life knowing 'll never see hear talk,0.539235905560942,False
2270,"im so lonley this new years all my family is out and i have nothing to do alone at home im 24 years old,what kind i do to distract myself?",3,"lonley, nothing to do alone",im lonley new year family nothing alone home im 24 year old kind distract,0.5456653345812611,False
2271,"and it isn't just this, i feel like if i never made an effort to talk to any of them they would just continue to ignore me",3,continue to ignore me,n't feel like never made effort talk would continue ignore,1.3554316333498801,False
2272,"I'm a 29 year old man live alone, no friends anymore, no girlfriend just isolated and alone everyday",3,"no friends anymore, no girlfriend just isolated",'m 29 year old man live alone friend anymore girlfriend isolated alone everyday,1.1011268318433753,False
2273,"I use to be fine with it because I was completely numb and didn't care about anything at all, now I'm no longer numb because I've stopped bad habits/addiction that made me extremely numb, so now I just feel completely alone/lonely and like the world is passing me by especially on holidays like this",3,completely alone/lonely,use fine completely numb n't care anything 'm longer numb 've stopped bad habits/addiction made extremely numb feel completely alone/lonely like world passing especially holiday like,1.1693305651586063,False
2274,"So here I am, with high standards, irritable, possibly depressed, lonely, confused and wrathful",3,lonely,high standard irritable possibly depressed lonely confused wrathful,0.8727754729486753,False
2275,Nothing too extreme but detached kinda,3,detached,nothing extreme detached kinda,1.823204775192944,False
2276,Spending it alone,3,Spending it alone,spending alone,0.9948365547450159,False
2277,We moved away from family so she could finish her degree,3,family,moved away family could finish degree,1.4707120211870033,False
2278,Now with her gone I have nobody,3,have nobody,gone nobody,0.49357050003057956,False
2279,No friends or family,3,"No friends, family",friend family,0.1733434801515416,False
2280,I'm all alone,3,all alone,'m alone,0.005983329560710359,False
2281,"I see instead people who understand how empty life really is, and attempt to spread happiness and be interesting, at the most",3,how empty life really is,see instead people understand empty life really attempt spread happiness interesting,1.026531016313922,False
2282,"I haven't talked to anyone about my life in years, I haven't had a friend like that in years and I know I never will again",3,haven't had a friend,n't talked anyone life year n't friend like year know never,0.4406296469538776,False
2283,"Basically, I'm entirely alone this year",3,entirely alone,basically 'm entirely alone year,0.9247937433101977,False
2284,"I really miss playing ps1 games with my best friend all day, I miss not having to worry about anything",3,with my best friend,really miss playing ps1 game best friend day miss worry anything,0.9976346213466641,False
2285,"I feel so lost,tired,empty",3,empty,feel lost tired empty,0.20714912983799422,False
2286,"I'm not getting into the ""who would care if I die"" discussion",3,who would care if I die,'m getting `` would care die '' discussion,0.3373437065081402,False
2287,"i have been having problems with my parents for awhile as they always do something to affect my depression like putting me down every time i say im going to improve something about my life like i'm going to go out more then i get a response like this ""well you have to go out first to do that"" which makes me feel useless",3,problems with my parents,problem parent awhile always something affect depression like putting every time say im going improve something life like 'm going go get response like `` well go first '' make feel useless,0.7364906070425216,False
2288,and that everyone will just leave me behind because of me,3,everyone will just leave me behind,everyone leave behind,0.5811407723706133,False
2289,"It's like every other lonely night of the year, but with a more urgent sense of isolation, and a sadder pit of regret inside",3,"lonely night, urgent sense of isolation",'s like every lonely night year urgent sense isolation sadder pit regret inside,1.253470207933731,False
2290,They don't understand my diseases and I just isolate myself for weeks at a time because I have no one to turn too,3,just isolate myself for weeks at a time because I have no one to turn too,n't understand disease isolate week time one turn,0.9817154575693134,False
2291,I actually feel more alone and miserable than I've felt in weeks,3,feel more alone,actually feel alone miserable 've felt week,0.5042816968044304,False
2292,I feel disconnected from almost everyone and everything,3,feel disconnected from almost everyone and everything,feel disconnected almost everyone everything,0.07930841909126272,False
2293,I hate being alone,3,hate being alone,hate alone,0.10929075012539491,False
2294,I hate being single,3,being single,hate single,0.558071408508089,False
2295,Halloween is bad because you get to see how much of a loser you are and how lonely you are,3,"how lonely you are, loser you are",halloween bad get see much loser lonely,0.5001046298639531,False
2296,Birthdays are bad because no one cares enough to remember,3,no one cares enough to remember,birthday bad one care enough remember,0.9795466125373959,False
2297,I am alone,3,alone,alone,0.005983329560710359,False
2298,I will always be alone in this world,3,alone,always alone world,0.5017548710069623,False
2299,"If there is anyone else who is isolated in their piece of the room, wilt thou like to talk to me?",3,isolated in their piece of the room,anyone else isolated piece room wilt thou like talk,0.7949775523783627,False
2300,People just don't want me around I guess,3,people just don't want me,people n't want around guess,0.39742308454958786,False
2301,Just so lonely and shitty right now :(,3,"so lonely, shitty",lonely shitty right,0.4500050907886981,False
2302,"It's new years, I'm supposed to celebrate with friends but all fucking alone",3,fucking alone,'s new year 'm supposed celebrate friend fucking alone,0.6161720536051872,False
2303,No one treats anyone with respect,3,treats anyone with respect,one treat anyone respect,1.720821901615941,False
2304,Does the feeling of emptiness ever go away? Or will I actually like myself at some point?,3,emptiness,feeling emptiness ever go away actually like point,0.9518671417488995,False
2305,I‚Äö√Ñ√¥m at the point where I‚Äö√Ñ√¥m past sadness I just feel empty or hollow,3,empty or hollow,i‚äö√ñ√¥m point i‚äö√ñ√¥m past sadness feel empty hollow,0.43041613888179076,False
2306,Me against the world and nobody is on my side,3,nobody is on my side,world nobody side,0.5017548710069623,False
2307,And then I realized everyone around me is fake,3,everyone around me is fake,realized everyone around fake,1.9105848789971978,True
2308,I hate my home I hate my family and I hate my life,3,"hate my home, hate my family",hate home hate family hate life,0.14666895580359623,False
2309,I feel lonely all the time and only have a few friends,3,feel lonely all the time,feel lonely time friend,0.14400350688428948,False
2310,"I have a few friends but they don't like me that much and I don't blame them because I'm a bad person to be friends with, I am boring, I have no distinct interests and I can't hold a conversation for more than 5 seconds",3,bad person to be friends with,friend n't like much n't blame 'm bad person friend boring distinct interest ca n't hold conversation 5 second,1.431497536667755,False
2311,Want to run away loose touch with everyone I know and vanish,3,loose touch with everyone,want run away loose touch everyone know vanish,1.6483269916750594,False
2312,"I can't do this anymore, nothing motivates me, no one seems to care enough",3,no one seems to care enough,ca n't anymore nothing motivates one seems care enough,0.2322337322907624,False
2313,"My sister died of an overdose when I was 13, then my father passed away when I was 16",3,"father passed away, sister died of an overdose",sister died overdose 13 father passed away 16,2.0226403544803846,True
2314,"It might be loneliness, grief, pain, or feeling lost",3,loneliness,might loneliness grief pain feeling lost,0.37718028089255407,False
2315,Does anyone else hate venting to friends about your problems? It just feels like I'm dragging them down to my level,3,hate venting to friends,anyone else hate venting friend problem feel like 'm dragging level,1.2186978875874106,False
2316,I sat in my room alone last night and watched the ball drop,3,alone,sat room alone last night watched ball drop,1.5078928001389078,False
2317,i fear i live in six month stretches/ routine bliss yields bleak obsessions/ time spent alone the aching abscess/ for now distraction disrupts the process/,3,alone,fear live six month stretches/ routine bliss yield bleak obsessions/ time spent alone aching abscess/ distraction disrupts process/,1.2008683413541825,False
2318,I mean complete isolation,3,isolation,mean complete isolation,1.1838203537537284,False
2319,The only reason I haven't is because I don't want to hurt my family,3,on't want to hurt my family,reason n't n't want hurt family,0.3108868890975491,False
2320,Anybody else feel like the only choice of happiness is to completely shut the world out and exist only in solitary?,3,shut the world out,anybody else feel like choice happiness completely shut world exist solitary,1.4304380796224905,False
2321,"After all, your the one who wishes to be left alone and refuses to share your pain with anyone else",3,left alone,one wish left alone refuse share pain anyone else,0.9055726894429039,False
2322,"I started feeling extremely alone for no reason, and started hugging my pillow and crying myself to sleep, two of the day of this past week I didn't sleep until at least 8 am",3,feeling extremely alone for no reason,started feeling extremely alone reason started hugging pillow cry sleep two day past week n't sleep least 8,0.44749030525970385,False
2323,"Just before writing this I felt a sudden overwhelming flow of anxiety (something I've not really ever struggled with) , and my stomach and chest feel like their more empty than ever, my head is about to explode",3,more empty,writing felt sudden overwhelming flow anxiety something 've really ever struggled stomach chest feel like empty ever head explode,1.8160876396483676,False
2324,its not that i cant be around people id just rather be alone,3,be alone,cant around people id rather alone,0.18080312527550244,False
2325,I appreciate that he tries but I still feel overwhelmingly alone,3,alone,appreciate try still feel overwhelmingly alone,0.3181309617742423,False
2326,"I broke up with my girlfriend a few months ago and honestly, it barely affected me",3,broke up,broke girlfriend month ago honestly barely affected,0.5212663096333519,False
2327,"But after yet another lonely, boring day I realized that I'm reaching too high because nothing's gonna change",3,lonely,yet another lonely boring day realized 'm reaching high nothing 's gon na change,1.5189932108071265,False
2328,"I became serious with out any sign of change and now I don't care about anything, but mean absolutely anything it is what can only be described as ""detached""",3,don't care about anything,became serious sign change n't care anything mean absolutely anything described `` detached '',2.0212312587396597,True
2329,"I'm reading /r/depression alot these days and I noticed almost everyone here is feeling lonely, including myself",3,feeling lonely,'m reading /r/depression alot day noticed almost everyone feeling lonely including,1.8273593503981744,False
2330,I struggle with meeting new people and maintaining relationships,3,"struggle with meeting new people, maintaining relationships",struggle meeting new people maintaining relationship,0.6688817212881663,False
2331,I woke up this morning after going to a New Years party last night with people that I genuinely call my closest friends sad and alone,3,people that I genuinely call,woke morning going new year party last night people genuinely call closest friend sad alone,1.427891597477267,False
2332,I love my friends but they don't know the real me,3,friends,love friend n't know real,0.36873431248131533,False
2333,") almost as a form of escapism, but know that you'll never meet them and it hurts? I personally am a huge fan of one specific band/group member, and she makes me really happy, I'm just trying to emotionally detach myself from her because I'm afraid her group is going to disband in the near future and she's going to be out of the public eye",3,emotionally detack myself from her,almost form escapism know 'll never meet hurt personally huge fan one specific band/group member make really happy 'm trying emotionally detach 'm afraid group going disband near future 's going public eye,1.506746818432271,False
2334,Why the hell do I always fall in love with them???,3,fall in love,hell always fall love,0.8186180565681509,False
2335,im on year 3 on living by myself with no social life and no real family and its just too empty I've ruined my life so much,3,no real family,im year 3 living social life real family empty 've ruined life much,0.5405685269343214,False
2336,I‚Äö√Ñ√¥m just really lonely,3,really lonely,i‚äö√ñ√¥m really lonely,0.15106435728377687,False
2337,I feel like no one genuinely cares about me,3,like no one genuinely cares about me,feel like one genuinely care,0.9183198617285133,False
2338,I feel so disassociated with everyone and everything,3,feel so disassociated with everyone and everything,feel disassociated everyone everything,0.07930841909126272,False
2339,"I'm afraid that things will get worse in this year, and I'm so alone",3,and I'm so alone,'m afraid thing get worse year 'm alone,0.7269889910425086,False
2340,"I really feel alone, like really alone",3,"really feel alone, like really alone",really feel alone like really alone,0.15639237134125414,False
2341,"But ever since elementary school its been a same circle of talking to people, making them happy, and then them forgetting about me in the long run to the point of were I cant tell you who I can actually view as a friend or not",3,view as a friend or not,ever since elementary school circle talking people making happy forgetting long run point cant tell actually view friend,0.9314034704458003,False
2342,"I end up messaging people im close to, sharing too much information about myself and my mental state to them",3,end up messaging people im close to,end messaging people im close sharing much information mental state,1.0311951437481104,False
2343,I thought that maybe I wasnt depressed anymore but now I feel so scared and lonely and I just want it to stop,3,feel so scared and lonely and I just want it to stop,thought maybe wasnt depressed anymore feel scared lonely want stop,0.3304688176670864,False
2344,"I'm 17 if that's of importance I don't know if this is depression honestly, I'm posting here to ask: Is this something any of you find yourselves feeling? I just want to know if I'm alone here or not",3,I'm alone here,'m 17 's importance n't know depression honestly 'm posting ask something find feeling want know 'm alone,1.8170707086440048,False
2345,Anyway I am just tired of feeling like im wasting my life and I dont understand what makes other people actually happy,3,people actually happy,anyway tired feeling like im wasting life dont understand make people actually happy,0.7118501321936282,False
2346,I almost don‚Äö√Ñ√¥t wanna say I‚Äö√Ñ√¥m depressed because I know that clinically I am but over the last couple months the despair I was feeling has kinda subsided a lot but now I‚Äö√Ñ√¥m falling back into a loneliness,3,falling back into a loneliness,almost don‚äö√ñ√¥t wan na say i‚äö√ñ√¥m depressed know clinically last couple month despair feeling kinda subsided lot i‚äö√ñ√¥m falling back loneliness,1.0631251399273636,False
2347,"I also get the physical feeling that the world stops existing, and that I am isolated to my area",3,and that I am isolated to my area,also get physical feeling world stop existing isolated area,0.5302285205262202,False
2348,"Hi! Was just with my therapist and she suggested that when depression says ‚Äö√Ñ√≤isolate yourself from your friends and family‚Äö√Ñ√¥, do the exact opposite",3,√≤isolate yourself from your friends and family,hi therapist suggested depression say ‚äö√ñ√≤isolate friend family‚äö√ñ√¥ exact opposite,0.896554239088401,False
2349,So I took a week off because I couldnt handle work anymore and started to isolate myself again,3,started to isolate myself again,took week couldnt handle work anymore started isolate,0.843266896847379,False
2350,"I keep getting overwhelmed by the knowledge that everyone goes through life alone - we all live in our own little worlds and sometimes we interact with one another, but I feel incredibly lonely knowing no one will ever really know how I feel at any time",3,feel incredibly lonely knowing no one will ever really know how I feel at any time,keep getting overwhelmed knowledge everyone go life alone live little world sometimes interact one another feel incredibly lonely knowing one ever really know feel time,0.9137553350808733,False
2351,I just want to isolate myself so I can stop hurting other people,3,want to isolate myself so I can stop hurting other people,want isolate stop hurting people,1.2229891141613864,False
2352,"I hate that Ive never been truly understood, and i hate that I'll never be understood",3,never been truly understood,hate ive never truly understood hate 'll never understood,0.5641285552826607,False
2353,"My girlfriend loves me, she always says I‚Äö√Ñ√¥m perfect and that everything is perfect with us, I know she‚Äö√Ñ√¥ll never cheat on me or do me wrong, but my anxiety and depression means I‚Äö√Ñ√¥m constantly thinking I‚Äö√Ñ√¥m not good enough or that she‚Äö√Ñ√¥s talking to other guys or flirting with them or dancing with guys at clubs",3,ever cheat on me or do me wrong,girlfriend love always say i‚äö√ñ√¥m perfect everything perfect u know she‚äö√ñ√¥ll never cheat wrong anxiety depression mean i‚äö√ñ√¥m constantly thinking i‚äö√ñ√¥m good enough she‚äö√ñ√¥s talking guy flirting dancing guy club,1.5238678664176437,False
2354,At that moment Im alone in a large dark room,3,alone,moment im alone large dark room,1.0634911471159567,False
2355,"My best friend doesn‚Äö√Ñ√¥t want to talk to me, I don‚Äö√Ñ√¥t deserve my boyfriend, I‚Äö√Ñ√¥m unemployed, I worked my ass for a degree and it‚Äö√Ñ√¥s fucking useless",3,best friend,best friend doesn‚äö√ñ√¥t want talk don‚äö√ñ√¥t deserve boyfriend i‚äö√ñ√¥m unemployed worked as degree it‚äö√ñ√¥s fucking useless,0.906846583870256,False
2356,A feeling of loneliness even with people around,3,feeling of loneliness even with people around,feeling loneliness even people around,0.4056109101082467,False
2357,Ive been using ADD stimulant meds to cope woth my social isolation and and I finally got rid of them all a while ago,3,social isolation,ive using add stimulant med cope woth social isolation finally got rid ago,1.4369953115996967,False
2358,I have no family but care workers come a few hours a day to care for me,3,have no family but care workers come a few hours a day to care for me,family care worker come hour day care,1.1966833345273427,False
2359,It makes me feel so lonely,3,makes me feel so lonely,make feel lonely,0.1833243068330541,False
2360,"Nobody would ever talk to me, I'm isolated beyond recovery",3,isolated beyond recovery,nobody would ever talk 'm isolated beyond recovery,0.350486094105382,False
2361,I'm destined to remain lonely,3,destined to remain lonely,'m destined remain lonely,0.18643492586137778,False
2362,"So sometimes when I am super lonely, depressed, and bored I enjoy a lot of ""alone time""",3,super lonely,sometimes super lonely depressed bored enjoy lot `` alone time '',0.8231878178323712,False
2363,I deserve to be alone,3,deserve to be alone,deserve alone,0.7811196583684163,False
2364,I have been isolated for most of my life,3,been isolated for most of my life,isolated life,0.3457740572483285,False
2365,I feel like I am doomed forever and that nobody will love me,3,am doomed forever and that nobody will love me,feel like doomed forever nobody love,0.724059711715443,False
2366,i'm going to kill myself people have ruined everything in my life for me,3,going to kill myself people have ruined everything in my life for me,'m going kill people ruined everything life,0.8265150760668538,False
2367,Nobody cares when,3,Nobody cares when,nobody care,0.21598286988298973,False
2368,"Almost everyday I wake up hating myself, why would I hate myself though? I graduated High School, have a loving and healthy family, have hobbies and online friends",3,online friends,almost everyday wake hating would hate though graduated high school loving healthy family hobby online friend,1.2905792507078178,False
2369,"I don‚Äö√Ñ√¥t have real life friends, post secondary, a job, a car or a license and the closest family I have is 6 hours away and barely talks to me",3,barely talks to me,don‚äö√ñ√¥t real life friend post secondary job car license closest family 6 hour away barely talk,0.7409837078541832,False
2370,I know I'm not alone,3,alone,know 'm alone,0.15655866120145817,False
2371,Knowing I need to learn how to like myself better and be okay to be alone doesnt help me actually get there,3,alone,knowing need learn like better okay alone doesnt help actually get,1.6479996117447553,False
2372,"Yes, I'm lonely",3,lonely,yes 'm lonely,0.9077759175210999,False
2373,I'm still lonely,3,lonely,'m still lonely,0.18643492586137778,False
2374,"I don't take care of my appearance, I do the minimal work I need to get by and I rarely socialize with the few friends I have",3,rarely socialize,n't take care appearance minimal work need get rarely socialize friend,1.4608654106254642,False
2375,"The emptiness leads to a lack of people, activities and more, which in turn leave me feeling lonely and unfulfilled respectively",3,"lonely, emptiness",emptiness lead lack people activity turn leave feeling lonely unfulfilled respectively,1.33386539892034,False
2376,"I feel hopeless,broken, lonely, but I still fight",3,"lonely, hopeless",feel hopeless broken lonely still fight,0.8267675863442635,False
2377,"At times I feel so lonely, like there's no one I can trust",3,lonely,time feel lonely like 's one trust,0.6366588022348703,False
2378,Another period of apathy and emptiness setting in,3,"emptines, period of apathy",another period apathy emptiness setting,1.8426663429284296,False
2379,"Supplementary information: College student, physics major; I‚Äö√Ñ√¥ve been dealing with systemic loneliness and depression for a number of years",3,systemic loneliness,supplementary information college student physic major i‚äö√ñ√¥ve dealing systemic loneliness depression number year,1.4097327243240432,False
2380,"No one will care for me as an old man, because I‚Äö√Ñ√¥m incapable of caring for people now",3,incapable of caring,one care old man i‚äö√ñ√¥m incapable caring people,1.55018906708599,False
2381,I‚Äö√Ñ√¥m doomed to mediocrity and loneliness,3,loneliness,i‚äö√ñ√¥m doomed mediocrity loneliness,0.4873046028415857,False
2382,"I feel like I‚Äö√Ñ√¥m screaming for help and nobody fucking hears me Nobody notices, nobody sees I‚Äö√Ñ√¥m incredibly alone Dying just sounds *right*",3,incredibly alone,feel like i‚äö√ñ√¥m screaming help nobody fucking hears nobody notice nobody see i‚äö√ñ√¥m incredibly alone dying sound right,2.1319849777768582,True
2383,"So I can maybe feel cared about, and not feel so alone",3,alone,maybe feel cared feel alone,0.7915289116432277,False
2384,I am at a loss and lonely as fuck,3,lonely,loss lonely fuck,1.074467314187308,False
2385,But I don't want someone to encourage me,3,want someone,n't want someone encourage,0.12997499066611978,False
2386,"I want someone to sit with me and say, ""Yeah that really sucks",3,want someone,want someone sit say `` yeah really suck,1.5564860406239998,False
2387,They always block me or quit talking to me,3,quit talking,always block quit talking,0.8655342540880894,False
2388,I feel so helpless and lonely and unloved,3,"lonely, helpless, unloved",feel helpless lonely unloved,1.30103458946108,False
2389,"I feel worthless every day, I have no close friends, it really sucks",3,"feel worthless, no close friends",feel worthless every day close friend really suck,0.42667888681764576,False
2390,"Countless social rejections have led me to believe that I am fundamentally broken, that no one wants to be my friend",3,social rejections,countless social rejection led believe fundamentally broken one want friend,0.7110765676516219,False
2391,"I also feel lonely, even around friends and family which leads to me think this is depression",3,feel lonely,also feel lonely even around friend family lead think depression,0.7635326690824242,False
2392,Now it just makes me feel so alone,3,alone,make feel alone,0.18563868811895143,False
2393,"Honestly its making me feel so bitter, it feels like no one cares enough to try and get involved with the interests which mean the most to me",3,no one cares,honestly making feel bitter feel like one care enough try get involved interest mean,0.4781233693231111,False
2394,I can be surrounded by people but I feel so alone because I know no one cares,3,"alone, no one cares",surrounded people feel alone know one care,0.1676345201732148,False
2395,I know no one cares about me,3,no one cares,know one care,0.19071314305870601,False
2396,It seems that everyone that leaves me behind or stops interacting with me goes off and has a better life without me there,3,stops interacting,seems everyone leaf behind stop interacting go better life without,0.3598781677670937,False
2397,"And even if it's because of the stupidity, ignorance, or complete inconsiderance of another human, it's just NOT acceptable to exact your own justice upon them",3,ignorance,even 's stupidity ignorance complete inconsiderance another human 's acceptable exact justice upon,0.853476386756894,False
2398,"i am empty, and dead",3,empty,empty dead,1.0663208465657183,False
2399,"Keeping this in mind, Take care of yourself and be proactive towards seeking friendships and human connections whenever possible",3,connections,keeping mind take care proactive towards seeking friendship human connection whenever possible,1.8368100585716964,False
2400,"This is a weird question, but is there someplace I can call and talk to someone before I go? I don't want to be talked out of it",3,talk to someone,weird question someplace call talk someone go n't want talked,1.545298918134987,False
2401,I'm so scared and feel like I have no one to talk to about it,3,no one to talk,'m scared feel like one talk,0.26639399327603486,False
2402,I'm afraid of reaching out to friends out of fear of them leaving me,3,afraid of reaching out to friends,'m afraid reaching friend fear leaving,1.0282551225821979,False
2403,"Nobody actually likes me, not a single person I know values me and has interest in me as a friend or a best friend , I just suck and I'm so easily replaced, I don't want to live anymore feeling this empty",3,"values me, feeling this empty",nobody actually like single person know value interest friend best friend suck 'm easily replaced n't want live anymore feeling empty,0.7688297331730973,False
2404,i'm extremely isolated and i only ever leave the house for my (extremely tough medical) school and to get food,3,extremely isolated,'m extremely isolated ever leave house extremely tough medical school get food,0.9061543238396088,False
2405,"If I had been there alone, I probably would‚Äö√Ñ√¥ve jumped",3,alone,alone probably would‚äö√ñ√¥ve jumped,0.44307625448316845,False
2406,I spoke to the well being people yesterday but it wasn't any help and it 3 months waiting to talk to some one over the phone,3,talk to some one,spoke well people yesterday n't help 3 month waiting talk one phone,1.5863661760614718,False
2407,"The day I left, I felt so free, yet I was the loneliest I‚Äö√Ñ√¥ve ever felt",3,loneliest,day left felt free yet loneliest i‚äö√ñ√¥ve ever felt,0.6736487793354767,False
2408,I don't know maybe I am alone in this but the best way to describe it is: like a fly in a contained room,3,am alone,n't know maybe alone best way describe like fly contained room,0.48937759644927886,False
2409,The only way I can get any satisfaction is masturbation and afterwards I always feel disgusted with myself,3,satisfaction is masturbation,way get satisfaction masturbation afterwards always feel disgusted,0.26454001616433487,False
2410,"So my school‚Äö√Ñ√¥s currently on ‚Äö√Ñ√∫winter‚Äö√Ñ√π break so everyone went back home and I‚Äö√Ñ√¥m sitting alone in my room, extremely lonely and scared",3,alone,school‚äö√ñ√¥s currently ‚äö√ñ√∫winter‚äö√ñ√π break everyone went back home i‚äö√ñ√¥m sitting alone room extremely lonely scared,0.5236962398074669,False
2411,As a kid I was afraid to be left alone in the house when my parents were at work and I‚Äö√Ñ√¥m having an exact same feeling again,3,alone,kid afraid left alone house parent work i‚äö√ñ√¥m exact feeling,0.6672236051616885,False
2412,I also have other bad memories of being left alone so I‚Äö√Ñ√¥m assuming those memories are also affecting me,3,"alone, bad memories",also bad memory left alone i‚äö√ñ√¥m assuming memory also affecting,1.121834799521932,False
2413,"There's no way that I can live life so isolated, and trapped in my own head",3,isolated,'s way live life isolated trapped head,1.369351789796408,False
2414,"I hate being alone all the time, I won‚Äö√Ñ√¥t even speak for an entire week because I have no one to talk to here at college",3,hate being alone all the time,hate alone time won‚äö√ñ√¥t even speak entire week one talk college,1.0259127071913074,False
2415,"For example I'm feeling fairly rubbish at the moment, but instead of the thoughts of loneliness and inadequacy I used to get with these feelings, I now just look forward to not feeling like this",3,thoughts of loneliness and inadequacy,example 'm feeling fairly rubbish moment instead thought loneliness inadequacy used get feeling look forward feeling like,1.1315414283711402,False
2416,"Depressed as I‚Äö√Ñ√¥ll ever be, walking through life numb, detached, lonely, empty, feeling dejected, with no light at the end of the tunnel",3,"detached, lonely, empty",depressed i‚äö√ñ√¥ll ever walking life numb detached lonely empty feeling dejected light end tunnel,1.281405707397923,False
2417,"I desperately crave feeling loved and cared about, and I have the urge to talk to people I'm close to, but all I end up doing is isolating myself, depriving myself of what I want, and then feel worse",3,end up doing is isolating myself,desperately crave feeling loved cared urge talk people 'm close end isolating depriving want feel worse,1.752148359742803,False
2418,"Hey, I've struggled hard with depression and I'm currently grieving a suicide of a loved one",3,currently grieving a suicide of a loved one,hey 've struggled hard depression 'm currently grieving suicide loved one,1.4416122889681482,False
2419,i‚Äö√Ñ√¥m tired of being belittled by so many people in my life,3,tired of being belittled by so many people in my life,i‚äö√ñ√¥m tired belittled many people life,0.15380429372525448,False
2420,I‚Äö√Ñ√¥m currently waiting for that time when my heartbreak ebbs and I can see the light at the end of the tunnel,3,currently waiting for that time when my heartbreak,i‚äö√ñ√¥m currently waiting time heartbreak ebb see light end tunnel,1.5752619594101558,False
2421,I feel alone in the world,3,feel alone in the world,feel alone world,0.41171018336533366,False
2422,"I guess I need to just move on and write this girl off as what she‚Äö√Ñ√¥s presented herself to be now, an entitled, money-obsessed bitch",3,need to just move on,guess need move write girl she‚äö√ñ√¥s presented entitled money-obsessed bitch,1.4391173944205966,False
2423,"I don't know what to do, my parents love me so much it will destroy them",3,love,n't know parent love much destroy,0.2545665397507622,False
2424,"When I try and share something from my life, I just feel like they shrug me off or ignore me completely",3,just feel like they shrug me off or ignore me completely,try share something life feel like shrug ignore completely,0.7899742185735195,False
2425,I am depressed and wanna die my own family puts me down! I am trying to grow my youtube channel and nothing works! What to do? I am losing interest in all my favourite things I just wanna die!,3,trying to grow my youtube channel and nothing works,depressed wan na die family put trying grow youtube channel nothing work losing interest favourite thing wan na die,0.6843925239458488,False
2426,Right now I'm feeling very alone I live in a city and don't know very many people because with depression and anxiety that I haven't treated for 7 years keeps me from wanting to meet new people because out in the real world it's scary,3,feeling very alone,right 'm feeling alone live city n't know many people depression anxiety n't treated 7 year keep wanting meet new people real world 's scary,1.1905552974494522,False
2427,"I use to be more suicidal then i am now, i just feel alone",3,i just feel alone,use suicidal feel alone,0.9413153066724826,False
2428,How it's gonna impact social life (got no friends and family so probably not too much),3,got no friends and family so probably not too much,'s gon na impact social life got friend family probably much,0.9741672795237505,False
2429,if i could get myself alone i could but i‚Äö√Ñ√¥m fortunate enough that that wouldn‚Äö√Ñ√¥t really work for me,3,i could get myself alone,could get alone could i‚äö√ñ√¥m fortunate enough wouldn‚äö√ñ√¥t really work,1.3596161360439987,False
2430,"I think at this point i just need someone to talk to, to be able to convince me why it's not a good idea to just slit my fucking throat or just jump off my 3rd floor balcony",3,need someone to talk to,think point need someone talk able convince 's good idea slit fucking throat jump 3rd floor balcony,1.9857785017922707,True
2431,Honestly i'm just so tired of life &amp; just want to end it all somehow without bothering my family,3,just want to end it all somehow without bothering my family,honestly 'm tired life amp want end somehow without bothering family,0.5678076747753068,False
2432,"I can't handle the loneliness, the isolation, the constant DEMAND to work day in and day out and make money just to pay bills just to feel this fucking awful all day long",3,the isolation,ca n't handle loneliness isolation constant demand work day day make money pay bill feel fucking awful day long,0.699631349445469,False
2433,I feel so alone and I want to move away and meet new people,3,feel so alone,feel alone want move away meet new people,0.9115759502841214,False
2434,i was on track to feeling better with my sessions with one of them but now they got fired and ive fallen back down the deep depression and self harm hole again i also have social anxiety and dont feel confident to see the therapist outside of school and i don‚Äö√Ñ√¥t feel confident talking to my parents,3,social anxiety,track feeling better session one got fired ive fallen back deep depression self harm hole also social anxiety dont feel confident see therapist outside school don‚äö√ñ√¥t feel confident talking parent,1.0580674035661333,False
2435,does anyone want to talk? im 16 f and i just need somebody to talk to who i won‚Äö√Ñ√¥t scare,3,need somebody to talk,anyone want talk im 16 f need somebody talk won‚äö√ñ√¥t scare,1.215529796923964,False
2436,"I keep in phone contact with my parents, but sometimes when I make a big mistake I really need someone to hug and cry to",3,need someone to hug and cry,keep phone contact parent sometimes make big mistake really need someone hug cry,1.2571266986094056,False
2437,I feel so lost and alone,3,alone,feel lost alone,0.22955759213286128,False
2438,"I have just been feeling empty, hopeless and worthless lately",3,"feeling empty, worthless, hopeless",feeling empty hopeless worthless lately,0.6856018899517227,False
2439,"And, I've done what I always do, which is cut everyone off, delete/deactivate everything, go to work with a mask on every day, crying myself to sleep every single night",3,cut everyone off,'ve done always cut everyone delete/deactivate everything go work mask every day cry sleep every single night,0.4747743520885064,False
2440,All they care about just to get rid of me even tho i dont know wtf i did wrong,3,get rid of me,care get rid even tho dont know wtf wrong,0.9310819258010506,False
2441,They always ignore me like im worse than pile of shit,3,ignore me,always ignore like im worse pile shit,0.42305662759672735,False
2442,Having no one to talk to adds on to this anger so I en up just bottling it up and I feel like just one day I may physically hurt someone,3,no one to talk to,one talk add anger en bottling feel like one day may physically hurt someone,1.220658250911066,False
2443,"It's not that I don't think anyone would miss me, it's the fact that I don't honestly care if they would or wouldn't",3,don't think anyone would miss me,'s n't think anyone would miss 's fact n't honestly care would would n't,0.8840331931055078,False
2444,"I need someone to talk about this that knows how to cope, cause everyone in my life is fucking useless",3,need someone to talk about this that knows how to cope,need someone talk know cope cause everyone life fucking useless,0.6895600719678093,False
2445,"It's like it knows how it makes me feel, and it knows when I'm alone",3,it knows when I'm alone,'s like know make feel know 'm alone,0.1558205480975606,False
2446,Drinking alone is never good for me but I felt like I really needed to drink,3,alone,drinking alone never good felt like really needed drink,0.9040661722810737,False
2447,"Anyway 2 glasses in I‚Äö√Ñ√¥m trying to find somebody to hang out with, texting all my friends that are nearby and everyone was busy",3,"texting all my friends, everyone was busy",anyway 2 glass i‚äö√ñ√¥m trying find somebody hang texting friend nearby everyone busy,1.4108688756236516,False
2448,"I felt so lonely, painfully lonely, and I started hating on myself",3,"painfully lonely, hating on myself",felt lonely painfully lonely started hating,0.44675639800033295,False
2449,I was crying and cutting myself continuously but the sad thing it no one care at all,3,no one care,cry cutting continuously sad thing one care,0.6138953732137272,False
2450,"and im just here, alone what's wrong with me? i try my best i just dont want to be alone anymore",3,dont want to be alone,im alone 's wrong try best dont want alone anymore,0.42864347356396326,False
2451,I‚Äö√Ñ√¥ve isolated myself from others in order to heal,3,isolated myself,i‚äö√ñ√¥ve isolated others order heal,1.2153940102489602,False
2452,"Nothing is helping, not even talking to others",3,not even talking to others,nothing helping even talking others,1.58781163415772,False
2453,I always feel so alone,3,feel so alone,always feel alone,0.07930841909126272,False
2454,I would know damn well that this feeling of emptiness and being suicidal will subside after this episode,3,feeling of emptiness,would know damn well feeling emptiness suicidal subside episode,1.319169041659655,False
2455,I feel so pathetic and like nobody cares,3,nobody cares,feel pathetic like nobody care,0.6722475826885859,False
2456,this loneliness is killing me inside,3,loneliness is killing me inside,loneliness killing inside,1.0224199134356313,False
2457,I'm so lonely that I can tear up just by playing and realising I'm alone,3,alone,'m lonely tear playing realising 'm alone,1.5585864887698835,False
2458,I want to talk to someone who understands this feeling,3,want to talk to someone,want talk someone understands feeling,1.2308760401735317,False
2459,I just want someone to hug me ad cry about this shitty life with me,3,want someone to hug me,want someone hug ad cry shitty life,1.0699864656119928,False
2460,I just need to know someone is there for me,3,need to know someone is there for me,need know someone,0.20175407381953686,False
2461,YET my cats are coddling me like no tomorrow because they can sense something is up?! What is wrong with us as human beings? Are we really that afraid of connection?,3,afraid of connection,yet cat coddling like tomorrow sense something wrong u human being really afraid connection,1.3272465285808162,False
2462,I feel completely empty,3,completely empty,feel completely empty,0.3487953047055851,False
2463,"I dont wanna hear call the helpline, because I've called several and no one gives a shit and they really dont help",3,no one gives a shit,dont wan na hear call helpline 've called several one give shit really dont help,0.6185671874122343,False
2464,"I might fit in more or i can talk to other people, I don't know",3,talk to other people,might fit talk people n't know,1.86665994183762,True
2465,"People, even family have been against me",3,even family have been against me,people even family,0.19650956663692926,False
2466,"All of us on here are probably feeling alone and lonely and depressed and like everyone else out there is having an awesome time except us, so why don't we have our own ""party""? (In a way)",3,feeling alone and lonely,u probably feeling alone lonely depressed like everyone else awesome time except u n't `` party '' way,0.5859667785115028,False
2467,"It's all I think about when I see attractive people anymore, I just get jealous and wonder why the world is so fucking unfair",3,see attractive people,'s think see attractive people anymore get jealous wonder world fucking unfair,2.11355905259197,True
2468,"I suspect that what I'm dealing with is a mixture of anxiety and depression, but I haven't been to talk to anyone yet",3,talk to anyone,suspect 'm dealing mixture anxiety depression n't talk anyone yet,0.6652921654012462,False
2469,"I can't anymore, I have no one to talk to, I'm getting tired of all this shit, they don't know, his family doesn't know Who i am, i just can't anymore, all this shit in just one week",3,family doesn't know Who i am,ca n't anymore one talk 'm getting tired shit n't know family n't know ca n't anymore shit one week,0.23154413750537067,False
2470,It was there I realized what was loneliness and being an outcast,3,loneliness,realized loneliness outcast,0.9442115451255672,False
2471,"Punch bullies in their faces, prevent broken family relationships, be better equipped for the real world, stop abusive father, have friends",3,broken family relationships,punch bully face prevent broken family relationship better equipped real world stop abusive father friend,0.7207725240510142,False
2472,"I thought there was a small chance that I might get invited to make plans by old friends, but I should have known that wasn't gonna happen due to persisting false rumors",3,old friends,thought small chance might get invited make plan old friend known n't gon na happen due persisting false rumor,1.611668238068506,False
2473,"All these fucking people celebrating for no reason, setting off fireworks, and disturbing my life and depression",3,fucking people,fucking people celebrating reason setting firework disturbing life depression,0.3166851592550056,False
2474,Goddammit it sucks so much being friends with so many fucking people and not being close to a single one of them,3,being friends,goddammit suck much friend many fucking people close single one,0.5529536459280089,False
2475,I can‚Äö√Ñ√¥t even call myself a loner because I talk to so many people at school,3,loner,can‚äö√ñ√¥t even call loner talk many people school,0.18590201695446323,False
2476,But nobody ever thinks of inviting me because I‚Äö√Ñ√¥m at best a second tier friend to every person I know,3,nobody ever thinks of inviting me,nobody ever think inviting i‚äö√ñ√¥m best second tier friend every person know,0.6075642329386235,False
2477,"I never get signals, I've had shit luck on dating sites, no one ever approaches me, no one has ever had a crush on me, and my family are the only people that call me handsome",3,no one ever approaches me,never get signal 've shit luck dating site one ever approach one ever crush family people call handsome,1.0988384324811444,False
2478,abused in childhood never loved by anyone and jealous of everyone who isn't grateful that they're loved and appreciated,3,abused in childhood,abused childhood never loved anyone jealous everyone n't grateful 're loved appreciated,2.197370467972688,True
2479,"My mind is gone, any chances I had are gone at this point, socially I will never be successful and so what's the point? Youre depressed yeah just tell your friends and family they love you and want you happy! My family wont help me I dont have the means to help myself",3,friends and family,mind gone chance gone point socially never successful 's point youre depressed yeah tell friend family love want happy family wont help dont mean help,1.2151157849655074,False
2480,man i fucking hate talking to people because i just feel disgusted with myself for being a waste of space and not being able to hold a conversation i hate having friends / knowing people because they give me so much anxiety and worry that theyre all gonna gang up on me and make my life miserable,3,gang up on me,man fucking hate talking people feel disgusted waste space able hold conversation hate friend knowing people give much anxiety worry theyre gon na gang make life miserable,0.9669923903523228,False
2481,"Within the last month, she has lost her best friend and her grandmother, who she was very close with (both passed away)",3,lost her best friend,within last month lost best friend grandmother close passed away,0.6513968231172866,False
2482,"This time last year, she was involved in an incident where she was assaulted (we were not dating at the time), and it is bringing up some bad memories for her",3,bad memories,time last year involved incident assaulted dating time bringing bad memory,0.7993365913664108,False
2483,Ive lost 2 friends so far and I think the end is near,3,lost 2 friends so far and I think the end is near,ive lost 2 friend far think end near,1.8209965190956896,False
2484,"Does that make me wrong? To feel so unloved even though they do? Even if they are the only ones, why do I feel so bad? What‚Äö√Ñ√¥s wrong?",3,feel so unloved even though they do,make wrong feel unloved even though even one feel bad what‚äö√ñ√¥s wrong,0.8229879340904442,False
2485,"I get worse whenever I see porn, since I chastise myself for not having the genetics to date and bang hot women",3,bang hot women,get worse whenever see porn since chastise genetics date bang hot woman,2.0386472956549015,True
2486,"I mean, it's fucking awful man, I remember I used to help people left an right, and now, I don't know, I make people cry for no good reason, I feel fucking awful, I know that I shouldn't be so mean to everyone, I know that they're only trying to help, but I only know it afterwards, I only understand afterwards that I was a huge asshole, but never in the moment, and I hate it",3,I know that I shouldn't be so mean to everyone,mean 's fucking awful man remember used help people left right n't know make people cry good reason feel fucking awful know n't mean everyone know 're trying help know afterwards understand afterwards huge asshole never moment hate,0.6943567141393662,False
2487,"More so a voice in my head that sounds very familiar to me father's that just tears me down from the inside out when I get down, and then I feel like that me being down all the time is gonna fuck up things with my fiance, she loves me and helps me a ton but I feel like I'm a burden on her and I don't like any of this",3,my fiance,voice head sound familiar father 's tear inside get feel like time gon na fuck thing fiance love help ton feel like 'm burden n't like,1.2845698054393093,False
2488,In highschool and college I find everyone just ignores me,3,everyone just ignores me,highschool college find everyone ignores,1.2121978548681436,False
2489,I am a very hard person to love,3,hard person to love,hard person love,0.36113691789553154,False
2490,One think i wont ever understand is my friends getting extremly sad when i mention that i want to kill myself,3,"friends, sad",one think wont ever understand friend getting extremly sad mention want kill,1.2880206755875383,False
2491,I sometimes have to look around to make sure no one heard me,3,no one heard me,sometimes look around make sure one heard,1.246924555298732,False
2492,"I‚Äö√Ñ√¥m frantic, I try too hard to be funny, etc",3,try too hard to be funny,i‚äö√ñ√¥m frantic try hard funny etc,0.3425305923797279,False
2493,"I love fictional girls though, but not in a romantic fashion",3,fictional girls,love fictional girl though romantic fashion,1.2636102463622743,False
2494,"I struggle to make real connections with people, I am so emotionally unavailable and have hurt so many people leading them on and being unable to commit to them",3,"hurt so many people, emotionally unavailable",struggle make real connection people emotionally unavailable hurt many people leading unable commit,1.3519883213177049,False
2495,I just feel so lonely and just downright defeated honestly,3,feel so lonely,feel lonely downright defeated honestly,0.42846952519400383,False
2496,"Instead of being sad about my problems I laugh them off and ignore them leaving them there, instead of being too open with my friends driving them away I now have serious problems not being able to express that I care about people",3,with my friends,instead sad problem laugh ignore leaving instead open friend driving away serious problem able express care people,1.0804835967765882,False
2497,It hurts and I am tired of being ignored,3,being ignored,hurt tired ignored,0.8652906253654611,False
2498,My friends all ignore and exclude me,3,exclude me,friend ignore exclude,0.5992400553822658,False
2499,"When you cant keep up the ""im fine"" charade and realize that you have nobody to turn to",3,have nobody to turn to,cant keep `` im fine '' charade realize nobody turn,1.2685912157262211,False
2500,I've fought the desire to end it completely so I no longer have to deal with the loneliness,3,loneliness,'ve fought desire end completely longer deal loneliness,1.2399127339423988,False
2501,It's a crippling loneliness,3,loneliness,'s crippling loneliness,1.182157057437344,False
2502,I‚Äö√Ñ√¥m always alone,3,alone,i‚äö√ñ√¥m always alone,0.051630473115116905,False
2503,I wish I wasn‚Äö√Ñ√¥t so hard to make friends with and I just wish I was different,3,hard to make friends,wish wasn‚äö√ñ√¥t hard make friend wish different,1.0415942319567548,False
2504,"i don't care if you have to deal with your sad thoughts and shit that sucks but you're an embarrassment to me and antisocial your friends seem to have more fun with each other than with you, you're antisocial i wouldn't wanna be your friend",3,"antisocial, embarrassment",n't care deal sad thought shit suck 're embarrassment antisocial friend seem fun 're antisocial would n't wan na friend,0.6402589258931395,False
2505,Now of course I'm not calling them liars I just find it to hard to believe,3,calling them liars,course 'm calling liar find hard believe,1.3453421613937597,False
2506,And it really sucks you know? I wish I could be vocal about my life and not be given blank looks from everyone and turn the mood sour with my negativity,3,blank looks from everyone,really suck know wish could vocal life given blank look everyone turn mood sour negativity,1.0027620752242452,False
2507,I need help but I‚Äö√Ñ√¥m so embarrassed to tell anyone I have depression and idk why,3,so embarrassed to tell anyone,need help i‚äö√ñ√¥m embarrassed tell anyone depression idk,0.9731854645930164,False
2508,"I have degrees but I have no confidence, I suffer from social anxiety and I have little work experience",3,social anxiety,degree confidence suffer social anxiety little work experience,1.3454099324927384,False
2509,"I rarely answer texts and if i'm invited to go out, i either don't respond or make up an excuse",3,rarely answer texts,rarely answer text 'm invited go either n't respond make excuse,2.433883164865423,True
2510,"my life is worth nothing, yesterday my roommate raped me and now i'm scared of him, me and my bf broke up, it's just time to end this, if i end it now i won't feel like i have anything that i might as well finish, i have set the time, 6:30 tonight",3,my bf broke up,life worth nothing yesterday roommate raped 'm scared bf broke 's time end end wo n't feel like anything might well finish set time 6:30 tonight,1.2854659673235707,False
2511,I‚Äö√Ñ√¥ve been isolated so long I‚Äö√Ñ√¥m beginning to actually despise people,3,been isolated,i‚äö√ñ√¥ve isolated long i‚äö√ñ√¥m beginning actually despise people,0.3775861963310607,False
2512,I used to loathe the idea of hating all other humans but this isolation is starting to get to me,3,hating all other humans,used loathe idea hating human isolation starting get,1.2655869022714228,False
2513,"I can't tell anyone about how I feel, my friends abandoned me and nobody gives a crap about my feelings",3,friends abandoned me,ca n't tell anyone feel friend abandoned nobody give crap feeling,1.3770226499478164,False
2514,"I would like to spend 2 weeks at home, not working or leaving the house and not interacting with anyone, without the sickness",3,not interacting with anyone,would like spend 2 week home working leaving house interacting anyone without sickness,0.8262100333787457,False
2515,I can't even talk to anyone anymore because everyone walks around with those goddamn airpods and it makes everyone so unapproachable,3,makes everyone so unapproachable,ca n't even talk anyone anymore everyone walk around goddamn airpods make everyone unapproachable,1.8099541885742623,False
2516,I started having brake-downs and even wetting the bed,4,started having brake-downs and even wetting the bed,started brake-downs even wetting bed,0.46902611776492475,False
2517,For some reason my insecurities have been super intense lately as I lay here these words keep repeating,4,my insecurities have been super intense lately,reason insecurity super intense lately lay word keep repeating,1.4761790623512843,False
2518,"No more suffering no more humiliation no more worrying about the future, too bad im such a coward i wanna die so bad",4,no more humiliation,suffering humiliation worrying future bad im coward wan na die bad,0.9338942569695975,False
2519,I feel so defeated and worthless and that I‚Äö√Ñ√¥ll never amount to anything and that I I‚Äö√Ñ√¥m inferior to everyone,4,feel so defeated,feel defeated worthless i‚äö√ñ√¥ll never amount anything i‚äö√ñ√¥m inferior everyone,0.23037853274620101,False
2520,I got biasd when I was 7 and I thought it could only get better now everyone either laughs at me and says I‚Äö√Ñ√¥m ugly and a disappointment even my parents say that,4,"got biasd, laughs at me",got biasd 7 thought could get better everyone either laugh say i‚äö√ñ√¥m ugly disappointment even parent say,0.910939188908577,False
2521,Today I got made fun of got called that I look like an ugly horse and a loner by my so called friends I hate school I hate being alive what‚Äö√Ñ√¥s even purpose just to fucking suffer idk how much longer I can hold out,4,got made fun of,today got made fun got called look like ugly horse loner called friend hate school hate alive what‚äö√ñ√¥s even purpose fucking suffer idk much longer hold,1.0796212913646432,False
2522,I also am a gymnast and seeing everyone around me be thin and look good in leotards makes me feel awful,4,feel awful,also gymnast seeing everyone around thin look good leotard make feel awful,0.6921856317734453,False
2523,I hate myself,4,"hate myself, hate myself, hate myself, hate myself, myself, hate myself",hate,0.10929075012539491,False
2524,"I would love nothing more than to feel or do anything other than artificial emotions and automated actions, but alas must take that pill or else it will all crumble, oh and that pill, and maybe these 3 too",4,artificial emotions,would love nothing feel anything artificial emotion automated action ala must take pill else crumble oh pill maybe 3,1.4050688656952326,False
2525,I just am completely miserable and lost,4,completely miserable and lost,completely miserable lost,0.46157568842595453,False
2526,"I don't have any patience to sit on a chair for 8 hours every day just listening to an annoying teacher and maybe some times going to the board to get made fun of when I can't do an exercise, I get really angry, anxious, and frustrated",4,"anxious, frustrated",n't patience sit chair 8 hour every day listening annoying teacher maybe time going board get made fun ca n't exercise get really angry anxious frustrated,1.4392687814636447,False
2527,"So I'm back to jobseeking once again, and experiencing incredible anxiety about telling my family about my failure, they've been really supportive of me ""taking life into my own hands"" and striving to do better with my education",4,incredible anxiety,'m back jobseeking experiencing incredible anxiety telling family failure 've really supportive `` taking life hand '' striving better education,1.3136467426631606,False
2528,"Probably my anxiety acting up, but also because I worry it'll only make me worse",4,my anxiety acting up,probably anxiety acting also worry 'll make worse,0.6670721843127555,False
2529,"I‚Äö√Ñ√¥m pretty anxious, so talking to people and selling things can be tough, though I‚Äö√Ñ√¥m pretty good at talking when I know what I‚Äö√Ñ√¥m talking about",4,pretty anxious,i‚äö√ñ√¥m pretty anxious talking people selling thing tough though i‚äö√ñ√¥m pretty good talking know i‚äö√ñ√¥m talking,0.4754365101648372,False
2530,I was thinking of going to my old therapist and showing her my diary with all of my suicidal thoughts with the intention of getting hospitalised but that comes across like attention seeking and that I don't really have a desire to die,4,attention seeking,thinking going old therapist showing diary suicidal thought intention getting hospitalised come across like attention seeking n't really desire die,1.6206858327416094,False
2531,"This year has been the same as far as I can remember, feeling sad, angry, sick, but overall, tired",4,"sad, angry, sick, but overall, tired",year far remember feeling sad angry sick overall tired,1.352336903012229,False
2532,"I'm so anxious right now, and I just want to go back to bed and shut down",4,anxious,'m anxious right want go back bed shut,1.1504002559632958,False
2533,"At first this was heartbreaking and I went through depression, however during that time I always thought that my emotions were not nearly as strong as a normal person's would be in this situation",4,heartbreaking,first heartbreaking went depression however time always thought emotion nearly strong normal person 's would situation,1.3331622908808023,False
2534,"Since then I have stoped being depressed but have also stopped feeling emotion towards my situation completely, both positive, negative and even neutral emotions, I just don't feel",4,just don't feel,since stoped depressed also stopped feeling emotion towards situation completely positive negative even neutral emotion n't feel,1.464657000427056,False
2535,So I am wondering if my lack of emotion is normal or not? Is there anything I can do about it because it feels very unnatural,4,lack of emotion,wondering lack emotion normal anything feel unnatural,0.9724789123126123,False
2536,"A movie or TV show might be really interesting every now and then, or a song might spark some emotional response, but then 5 minutes later I pick up a pen and everything I know about creativity goes down the drain",4,song might spark some emotional response,movie tv show might really interesting every song might spark emotional response 5 minute later pick pen everything know creativity go drain,1.9012855318725923,True
2537,I've also picked 2 new scabs into my face due to anxiety,4,anxiety,'ve also picked 2 new scab face due anxiety,0.636179592378169,False
2538,"It's a small dumb thing, but I hate that job, and it seems dumb as hell to get in trouble for that",4,hate that job,'s small dumb thing hate job seems dumb hell get trouble,0.7493817203926887,False
2539,People are constantly insulting me on the Internet,4,insulting me on the Internet,people constantly insulting internet,1.3303673031399441,False
2540,Im the biggest disappointment ever,4,disappointment,im biggest disappointment ever,1.480635431494077,False
2541,I just can‚Äö√Ñ√¥t Anymore and I‚Äö√Ñ√¥m tired of being an disappointment,4,disappointment,can‚äö√ñ√¥t anymore i‚äö√ñ√¥m tired disappointment,0.34684365076090834,False
2542,I always end up crying from frustration and wondering why I'm never good at anything,4,crying from frustration,always end cry frustration wondering 'm never good anything,0.9426464896467331,False
2543,I thought that this would numb my pain,4,pain,thought would numb pain,0.4818452632433239,False
2544,"All of this is just frustrating, ik the answer it's just a matter of applying myself",4,frustrating,frustrating ik answer 's matter applying,1.3252814061831317,False
2545,I never tell anyone anything because I feel so embarrassed and people might not believe me but I‚Äö√Ñ√¥ve hid all this for so long,4,feel so embarrassed,never tell anyone anything feel embarrassed people might believe i‚äö√ñ√¥ve hid long,0.6643799730609813,False
2546,I feel so sick and exhausted,4,"feel so sick, exhausted",feel sick exhausted,0.6016662078148461,False
2547,I‚Äö√Ñ√¥ve been trying to be a happy medium for weeks and it‚Äö√Ñ√¥s all turned to shit,4,shit,i‚äö√ñ√¥ve trying happy medium week it‚äö√ñ√¥s turned shit,0.576899074437861,False
2548,"So like many of us, I've suffered from anxiety and depression for my entire adult life",4,anxiety and depression,like many u 've suffered anxiety depression entire adult life,1.781943708965668,False
2549,"I don't know why but I swell with anxiety everytime I think of the future, I feel cold and alone, I really just want it to end and I just can't see any alternative",4,anxiety,n't know swell anxiety everytime think future feel cold alone really want end ca n't see alternative,1.1212538314413139,False
2550,I don't have something that should worries me right this moment but I just have anxiety attacks all the time and it's all chaotic inside my head,4,anxiety,n't something worry right moment anxiety attack time 's chaotic inside head,0.92335642907622,False
2551,"I have both depression and anxiety so it may be more of an anxiety thing, it's hard for me to tell",4,anxiety,depression anxiety may anxiety thing 's hard tell,0.3255937730716836,False
2552,"A few months back I found I have anxiety and severe depression, still trying to find the right combo of meds and the right doctor",4,anxiety,month back found anxiety severe depression still trying find right combo med right doctor,0.5444228484899534,False
2553,My psychologist also believes I have borderline personality disorder,4,borderline personality disorder,psychologist also belief borderline personality disorder,1.1439428473168145,False
2554,"My severe anxiety over work, relationships, friendships, and money",4,severe anxiety,severe anxiety work relationship friendship money,1.0359542499230505,False
2555,"Effects: A looot of anger, I get so irritated easily and prone to anger outbursts",4,anger,effect looot anger get irritated easily prone anger outburst,1.4864154795266986,False
2556,"I am so exhausted guys, i'm so tired of trying to be strong, happy and stable",4,exhausted,exhausted guy 'm tired trying strong happy stable,1.0764714863989508,False
2557,"I feel like my brother and sister would be too emotionally damaged or traumatised if I did it, and I don't want to cause any more pain to anyone anymore",4,emotionally damaged,feel like brother sister would emotionally damaged traumatised n't want cause pain anyone anymore,0.7858441782150741,False
2558,I'll stay miserable as always,4,miserable,'ll stay miserable always,0.6458747822794202,False
2559,Curious as to this? I get in a bitter angry mood and come here,4,bitter angry mood,curious get bitter angry mood come,1.340197879153394,False
2560,"I‚Äö√Ñ√¥m scared and mad, I think I‚Äö√Ñ√¥m just gunna get drunk off my ass",4,"mad, scared",i‚äö√ñ√¥m scared mad think i‚äö√ñ√¥m gunna get drunk as,0.7999114758485566,False
2561,"And that no matter what, I'll never be truly happy, I'll only be like a stupid robot, doing and saying stuff just to make ppl feel better",4,be like a stupid robot,matter 'll never truly happy 'll like stupid robot saying stuff make ppl feel better,0.7101009647914094,False
2562,I have anger and emotional problems and I'm not sure what's wrong with me,4,"anger, emotional problems",anger emotional problem 'm sure 's wrong,0.8339019767229854,False
2563,I don't feel depressed except when I have long thoughts but I know when your depressed you sometimes don't feel anything,4,don't feel anything,n't feel depressed except long thought know depressed sometimes n't feel anything,0.28602040019343544,False
2564,"I'm so miserable, I have fallen into deep dark severe depression of emotionless days that plagued me since 22",4,emotionless days,'m miserable fallen deep dark severe depression emotionless day plagued since 22,1.8812044610781056,True
2565,"My whole life she has talked about how my dad was always so bad because he was bipolar and didn‚Äö√Ñ√¥t take his medication so I always associated bipolar disorder to raging, abusive behavior and I‚Äö√Ñ√¥m not like that at all",4,"abusive behavior, raging",whole life talked dad always bad bipolar didn‚äö√ñ√¥t take medication always associated bipolar disorder raging abusive behavior i‚äö√ñ√¥m like,1.0620170062520387,False
2566,"I'd made jokes about needing time to remember how to speak after so much tension with family, and think he may have gotten the wrong impression",4,so much tension,'d made joke needing time remember speak much tension family think may gotten wrong impression,1.5533396558485149,False
2567,I‚Äö√Ñ√¥ve struggled with depression and anxiety for a very long time and it felt like things weren‚Äö√Ñ√¥t going to get any better,4,anxiety,i‚äö√ñ√¥ve struggled depression anxiety long time felt like thing weren‚äö√ñ√¥t going get better,0.9216610259549316,False
2568,I just want to make life a little less pathetic than what it is now,4,less pathetic,want make life little le pathetic,0.8434787413265972,False
2569,On Friday I was cleaning at work and I was getting really frustrated because I was extremely tired,4,"frustrated, extremely tired",friday cleaning work getting really frustrated extremely tired,1.18635363898623,False
2570,Then I came home very angry and had a really bad outburst at my boyfriend,4,angry,came home angry really bad outburst boyfriend,0.6385567579759029,False
2571,"I was at a point where I was depressed, anxious, and desperate",4,anxious,point depressed anxious desperate,1.9408022236741622,True
2572,The title says it all my anxiety stopped me from going down a small waterslide and yet I have the drive and courage to kill myself there must really be something fucking wrong with me,4,anxiety,title say anxiety stopped going small waterslide yet drive courage kill must really something fucking wrong,1.3405242648471438,False
2573,im so sick of feeling like shit constantly and I can‚Äö√Ñ√¥t handle it anymore,4,feeling like shit,im sick feeling like shit constantly can‚äö√ñ√¥t handle anymore,0.4134783270635164,False
2574,I‚Äö√Ñ√¥m just so tired of feeling this way,4,tired of feeling,i‚äö√ñ√¥m tired feeling way,0.20990075559271895,False
2575,"So, I'm new to Reddit and mostly for the sole purpose of being a bit social and talk about my depression and anxiety issues",4,anxiety issues,'m new reddit mostly sole purpose bit social talk depression anxiety issue,1.2141996576722567,False
2576,"It's been a rollercoaster of emotions since then, and all I could do to keep me sane was studying and working",4,rollercoaster of emotions,'s rollercoaster emotion since could keep sane studying working,1.145583109824871,False
2577,once i confessed to her and i got rejected,4,got rejected,confessed got rejected,0.7245422308542129,False
2578,"I already had major difficulties showing interest in people, and after being rejected like this I don't know if I will ever be able to",4,rejected,already major difficulty showing interest people rejected like n't know ever able,2.5051367577995864,True
2579,"Thinking of you only causes me grief, just like everything else",4,grief,thinking cause grief like everything else,0.5909569864299961,False
2580,I was angry and anxious all the time and I put her through so much,4,angry,angry anxious time put much,0.6169015129552512,False
2581,I have depression but I never told her because I don't want her to feel it was her fault or that she made me feel like a complete failure,4,she made me feel complete failure,depression never told n't want feel fault made feel like complete failure,0.49447064934932355,False
2582,I am so emotionally freezing,4,emotionally freezing,emotionally freezing,0.7202931869935709,False
2583,"every girl I've tried to get with has just used me and manipulated me to make themselves feel good, then threw me aside",4,manipulated me,every girl 've tried get used manipulated make feel good threw aside,0.4436564624579642,False
2584,My sisters are having friends over and they are just going to make fun of me for being by myself in my room playing video games,4,make fun of me for being by myself,sister friend going make fun room playing video game,1.3601513884689105,False
2585,He will never understand how much he hurts me with his words,4,he hurts me with his words,never understand much hurt word,0.866424760561653,False
2586,"I was psychologically abused quite severely by my parent when growing up since I was born, and it has taken such a toll on me mentally, that I'm basically just an anxious, miserable wreck",4,psychologically abused,psychologically abused quite severely parent growing since born taken toll mentally 'm basically anxious miserable wreck,1.7564364437177304,False
2587,I could hear the disappointment and anger in my father's voice,4,anger,could hear disappointment anger father 's voice,1.10436076968654,False
2588,I can identify that I am failing I am so pathetic all of my friends are just friends with me out of pity I can trust no one,4,with me out of pity,identify failing pathetic friend friend pity trust one,1.0387362721293338,False
2589,"Thoughts of suicide and all of my past failures and embarrassing moments no matter how small, are all huge and I feel as if everyone Either hates me, takes advantage of me for what little intelligence is left, or is just friends with me out of pity or to bully me and belittle me",4,"to bully, belittle me",thought suicide past failure embarrassing moment matter small huge feel everyone either hate take advantage little intelligence left friend pity bully belittle,0.8634800180977431,False
2590,"As I look in the sky up at the full moon at the arrival of the new year, all that I have in me is pain, anger, hate, and suffering that this year has brought me",4,"anger, hate, and suffering",look sky full moon arrival new year pain anger hate suffering year brought,0.8954601697943253,False
2591,"Everyone seems to hate me though, which leads to me hating myself even more",4,"hate me, hating myself",everyone seems hate though lead hating even,1.2262653715209282,False
2592,"That's why even though he is physically strong, he is emotionally damaged",4,emotionally damaged,'s even though physically strong emotionally damaged,1.4374208910022652,False
2593,"Constant fights over nothing, their psychotic breakdowns, how the always take their anger out on me, belittle me over innocent things, fight me to the point that I have to stay in hospital for 2 weeks, and always make me feel pathetic",4,"anger out on me, belittle me, pathetic",constant fight nothing psychotic breakdown always take anger belittle innocent thing fight point stay hospital 2 week always make feel pathetic,0.9668634085525907,False
2594,"But people don't want to be around the sad girl, it's draining or depressing",4,sad,people n't want around sad girl 's draining depressing,1.2797556912135684,False
2595,I feel like these people hate me more than I hate my self,4,"people hate me more, hate my self",feel like people hate hate self,0.1518572496303655,False
2596,I haven't cried about it and I dont plan on it but im just extremely sad,4,extremely sad,n't cried dont plan im extremely sad,1.1394644299921617,False
2597,It was agonizing for me,4,agonizing,agonizing,0.005983329560710359,False
2598,I want to hug somebody I'm so sad,4,so sad,want hug somebody 'm sad,1.3780617242332045,False
2599,I'll update y'all with my resolution progress if that isn't too annoying,4,annoying,'ll update y'all resolution progress n't annoying,0.36940664735109663,False
2600,"No matter what I do on the internet to distract me, there will always be something that triggers my sad thoughts",4,triggers my sad thoughts,matter internet distract always something trigger sad thought,1.9216782156167473,True
2601,"Im just gonna stay single, and sad",4,sad,im gon na stay single sad,0.7470517142894909,False
2602,"Cruelty can be administered through rejecting someone, but by ignoring them you take away their worth",4,"rejecting someone, by ignoring",cruelty administered rejecting someone ignoring take away worth,0.7642621579594406,False
2603,Those who have been unfortunately mentally wired wrong and those who have experienced some awful trauma or emotional pain,4,experienced some awful trauma or emotional pain,unfortunately mentally wired wrong experienced awful trauma emotional pain,1.1098131230141808,False
2604,"i'm not happy, sad, angry, in fact i am calm just calm and respectful of my environment but i feel so ''numb'' and disconnected",4,"not happy, sad, angry, disconnected",'m happy sad angry fact calm calm respectful environment feel `` numb '' disconnected,2.1073064253936344,True
2605,He always believes that there's no light at the end of the tunnel and that he'll never be happy no matter what he does,4,never be happy,always belief 's light end tunnel 'll never happy matter,0.9940993344028429,False
2606,"A sincere cry for help makes you an ""Attention Whore"" apparently",4,cry for help,sincere cry help make `` attention whore '' apparently,0.7537176108121447,False
2607,lol I used to struggle HEAVILY with severe anxiety and my parents would belittle it until I was having anxiety attacks and even then they said that therapists were for crazy people (my parents are very traditional and care about what others could say about you),4,anxiety,lol used struggle heavily severe anxiety parent would belittle anxiety attack even said therapist crazy people parent traditional care others could say,1.08532639515414,False
2608,That I'm unhappy with everything,4,unhappy with everything,'m unhappy everything,0.005983329560710359,False
2609,"I have no one to vent or turn to and whenever I want something it always slips out my hands, I can't find love nor happiness and my life has been on a downspiral",4,can't find love nor happiness and my life has been on a downspiral,one vent turn whenever want something always slip hand ca n't find love happiness life downspiral,1.1637242070790796,False
2610,"And when it all came down to it, all my answers were either things that give me validation (love or praise) or things that are fun but don‚Äö√Ñ√¥t truly make me happy (talking to friends) or things that just give me comfort (staying in bed / no responsibilities)",4,"give me validation, or things",came answer either thing give validation love praise thing fun don‚äö√ñ√¥t truly make happy talking friend thing give comfort staying bed responsibility,0.9854438827399439,False
2611,But after a break down this fall i have been convinced i need to try it again so i will,4,break down,break fall convinced need try,0.7444181702660402,False
2612,Just super emotional but also numb inside,4,Just super emotional but also numb inside,super emotional also numb inside,1.0678189596468177,False
2613,"I've had enough with life and I can't get to fucking sleep, I'm just lying here crying and nobody even gives a fuck about me on a daily basis",4,crying,'ve enough life ca n't get fucking sleep 'm lying cry nobody even give fuck daily basis,1.1434865515758137,False
2614,"Sometimes, there will be a situation that she is not looking forward to (for example, she is getting her wisdom teeth out tomorrow), and she gets incredibly down and grumpy about the situation",4,grumpy,sometimes situation looking forward example getting wisdom teeth tomorrow get incredibly grumpy situation,1.6707779639418532,False
2615,I have a feeling these past months thinking my dad will die soon,4,feeling these past months thinking my dad will die soon,feeling past month thinking dad die soon,0.5603003805748766,False
2616,"I'm a 15 year old kid, I've been putting up with lots of verbal and emotional abuse from my parents, just got screamed at again",4,emotional abuse from my parents,'m 15 year old kid 've putting lot verbal emotional abuse parent got screamed,1.2126607925784907,False
2617,"So I'm kind of by myself venting because nobody really cares, I spend most of everyday just talking to myself",4,venting because nobody really cares,'m kind venting nobody really care spend everyday talking,0.7301308786294176,False
2618,"She said it was an out of mind, out of sight sort of thing and she doesn't really need to tell me every single thing, that she thought I figured it out, but eventually she apologized and said that it was disrespectful of her to suddenly revert to her usual ways when she knows I'm used to the contrary",4,disrespectful,said mind sight sort thing n't really need tell every single thing thought figured eventually apologized said disrespectful suddenly revert usual way know 'm used contrary,0.9118794103194185,False
2619,"Worst of all, I fell like I seriously disrespected the people I avoided and missed a once in a lifetime chance to know them better",4,disrespected,worst fell like seriously disrespected people avoided missed lifetime chance know better,1.4427537141826456,False
2620,"For the last few years I've ben hopping in and out of depression, but recently I have stopped caring about myself, I just want to make the people around me happy so that they don't end up the same way as me",4,people around me happy,last year 've ben hopping depression recently stopped caring want make people around happy n't end way,0.7750132564201565,False
2621,"I want to fucking fall off a high rise, I wake up and struggle to find a reason to get out of bed, I get on the bus, I cry under my arms, I get to class, I hold in my tears and put on a smile to talk to my friends, I cry in between classes, I go home, I cry, I go to bed, I cry, I'm sad as someone would be if their whole family died all the time, AND NOTHING IS CAUSING IT IM JUST FUCKING SAD",4,"SAD, cry",want fucking fall high rise wake struggle find reason get bed get bus cry arm get class hold tear put smile talk friend cry class go home cry go bed cry 'm sad someone would whole family died time nothing causing im fucking sad,0.8365715512225791,False
2622,"As I lay in med bed crying my eyes out because of this horrible depression, I, as always, try to call on my dog for comfot",4,crying my eyes,lay med bed cry eye horrible depression always try call dog comfot,1.576800741085898,False
2623,"Then when I am alone, I get these intense feeling of anger over miniscule and insignificant things",4,get these intense feeling of anger over miniscule and insignificant things,alone get intense feeling anger miniscule insignificant thing,1.0908484898871067,False
2624,"Their avoidance can hurt and damage, and their ridicule can cut and bruise",4,Their avoidance can hurt and damage,avoidance hurt damage ridicule cut bruise,0.4896790825400802,False
2625,"I can't be the only one putting myself down all the time? It's like when there is a brightening in the air, I find something wrong mostly with my body and I get frustrated, angry and sad at the same time",4,"frustrated, angry, sad",ca n't one putting time 's like brightening air find something wrong mostly body get frustrated angry sad time,1.1780455037603181,False
2626,"I'm having trouble falling asleep, remembering every single sad moment of my life",4,remembering every single sad moment of my life,'m trouble falling asleep remembering every single sad moment life,1.4053777600127666,False
2627,"Whenever I feel down, i grab the bottle",4,Whenever I feel down,whenever feel grab bottle,1.2194569395747432,False
2628,"Or because of guilt, your own and what others put on you",4,because of guilt,guilt others put,1.0426010282239704,False
2629,"I'm always there for people who want to talk to me when they're sad, as I've done this many times in the past, but there is no a single who I can turn to when I'm sad",4,I'm sad,'m always people want talk 're sad 've done many time past single turn 'm sad,0.4737324330908208,False
2630,At first it was just arguments over random things we disagreed on and slowly the crying episodes came on,4,crying,first argument random thing disagreed slowly cry episode came,1.843508449607937,False
2631,"If i ask to get tested, like i said they'll laugh at me",4,like i said they'll laugh at me,ask get tested like said 'll laugh,1.7608410875223326,False
2632,I bury all my emotions inside of me and its so hard to keep them contained,4,bury all my emotions,bury emotion inside hard keep contained,0.8090143426629969,False
2633,"When he told me, I got nauseous, I saw his look of sadness",4,"got nauseous, I saw his look of sadness",told got nauseous saw look sadness,1.1945276715574793,False
2634,I'm just feeling betrayed and hurt by someone I have always been there for and I just don't want to go through this again and again,4,feeling betrayed,'m feeling betrayed hurt someone always n't want go,0.21010271950606896,False
2635,i barely feel anything anymore,4,barely feel anything,barely feel anything anymore,0.4299481615497922,False
2636,Everything is just awful,4,awful,everything awful,1.0884086866323508,False
2637,So basically for a while ive been unable to feel emotions,4,unable to feel emotions,basically ive unable feel emotion,1.0089384499710319,False
2638,All this has been affecting me emotionally and physically,4,affecting me emotionally,affecting emotionally physically,1.4261956928932,False
2639,Everything I've had in life has slowly been ruined by anxiety,4,ruined by anxiety,everything 've life slowly ruined anxiety,1.4457065142603425,False
2640,It hurts being rejected,4,hurts being rejected,hurt rejected,0.6806885402706673,False
2641,Is this depression or am I just a weak coward cause I'm not too sure,4,weak coward,depression weak coward cause 'm sure,1.2621868847895954,False
2642,All people see when they look at me is a lazy failure,4,lazy failure,people see look lazy failure,0.6550429162978216,False
2643,"Since my middle school I've developed a ,,mask'' to hide my feelings",4,hide my feelings,"since middle school 've developed ,mask '' hide feeling",1.5359965485540898,False
2644,"I can just say ""oh we're going to feel like complete shit for a while, then it will be gone",4,complete shit,say `` oh 're going feel like complete shit gone,0.8937992386415775,False
2645,I just don‚Äö√Ñ√¥t know why I don‚Äö√Ñ√¥t commit suicide and die Life is full of pain and misery I have done nothing wrong and I have tried so hard but i just cannot find the happiness that I deserve My Lord I ask you for nothing but my happiness,4,cannot find the happiness,don‚äö√ñ√¥t know don‚äö√ñ√¥t commit suicide die life full pain misery done nothing wrong tried hard find happiness deserve lord ask nothing happiness,1.0169969307154068,False
2646,"Will I ever find the ""one"" for me? This spiral of emotions I deal with on a daily basis has me emotionally numb if that makes any sense",4,emotionally numb,ever find `` one '' spiral emotion deal daily basis emotionally numb make sense,1.727558449687617,False
2647,"No emotional pain, no excitement or happiness",4,"No emotional pain, no excitement or happiness",emotional pain excitement happiness,0.8134282700458708,False
2648,Everything in the world just feels so heavy,4,feels so heavy,everything world feel heavy,1.0930557014913311,False
2649,"Everything I do feels worthless and even though I try my hardest to make it all better, to distract myself, but I never feel better",4,feels worthless,everything feel worthless even though try hardest make better distract never feel better,0.3157762912136002,False
2650,"So many people have it so much worse than I do and it makes me feel like my emotions are invalid, and that if I were to actually acknowledge them to someone else it would seem like I'm being dramatic and attention-seeking",4,emotions are invalid,many people much worse make feel like emotion invalid actually acknowledge someone else would seem like 'm dramatic attention-seeking,0.8533783548037479,False
2651,I've been emotionally unstable since last night and have been unstable all day,4,emotionally unstable,'ve emotionally unstable since last night unstable day,0.46255674971026595,False
2652,It's like a part of my inhibitions goes and my brain is too focused on task at hand to torment me with my usual existential and emotional angst,4,emotional angst,'s like part inhibition go brain focused task hand torment usual existential emotional angst,1.575157234204372,False
2653,"If god is real, he hates me",4,hates me,god real hate,0.7555384362091326,False
2654,"I've always felt like emotions are hard for me, I always smile but thats just to make other people feel at ease around me",4,emotions are hard,'ve always felt like emotion hard always smile thats make people feel ease around,1.449392806200309,False
2655,"At my worst, I feel like I want to fight or insult others, which is obviously not the way to go",4,insult others,worst feel like want fight insult others obviously way go,0.7972896598555649,False
2656,I woke up early this morning in order to do research and perform a workout but ended up breaking down and crying instead,4,breaking down,woke early morning order research perform workout ended breaking cry instead,2.4492414458961305,True
2657,"I fcking hate myself for being so fcking useless, fcking ugly and a fcking pussy",4,hate myself for being so fcking useless,fcking hate fcking useless fcking ugly fcking pussy,2.529714150757391,True
2658,"‚Äö√∫√ñ Why should I let others hate me, when I can do it best myself? :)",4,others hate me,‚äö√∫√ñ let others hate best,0.37885690187571774,False
2659,"I want to be alone, I actually want to die right now this is unbearable, nothing happened, and nothing incredibly bad is happening to me but I'm just so fucking sad and bored and lonely and terrified",4,and nothing incredibly bad is happening to me but I'm just so fucking sad and bored and lonely and terrified,want alone actually want die right unbearable nothing happened nothing incredibly bad happening 'm fucking sad bored lonely terrified,1.5541715343212594,False
2660,I just want to be happy,4,want to be happy,want happy,0.31625523677984063,False
2661,"I tried to cry today, I can't even remember the last time I did",4,tried to cry today,tried cry today ca n't even remember last time,0.4836220289791924,False
2662,Why do I have to sabotage my own mind and feelings?,4,have to sabotage my own mind and feelings,sabotage mind feeling,0.5747761459143695,False
2663,"I honestly believed that I deserved all those horrible feelings and lack of happiness, but I have a better self-esteem now and I want to feel better",4,deserved all those horrible feelings and lack of happiness,honestly believed deserved horrible feeling lack happiness better self-esteem want feel better,0.6966916660161808,False
2664,"I sometimes randomly feel really depressed and sad for a few days, which seems too short to qualify as a full blown episode",4,sometimes randomly feel really depressed and sad for a few days,sometimes randomly feel really depressed sad day seems short qualify full blown episode,0.7574041983875425,False
2665,I can cry in fucking peace,4,cry,cry fucking peace,0.933701469188132,False
2666,"I didn't understand the emotions that I was releasing at the time, and I find it cathartically spooky to listen to [this](https://instaud",4,emotions,n't understand emotion releasing time find cathartically spooky listen http //instaud,0.6645691437523006,False
2667,Can there be happiness in despair? Because I think I felt it and I want to kill off any hope that's left for me,4,Can there be happiness in despair,happiness despair think felt want kill hope 's left,1.3370084457238782,False
2668,"All the emotions i can feel are profound sadness, anger, or complete apathy",4,"the emotions i can feel are profound sadness, anger, or complete apathy",emotion feel profound sadness anger complete apathy,0.772573295919141,False
2669,A feeling of sadness even though I have nothing to be sad about besides normal stresses,4,nothing to be sad,feeling sadness even though nothing sad besides normal stress,0.7394904957049955,False
2670,I need to die so I can maybe be happy,4,need to die so I can maybe be happy,need die maybe happy,0.41945013463894815,False
2671,I deleted all social media from my phone but I always catch myself trying to check my instagram etc I know this doesnt make me happy cause i never see messages I literally have set dates when i can check back into the accounts what are some tips? This is prob a weird question but yea,4,now this doesnt make me happy cause i never see messages,deleted social medium phone always catch trying check instagram etc know doesnt make happy cause never see message literally set date check back account tip prob weird question yea,1.78945055906173,False
2672,My mind is cluttered with great amount of sadness and anxiety and when I lie down I just cant make it quiet so I stay up until morning,4,My mind is cluttered with great amount of sadness and anxiety and when I lie down,mind cluttered great amount sadness anxiety lie cant make quiet stay morning,1.3243615364451382,False
2673,"It‚Äö√Ñ√¥s like if I‚Äö√Ñ√¥m enjoying myself heaps, like laughing with friends or watching cute animals, and realise that I‚Äö√Ñ√¥m having fun, and that thought triggers myself to say to myself that I will never be happy and this is a fleeting moment, and that thought itself acts as ‚Äö√Ñ√≤evidence that I‚Äö√Ñ√¥m depressed‚Äö√Ñ√¥ which goes back into the cycle of negativity which de-purifies whatever enjoyment I‚Äö√Ñ√¥m feeling",4,will never be happy,it‚äö√ñ√¥s like i‚äö√ñ√¥m enjoying heap like laughing friend watching cute animal realise i‚äö√ñ√¥m fun thought trigger say never happy fleeting moment thought act ‚äö√ñ√≤evidence i‚äö√ñ√¥m depressed‚äö√ñ√¥ go back cycle negativity de-purifies whatever enjoyment i‚äö√ñ√¥m feeling,1.308127564275928,False
2674,"it's 12am, im hungry but too scared to eat, full of self hate and want to cry but can't",4,cry,'s 12am im hungry scared eat full self hate want cry ca n't,0.4194242431622099,False
2675,Even if I should be feeling proud of myself and all it just feels weird to feel happy,4,should be feeling proud of myself and all it just feels weird to feel happy,even feeling proud feel weird feel happy,0.7994300798265402,False
2676,I feel lazy and sad and like I'm not a nice person to be around,4,"sad, not a nice person to be around",feel lazy sad like 'm nice person around,0.7379762461849193,False
2677,"For me, depression has always been this suffocating apathy, and ""feeling"" isn't an option",4,suffocating apathy,depression always suffocating apathy `` feeling '' n't option,1.9708963214913993,True
2678,"Years pass by, emotions and seasons change, sometimes life, is mystical in its ways I miss the joy of the mornings, now every sunrise brings more pain",4,emotions and seasons change,year pas emotion season change sometimes life mystical way miss joy morning every sunrise brings pain,1.2391056684138064,False
2679,"I feel cold when I look at people, and I feel nothing towards the things that used to bring me such joy",4,bring me such joy,feel cold look people feel nothing towards thing used bring joy,1.2295592475386903,False
2680,"My ""happy"" emotions are mainly nostalgia and excitement",4,"My ""happy"" emotions are mainly nostalgia",`` happy '' emotion mainly nostalgia excitement,1.4549797201807715,False
2681,"I went through some emotional shit before, I have fucked up before, but I won't act like this crap defines me or my worth as a human",4,went through some emotional shit before,went emotional shit fucked wo n't act like crap defines worth human,1.3024609574624824,False
2682,"So I've been seeing a therapist for a couple of months now, and besides all the other upsides of therapy, I think my favorite and also most frustrating part is that my therapist confirmed that I am incredibly self-aware",4,frustrating,'ve seeing therapist couple month besides upside therapy think favorite also frustrating part therapist confirmed incredibly self-aware,0.9249655039420258,False
2683,Because I already know why my thoughts are irrational,4,irrational,already know thought irrational,0.2540104896400516,False
2684,And that's so frustrating,4,frustrating,'s frustrating,0.005983329560710359,False
2685,My therapist part of the problem is that I overthink and keep having these expectations for myself,4,expectations,therapist part problem overthink keep expectation,0.6589714170386533,False
2686,Ive been struggling with depression for the last 2 years and i dont want to keep living but i dont want to die i feel very alone and sad every day and it feels like theres only one way out,4,sad every day,ive struggling depression last 2 year dont want keep living dont want die feel alone sad every day feel like there one way,0.46674833301755986,False
2687,This is my cry for help,4,cry for help,cry help,0.298061178371976,False
2688,"Oh well another day that I can't wait till it's over"" I feel empty emotionless and sad I have been feeling like this for years(4 years)",4,feel empty emotionless and sad,oh well another day ca n't wait till 's '' feel empty emotionless sad feeling like year 4 year,1.7096225570064485,False
2689,Ironically you cry yourself to sleep wishing someone would help you through the pain but it's never gonna be like that,4,cry yourself,ironically cry sleep wishing someone would help pain 's never gon na like,0.5946763681481574,False
2690,I just want to stop feeling guilty and I don't know how to do that except kill myself,4,want to stop feeling guilty,want stop feeling guilty n't know except kill,0.8689799238043444,False
2691,I don't remember being scared or sad or numb or even considering something stupid like this,4,sad,n't remember scared sad numb even considering something stupid like,0.5772864397539739,False
2692,I have been wanting to cry for a month but I just couldn't? I am so tired,4,wanting to cry,wanting cry month could n't tired,0.5486103826016296,False
2693,I cry in the shower sometimes so no one would ever hear me,4,cry,cry shower sometimes one would ever hear,1.8532944412501033,False
2694,"I don't know what the hell makes me being sad, I just can't really be happy right now",4,sad,n't know hell make sad ca n't really happy right,0.4071642305665815,False
2695,"I wanna cry, I feel like a piece of shit, I can't do things, I feel sad, I wanna die",4,cry,wan na cry feel like piece shit ca n't thing feel sad wan na die,0.7550407912435613,False
2696,I really can't see any pro in this life I am tired of crying and wheeping and whining over and over i am tired of my family my health everything about me i wish i wasnt born,4,tired of crying,really ca n't see pro life tired cry wheeping whining tired family health everything wish wasnt born,0.4431855058284091,False
2697,"*Posting on behalf of friend* Basically I'm perpetually sad, but for no apparent reason (I work a lot at 17, but that seems normal) I think suicide is a valid option, as I would be at peace, but I do not want to commit suicide due to friends and family feeling bad",4,perpetually sad,posting behalf friend basically 'm perpetually sad apparent reason work lot 17 seems normal think suicide valid option would peace want commit suicide due friend family feeling bad,1.481508105210176,False
2698,I get stressed anxious and sad at the same time,4,sad,get stressed anxious sad time,0.8833016225965006,False
2699,Honestly its just gotten really sad,4,sad,honestly gotten really sad,0.6892142788855526,False
2700,For all this pain and never ending sadness to just be over with,4,sadness,pain never ending sadness,0.9000740306697859,False
2701,I don‚Äö√Ñ√¥t really know how I got from point a to b but i did and i feel so awful and suicide becomes a realistic feeling and temptation,4,feel so awful,don‚äö√ñ√¥t really know got point b feel awful suicide becomes realistic feeling temptation,0.49573444072478584,False
2702,"no matter what happens or what i do, i always end up crying begging for my life to end desperately in the middle of the night",4,end up crying,matter happens always end cry begging life end desperately middle night,1.7404025376186791,False
2703,I‚Äö√Ñ√¥ve learned that life is fucking sad sometimes,4,sad,i‚äö√ñ√¥ve learned life fucking sad sometimes,0.24792550397512123,False
2704,"I understand that pain makes you stronger but at this point I‚Äö√Ñ√¥m just numb, and I‚Äö√Ñ√¥m not learning from these setbacks",4,just numb,understand pain make stronger point i‚äö√ñ√¥m numb i‚äö√ñ√¥m learning setback,0.8126046039843903,False
2705,"I also just want someone to hug the entire night platonically, but have no one to do so with, and I feel numb when it comes to sadness, like I can't cry or anything or if I do, its just a few tears and I have no clue why",4,feel numb,also want someone hug entire night platonically one feel numb come sadness like ca n't cry anything tear clue,1.0058201679458876,False
2706,"I feel so stupid for feeling like this, I‚Äö√Ñ√¥m lucky enough to (it appears so far) gotten past the darkness that defined my teens and early adulthood, and I have this sick lust to feel it again? It also come with this constant creeping fear that this ‚Äö√Ñ√≤ok‚Äö√Ñ√¥ness I‚Äö√Ñ√¥m feeling now is a facade, that soon something will happen and I will fall back into my old state instantly",4,feel so stupid,feel stupid feeling like i‚äö√ñ√¥m lucky enough appears far gotten past darkness defined teen early adulthood sick lust feel also come constant creeping fear ‚äö√ñ√≤ok‚äö√ñ√¥ness i‚äö√ñ√¥m feeling facade soon something happen fall back old state instantly,1.3866143618298008,False
2707,"I can‚Äö√Ñ√¥t talk to anyone I know about it because I‚Äö√Ñ√¥m pretty sure I‚Äö√Ñ√¥m gonna sound insane, so I guess I‚Äö√Ñ√¥m asking you guys",4,sound insane,can‚äö√ñ√¥t talk anyone know i‚äö√ñ√¥m pretty sure i‚äö√ñ√¥m gon na sound insane guess i‚äö√ñ√¥m asking guy,1.2057077636042937,False
2708,I wouldn't stay in bed and cry all day about how much I just want to disappear,4,cry all day,would n't stay bed cry day much want disappear,1.6524073450860413,False
2709,"I‚Äö√Ñ√¥m not sure if I‚Äö√Ñ√¥m subconsciously looking for help, or just attention",4,just attention,i‚äö√ñ√¥m sure i‚äö√ñ√¥m subconsciously looking help attention,0.6439977762949968,False
2710,I would delete it along with my search history as I would hate for someone to view it and be concerned,4,hate for someone,would delete along search history would hate someone view concerned,1.0210566347423449,False
2711,I feel sad for myself when I see a couple walking holding hands or kissing,4,feel sad for myself,feel sad see couple walking holding hand kissing,1.6841261411787165,False
2712,It almost hurts,4,almost hurts,almost hurt,0.2660967953665095,False
2713,It doesnt help that it feels like everyone god damn hates me,4,feels like everyone god damn hates me,doesnt help feel like everyone god damn hate,1.585825611114516,False
2714,"What kind of feedback (or perhaps lack of) are best when someone is self deprecating? To disagree, to give alternatives, to change subjects? I don't hope to invalidate a feeling or pretend like it isn't significant or impactful",4,don't hope to invalidate a feeling or pretend like it isn't significant or impactful,kind feedback perhaps lack best someone self deprecating disagree give alternative change subject n't hope invalidate feeling pretend like n't significant impactful,1.458973618608894,False
2715,"But the last thing I want to do is talk to a stranger about my feelings or not wanting to go on, feeling hopeless, and just fed up",4,feeling hopeless,last thing want talk stranger feeling wanting go feeling hopeless fed,0.46061402587208317,False
2716,"It's been anout 5 days since this sadness hit me, and all I've wanted to do is sleep",4,sadness hit me,'s anout 5 day since sadness hit 've wanted sleep,0.6846409697941978,False
2717,"I feel so low, I feel like I am never good enough and hopeless at everything",4,feel so low,feel low feel like never good enough hopeless everything,0.5245961423033337,False
2718,I have so much thoughts built up Inside me but there‚Äö√Ñ√¥s no one I can trust who won‚Äö√Ñ√¥t judge or complain about what I have to say and every time I hold this stuff in I end up having a big breakdown but if I tell someone I usually regret it,4,having a big breakdown,much thought built inside there‚äö√ñ√¥s one trust won‚äö√ñ√¥t judge complain say every time hold stuff end big breakdown tell someone usually regret,1.1101391602880712,False
2719,I honestly am happy for them but when I stew over it for a while and just feel bad about my own situation,4,just feel bad,honestly happy stew feel bad situation,0.6584695810672113,False
2720,"I feel empathy so hard, because of the severe depressive episode I went through a few years ago",4,feel empathy so hard,feel empathy hard severe depressive episode went year ago,1.1290776401012619,False
2721,I'm so god damn alone and I feel guilty that people care about me,4,guilty,'m god damn alone feel guilty people care,1.2660120866304987,False
2722,I'm using an alt because earlier this month someone went through my post history and harassed me for posting here,4,someone went through my post history and harassed me,'m using alt earlier month someone went post history harassed posting,2.0514146853409234,True
2723,"It seems like every person on this website is an aggressive, closed-minded asshole",4,every person on this website is an aggressive,seems like every person website aggressive closed-minded asshole,1.2783960878457032,False
2724,I am going to be a 29 year old friendless virgin,4,friendless virgin,going 29 year old friendless virgin,1.2579980389673253,False
2725,"I felt like she was emotionally abusive, so I left",4,she was emotionally abusive,felt like emotionally abusive left,0.6095775750480011,False
2726,"I been bullied throughout my life, ignored, look down upon, and even laughed at for being stupid",4,"bullied, ignored",bullied throughout life ignored look upon even laughed stupid,0.9811433539721046,False
2727,"People I try to talk to at school just ignore me or talk to my so called friends around me who also ignored me, and it just makes me filled with rage, sadness, and envy",4,just ignore me,people try talk school ignore talk called friend around also ignored make filled rage sadness envy,1.3249318807442774,False
2728,"My life has been constant ups and downs, from abusive parents and partners, to self sabotage and circumstances out of my control that almost ruined my life",4,abusive parents and partners,life constant ups down abusive parent partner self sabotage circumstance control almost ruined life,1.431951164230631,False
2729,They either pity me or ignore me like the plague,4,pity me,either pity ignore like plague,1.1781915453503986,False
2730,Being emotionally and verbally abused by my sister,4,Being emotionally and verbally abused,emotionally verbally abused sister,1.7254695816433387,False
2731,Letting guilt numb me till I can't feel anymore,4,guilt,letting guilt numb till ca n't feel anymore,1.7651034989891594,False
2732,Im an idiot i‚Äö√Ñ√¥m an idiot idiot idiot idiot idiot i‚Äö√Ñ√¥m an idiot an idiot idiot idiot,4,an idiot,im idiot i‚äö√ñ√¥m idiot idiot idiot idiot idiot i‚äö√ñ√¥m idiot idiot idiot idiot,1.5246982106237883,False
2733,"Hi, I wrote a text about depression, anxiety and stress and really want to share with you",4,anxiety and stress,hi wrote text depression anxiety stress really want share,1.2967842469887325,False
2734,"Hello, I'm 19 yo and I'm 5 years thinking I'm a burden to everyone, I got bullied for several years due I'm the lower of all my ""friends""",4,m a burden to everyone,hello 'm 19 yo 'm 5 year thinking 'm burden everyone got bullied several year due 'm lower `` friend '',0.7694802189105664,False
2735,"I‚Äö√Ñ√¥m socially anxious, I guess that‚Äö√Ñ√¥s the point",4,socially anxious,i‚äö√ñ√¥m socially anxious guess that‚äö√ñ√¥s point,1.0375602839430882,False
2736,I have an intense hatred towards women but I like a very small number of them,4,intense hatred towards women,intense hatred towards woman like small number,2.034103864238905,True
2737,I hate romance more than anything,4,hate romance,hate romance anything,0.10929075012539491,False
2738,"Having this constant feeling of being judged, mocked, persecuted against, glared at, being the one in others way, being talked about",4,"constant feeling of being judged, mocked",constant feeling judged mocked persecuted glared one others way talked,0.8832287721065957,False
2739,I think I get misinterpreted a lot,4,get misinterpreted,think get misinterpreted lot,0.3880457435601895,False
2740,I don't feel good,4,don't feel good,n't feel good,0.2670472410505167,False
2741,I‚Äö√Ñ√¥ve been suffering from depression and anxiety since like 8th grade,4,anxiety,i‚äö√ñ√¥ve suffering depression anxiety since like 8th grade,0.584213408228837,False
2742,"I don‚Äö√Ñ√¥t find the right one and I let the ones that do become attracted to me abuse me, and hurt me mentally",4,"abuse me, hurt me mentally",don‚äö√ñ√¥t find right one let one become attracted abuse hurt mentally,0.7848374506945023,False
2743,"My Step-Grandmother, who has been extremely abusive and toxic to myself and my Mother all of our lives got diagnosed with cancer last year",4,"extremely abusive, toxic",step-grandmother extremely abusive toxic mother life got diagnosed cancer last year,1.0077874683371169,False
2744,"She is still extremely abusive and no matter how much I help out, she still abuses me and it‚Äö√Ñ√¥s never enough",4,extremely abusive,still extremely abusive matter much help still abuse it‚äö√ñ√¥s never enough,0.854441924319026,False
2745,Before he passed she was still extremely abusive,4,extremely abusive,passed still extremely abusive,1.0713841064277478,False
2746,Does it make me a bad person for wanting her to die so we can finally be at peace? I have struggled with severe depression and anxiety since a very young age and this on top of it all has been VERY hard on me,4,anxiety,make bad person wanting die finally peace struggled severe depression anxiety since young age top hard,1.3343758262005263,False
2747,"How do you treat someone so badly and yet maintain such a great image of yourself? How do you live with it? Especially if you're hurtful to a person, but then later act as if nothing happened?",4,hurtful to,treat someone badly yet maintain great image live especially 're hurtful person later act nothing happened,1.4170250559464015,False
2748,The first few times hurt my ego but I recovered,4,hurt my ego,first time hurt ego recovered,1.2097599255384808,False
2749,"When my ego dies, will it take me with it? It's a selfish creature",4,ego,ego dy take 's selfish creature,1.7260541584691178,False
2750,It throws tantrums,4,throws tantrums,throw tantrum,1.5744242334147986,False
2751,It lashes out when it's made to feel small,4,made to feel small,lash 's made feel small,0.9009058037961191,False
2752,Tonight is the night my ego will die,4,ego,tonight night ego die,1.2669059929002677,False
2753,Putting you out of your misery,4,misery,putting misery,2.241527018947093,True
2754,Right now it‚Äö√Ñ√¥s 2 in the morning and I have to go to work in 3 hours and I‚Äö√Ñ√¥m crying my eyes out,4,crying,right it‚äö√ñ√¥s 2 morning go work 3 hour i‚äö√ñ√¥m cry eye,0.685451921125134,False
2755,No one will cry,4,cry,one cry,0.005983329560710359,False
2756,The next morning he threatened me,4,threatened,next morning threatened,0.6383007613026865,False
2757,"I was scared he was going to do what he did to me to another little girl, and so I finally reported my bias to the police nearly 6 years after it had ended",4,bias,scared going another little girl finally reported bias police nearly 6 year ended,1.22417744859579,False
2758,I cried with pain and satisfaction that I will be leaving this earth then the shower curtain rod in my bathroom broke,4,cried with pain and satisfaction,cried pain satisfaction leaving earth shower curtain rod bathroom broke,1.6774302989090524,False
2759,i hate myself for being so selfish and lazy and shy and anxious and depressed,4,"selfish and lazy and shy, hate myself",hate selfish lazy shy anxious depressed,0.9115628090204342,False
2760,", is therapy really best for me? would therapy be helping me become less stubborn and more open-minded? 4) for those who have gone through therapy, was it relieving to finally have the official diagnosis? 5) again, for those who have gone through/are going through therapy, what's the biggest change you've seen in yourself? it can be good or bad",4,"less stubborn, more open-minded",therapy really best would therapy helping become le stubborn open-minded 4 gone therapy relieving finally official diagnosis 5 gone through/are going therapy 's biggest change 've seen good bad,0.8869675674255325,False
2761,"Fat, useless ,uneducated, LAZY I‚Äö√Ñ√¥ve never felt this empty and emotionless, Today I didn‚Äö√Ñ√¥t even smile once all I could feel was I‚Äö√Ñ√¥m exhausted and kept staring off into blank space I don‚Äö√Ñ√¥t understand why My brain has decided I don‚Äö√Ñ√¥t deserve dopamine or Serotonin",4,useless,fat useless uneducated lazy i‚äö√ñ√¥ve never felt empty emotionless today didn‚äö√ñ√¥t even smile could feel i‚äö√ñ√¥m exhausted kept staring blank space don‚äö√ñ√¥t understand brain decided don‚äö√ñ√¥t deserve dopamine serotonin,1.0558439387288803,False
2762,I hate myself and everything,4,hate myself,hate everything,0.10929075012539491,False
2763,I feel utterly worthless and stupid and I don't know why,4,worthless,feel utterly worthless stupid n't know,0.4525897863428877,False
2764,I‚Äö√Ñ√¥m worse than everyone else no matter what I do,4,worse than everyone,i‚äö√ñ√¥m worse everyone else matter,0.46727044201618484,False
2765,"I don‚Äö√Ñ√¥t have any positive thoughts about myself what so ever, I‚Äö√Ñ√¥m also very hard on myself and I punish myself in a way I shouldn‚Äö√Ñ√¥t",4,very hard on myself,don‚äö√ñ√¥t positive thought ever i‚äö√ñ√¥m also hard punish way shouldn‚äö√ñ√¥t,1.212832295360859,False
2766,i hate myself,4,hate myself,hate,0.10929075012539491,False
2767,"What should I do? I hate myself, I don't have friends anymore and I hate my life",4,I hate myself,hate n't friend anymore hate life,0.14515110156836364,False
2768,I've lost my motivation to go on,4,lost my motivation,'ve lost motivation go,0.32467968591676993,False
2769,"I'm not special, unique, important, smart, helpful, or human in any sense",4,not special,'m special unique important smart helpful human sense,1.50223413607091,False
2770,"Nothing for me, nothing in me",4,nothing in me,nothing nothing,0.005983329560710359,False
2771,There is utter absence of meaning in my day to day life,4,absence of meaning,utter absence meaning day day life,1.257406443302162,False
2772,"Waking up doing the same thing every day, lie in bed for hours, watch some series or game, feel like shit every time I eat, thinking about how things could've been so much better if things went differently",4,"feel like shit, lie in bed",waking thing every day lie bed hour watch series game feel like shit every time eat thinking thing could 've much better thing went differently,0.8921869718362047,False
2773,Alone because of a lack of self confidence ‚Äö√ú‚Ñ¢√î‚àè√® Not being able to give nor receive love and affection ‚Äö√ú‚Ñ¢√î‚àè√® Feeling of being unwanted/undesired ‚Äö√ú‚Ñ¢√î‚àè√® Loss of self confidence intensifies ‚Äö√ú‚Ñ¢√î‚àè√® Isolation : no more opportunities to meet new people ‚Äö√ú‚Ñ¢√î‚àè√® Depression ‚Äö√ú‚Ñ¢√î‚àè√® Feeling of being worthless ‚Äö√ú‚Ñ¢√î‚àè√® Not achieving anything : ashamed of yourself Ô£ø√º√Æ√á,4,lack of self confidence,alone lack self confidence ‚äö√ú‚ñ¢√î‚àè√® able give receive love affection ‚äö√ú‚ñ¢√î‚àè√® feeling unwanted/undesired ‚äö√ú‚ñ¢√î‚àè√® loss self confidence intensifies ‚äö√ú‚ñ¢√î‚àè√® isolation opportunity meet new people ‚äö√ú‚ñ¢√î‚àè√® depression ‚äö√ú‚ñ¢√î‚àè√® feeling worthless ‚äö√ú‚ñ¢√î‚àè√® achieving anything ashamed ô£ø√º√æ√á,2.2074227534910147,True
2774,Normally it's the bathroom because it's the smallest room and my brain hates me,4,hates me,normally 's bathroom 's smallest room brain hate,1.4797990481076166,False
2775,Even when I type this I get a boost of happy from my brain to tell me I'm a fucking liar idiot but if I delete it I would feel even stupider for wasting my time so I'm going to post it anyway,4,fucking liar idiot,even type get boost happy brain tell 'm fucking liar idiot delete would feel even stupider wasting time 'm going post anyway,1.1803293659505452,False
2776,Before I just feel down for a week or two and it go away but now I'm having random crying attacks for fuck all I know everything feels muted and I just don't have the motivation to care about anything to much,4,everything feels muted,feel week two go away 'm random cry attack fuck know everything feel muted n't motivation care anything much,0.8727679861388726,False
2777,Im a senior at highschool and Im very unmotivated to even try and study but I do want to succeed,4,very unmotivated,im senior highschool im unmotivated even try study want succeed,0.9147739887585592,False
2778,I can be getting good grades if I put a little effort into studying but Im just not motivated,4,not motivated,getting good grade put little effort studying im motivated,1.4174284887925475,False
2779,I'm not needed yet I was born and want to exist,4,not needed,'m needed yet born want exist,1.236839604729478,False
2780,I feel like I‚Äö√Ñ√¥m in hell,4,feel like I‚Äö√Ñ√¥m in hell,feel like i‚äö√ñ√¥m hell,0.4967989656915447,False
2781,"""People interrupt me because I'm a wimp",4,I'm a whimp,`` people interrupt 'm wimp,0.18080312527550244,False
2782,"Which makes me feel worse and more worthless, and I'd rather be gone than do another year of this, I don't see my life getting much better",4,worthless,make feel worse worthless 'd rather gone another year n't see life getting much better,0.33095932292898816,False
2783,"I don‚Äö√Ñ√¥t expect anyone to comment and give me any sort of resolve, but I honestly just needed to vent this out because I‚Äö√Ñ√¥m a pathetic human being",4,pathetic human being,don‚äö√ñ√¥t expect anyone comment give sort resolve honestly needed vent i‚äö√ñ√¥m pathetic human,1.307938771138614,False
2784,"Hi, do any of you have practical advice and methods on how to overcome fear? There are some things I have to do which, when I try to start them, cause me to have this intense freezing fear",4,overcome fear,hi practical advice method overcome fear thing try start cause intense freezing fear,1.087527408895877,False
2785,I feel bored and scared,4,scared,feel bored scared,0.7186453273384845,False
2786,Scared that I lost my mind and will never be normal again,4,lost my mind,scared lost mind never normal,0.6293692601058309,False
2787,"I spend my days crying and listening to music, and I don't want to be like this forever",4,spend my days crying,spend day cry listening music n't want like forever,1.68683701060292,False
2788,I truly wish I was never born,4,wish I was never born,truly wish never born,0.9804360318454842,False
2789,And I sat at home and cried,4,sat at home and cried,sat home cried,1.7976151628672206,False
2790,"But, God, sitting around the house sucks",4,sitting around the house sucks,god sitting around house suck,1.003976691006023,False
2791,fuck idk why I‚Äö√Ñ√¥m posting this but I‚Äö√Ñ√¥m feel so tired and worn and broken,4,feel so tired,fuck idk i‚äö√ñ√¥m posting i‚äö√ñ√¥m feel tired worn broken,1.7042588203307676,False
2792,I've been sleeping more and waking up later than I have been for the last few months,4,sleeping more,'ve sleeping waking later last month,1.3484531109245446,False
2793,idk what to do!!! I feel so ashamed!!! It`s not the first time doing something really stupid while depressed but this is just a small inane stupid thing i did wich can have big consequences for my stupid shitty life,4,feel so ashamed,idk feel ashamed first time something really stupid depressed small inane stupid thing wich big consequence stupid shitty life,0.9144089837810805,False
2794,"Ultimately my whole life feels like I squandered it and wasted myself when others could've capitalized and lived a happy, fruitful life while my depression and anxiety rules who I am to this day",4,wasted myself,ultimately whole life feel like squandered wasted others could 've capitalized lived happy fruitful life depression anxiety rule day,0.5165930638657463,False
2795,A reminder of how fucking depressed and hopeless I am compared to the rest of my family members,4,hopeless,reminder fucking depressed hopeless compared rest family member,1.3563658329590347,False
2796,I am worthless,4,worthless,worthless,0.3796047438369852,False
2797,I am a nerd,4,nerd,nerd,0.005983329560710359,False
2798,I have alienated myself,4,alienated myself,alienated,0.005983329560710359,False
2799,I've been absolutely miserable and unwanting to do anything in the past week,4,unwanting,'ve absolutely miserable unwanting anything past week,0.7202010708492951,False
2800,I‚Äö√Ñ√¥ve now got a house to pay for but I can‚Äö√Ñ√¥t not work but the thought of going back makes me sick! I left the last job over anxiety I can‚Äö√Ñ√¥t do it again,4,anxiety,i‚äö√ñ√¥ve got house pay can‚äö√ñ√¥t work thought going back make sick left last job anxiety can‚äö√ñ√¥t,0.4375308608585293,False
2801,"Been having on and off waves of depression since 10th grade and just a total, consistent lack of motivation to put effort into anything",4,lack of motivation,wave depression since 10th grade total consistent lack motivation put effort anything,1.0419001094276057,False
2802,New Year's Eve drank myself unconscious and now I'm back to my depressed self and self harming again,4,self harming,new year 's eve drank unconscious 'm back depressed self self harming,1.4327735472186212,False
2803,"I‚Äö√Ñ√¥m in a poor mental state, my mind is shrivelled and I want to hide forever",4,hide forever,i‚äö√ñ√¥m poor mental state mind shrivelled want hide forever,1.350497641520731,False
2804,"I am always tired, no matter how much sleep I get",4,always tired,always tired matter much sleep get,0.4342797536205455,False
2805,I have so many bad habits and unhelpful coping mechanisms,4,bad habits,many bad habit unhelpful coping mechanism,1.2081000214761006,False
2806,I hate feeling inadequate all the time,4,hate feeling inadequate all the time,hate feeling inadequate time,0.14857668548240355,False
2807,I just feel empty,4,just feel empty,feel empty,0.07930841909126272,False
2808,"It's starting to take me hours to get out of bed, and my motivation is slipping away",4,motivation is slipping away,'s starting take hour get bed motivation slipping away,0.7039442804271512,False
2809,"But, I am not at peace, for if I were, I wouldn't have such feelings of my own insecurities and self loathing",4,"insecurities, self loathing",peace would n't feeling insecurity self loathing,0.9869287076584381,False
2810,I‚Äö√Ñ√¥m just a better person and not a little bitch I need help why can‚Äö√Ñ√¥t I just remove the insecurities from my life and just live my life please just help me,4,just remove the insecurities from my life and just live my life,i‚äö√ñ√¥m better person little bitch need help can‚äö√ñ√¥t remove insecurity life live life please help,0.6747946543855963,False
2811,"i‚Äö√Ñ√¥ve always been the type to be super unmotivated when doing things whether it‚Äö√Ñ√¥s my ‚Äö√Ñ√∫hobbies‚Äö√Ñ√π or school and super introverted and not confident at all, but last year i joined a pageant and it really brought my confidence up for a while",4,unmotivated,i‚äö√ñ√¥ve always type super unmotivated thing whether it‚äö√ñ√¥s ‚äö√ñ√∫hobbies‚äö√ñ√π school super introverted confident last year joined pageant really brought confidence,1.048462935390759,False
2812,"i really dont want to sleep tonight, for mood swing reasons (and for schoolwork too)",4,mood swing,really dont want sleep tonight mood swing reason schoolwork,0.9119280729605955,False
2813,"I‚Äö√Ñ√¥ve been depressed ever since I‚Äö√Ñ√¥ve been old enough to understand it, I‚Äö√Ñ√¥m scared of the future and of anything I don‚Äö√Ñ√¥t know hence my anxiety, when my girlfriend goes out, I get anxious, when my friends tell me they have something to tell me, I get anxious",4,scared of the future and of anything,i‚äö√ñ√¥ve depressed ever since i‚äö√ñ√¥ve old enough understand i‚äö√ñ√¥m scared future anything don‚äö√ñ√¥t know hence anxiety girlfriend go get anxious friend tell something tell get anxious,0.3755819243484104,False
2814,I‚Äö√Ñ√¥ve let my home be turned into a hovel because I cannot find the motivation to clean,4,motivation to clean,i‚äö√ñ√¥ve let home turned hovel find motivation clean,0.7423393769138235,False
2815,"I sometime feel great and productive in the morning and when I‚Äö√Ñ√¥m about to leave home, I get this very down feeling forcing me to overthink about my appearance, my life, my education",4,get this very down feeling forcing me to overthink about my appearance,sometime feel great productive morning i‚äö√ñ√¥m leave home get feeling forcing overthink appearance life education,0.9466844235272277,False
2816,"Then this morning came around and I laid in bed for a good 2 hours before convincing myself to take a sick day and be alone with my thoughts (working from home wasn‚Äö√Ñ√¥t an option today) I‚Äö√Ñ√¥ve been home all day just dotting between Reddit, naps and the Xbox recharging my batteries but everyone close to me has tried to contact me to see that I‚Äö√Ñ√¥m ok and ask if I want to be visited",4,laid in bed for a good 2 hours before convincing myself to take a sick day,morning came around laid bed good 2 hour convincing take sick day alone thought working home wasn‚äö√ñ√¥t option today i‚äö√ñ√¥ve home day dotting reddit nap xbox recharging battery everyone close tried contact see i‚äö√ñ√¥m ok ask want visited,1.095134185546245,False
2817,"I can't get motivated to do what I need to do at work, and when I do, I have terrible anxiety that I'm going to fuck something up and get fired",4,can't get motivated to do what I need to do at work,ca n't get motivated need work terrible anxiety 'm going fuck something get fired,1.2355167428335379,False
2818,Most of the mess was me just not doing laundry,4,Most of the mess was me just not doing laundry,mess laundry,1.2478238563389967,False
2819,""" I won't be able to do fucking anything",4,won't be able to do fucking anything,`` wo n't able fucking anything,0.6016308186076619,False
2820,"Me, I'm nobody",4,I'm nobody,'m nobody,0.005983329560710359,False
2821,I bully people because of my own insecurities,4,bully people because of my own insecurities,bully people insecurity,1.0849618776737735,False
2822,"I have no motivation to do anything, I'm getting so easily frustrated at everything, I resent my parents, and overall I just feel like I'm going to waste my life",4,"no motivation, frustrated",motivation anything 'm getting easily frustrated everything resent parent overall feel like 'm going waste life,1.9486270391378702,True
2823,I'm just a disappointment to everyone,4,disappointment,'m disappointment everyone,0.7548576044545691,False
2824,If I'm not smart I'm not worthy of living,4,not smart not worthy,'m smart 'm worthy living,1.0824554007318565,False
2825,The work is just piling up and I cry in class almost once a week it seems,4,cry in class,work piling cry class almost week seems,0.4829926261659821,False
2826,It's so close! Bc of depression &amp; anxiety it's really really hard to motivate myself to do things,4,hard to motivate,'s close bc depression amp anxiety 's really really hard motivate thing,1.3607271595007793,False
2827,I don't like myself,4,don't like myself,n't like,0.12109061097628962,False
2828,"I know that I shouldn't be ashamed of them, but I often feel that way",4,ashamed of them,know n't ashamed often feel way,1.2540864512991825,False
2829,"Failing half my classes, same as last semester, going to drop out of college at the end of the semester with no life direction, no ambition, no motivation, no desires, dreams, will to live",4,"no ambition, no motivation, no desires, dreams, will to live",failing half class last semester going drop college end semester life direction ambition motivation desire dream live,1.1142792608615182,False
2830,Seriously what‚Äö√Ñ√¥s the point anymore of trying? I know I‚Äö√Ñ√¥m a burden and I know people don‚Äö√Ñ√¥t like me,4,burden,seriously what‚äö√ñ√¥s point anymore trying know i‚äö√ñ√¥m burden know people don‚äö√ñ√¥t like,0.5134223198131576,False
2831,I know you people are much older and have to deal with way worse problems but when your a goddamn 5th grader life shouldn't make you feel like your worthless,4,worthless,know people much older deal way worse problem goddamn 5th grader life n't make feel like worthless,1.4041727407227023,False
2832,"Feeling helpless, no motivation, angry, no confidence",4,"no motivation, no confidence",feeling helpless motivation angry confidence,1.2351311509311071,False
2833,I haven‚Äö√Ñ√¥t been eating properly and have very little motivation to do anything,4,very little motivation,haven‚äö√ñ√¥t eating properly little motivation anything,1.4279936627429195,False
2834,"I just feel lost, depressed, numb, want the stress to go away, even for a moment",4,"just feel lost, depressed, numb",feel lost depressed numb want stress go away even moment,0.635919968083467,False
2835,It's making me feel worthless,4,feel worthless,'s making feel worthless,0.47581180970002046,False
2836,"While this was happening, while my car was sliding towards the edge of the road I didn't feel any fear or anything",4,feel any fear,happening car sliding towards edge road n't feel fear anything,2.4012473411511324,True
2837,They tell me to kill myself every time I achieve anything and I am exhausted,4,I am exhausted,tell kill every time achieve anything exhausted,0.6947258393370482,False
2838,I don't know if I'm overreacting or if I'm just a piece of shit that should go die in hell,4,overreacting,n't know 'm overreacting 'm piece shit go die hell,0.8064418197447785,False
2839,"Crying, freaking out, insomnia, and the feeling of staring into a black hole of hopeless nothingness",4,"freaking out, insomnia",cry freaking insomnia feeling staring black hole hopeless nothingness,1.270589347508858,False
2840,"Well I did my self-care and took an emergency xanax, I've been drinking chamomile and letting the crying come when it comes",4,crying,well self-care took emergency xanax 've drinking chamomile letting cry come come,1.2870261926185382,False
2841,When I'm not actually crying I don't feel a god damn thing,4,crying,'m actually cry n't feel god damn thing,1.1470174714588068,False
2842,"I have absolutely no motivation, I sleep or nap or am zoning out all the time",4,no motivation,absolutely motivation sleep nap zoning time,0.7156931612400456,False
2843,Every day I wake up sad,4,wake up sad,every day wake sad,0.5940446767127038,False
2844,"It seems like they just see it as laziness, even though there's nothing I wouldn't do to feel 'normal' one day",4,they just see it as laziness,seems like see laziness even though 's nothing would n't feel 'normal one day,0.5467631624431804,False
2845,Why should I ever leave my house? Work is not a suitable answer because I dont have to and will rather throw myself off a high building before I have to do that again,4,will rather throw myself off a high building,ever leave house work suitable answer dont rather throw high building,1.8251032694828384,False
2846,In these moments I remember that I'm a useless waste of life,4,useless waste of life,moment remember 'm useless waste life,0.9813432917370842,False
2847,"I can't even really identify anything I'm scared of, I just feel like my body is having a biological reaction and is creating tension",4,scared of,ca n't even really identify anything 'm scared feel like body biological reaction creating tension,0.46344071302747847,False
2848,"There was no hope, I was just delusional",4,no hope,hope delusional,0.691605717645173,False
2849,I'm tired and weak,4,tired and weak,'m tired weak,0.8774366025160723,False
2850,I hate my life,4,"hate my life, hate my life, hate my life",hate life,0.13678558255434448,False
2851,I hate myself for it,4,hate myself,hate,0.10929075012539491,False
2852,My mindset changed and I looked back at myself and couldn‚Äö√Ñ√¥t believe the thoughts I had and was scared how bad I was,4,scared how bad,mindset changed looked back couldn‚äö√ñ√¥t believe thought scared bad,1.7022172802108402,False
2853,"Yes, be considerate of your boyfriend, who cares about ugly useless me",4,useless me,yes considerate boyfriend care ugly useless,0.7038448673799905,False
2854,I might be one of the mentally worst person here,4,worst person,might one mentally worst person,1.050559968901564,False
2855,These thoughts scare me and they're occurring more each day,4,thoughts scare me,thought scare 're occurring day,0.2674295497822988,False
2856,I hate the way i look,4,"hate the way i look, hate the way i look",hate way look,0.29222366872690697,False
2857,This is why I have very low self esteem and another reason why I'm depressed,4,low self esteem,low self esteem another reason 'm depressed,0.8710536522078339,False
2858,I was so scared and had no idea what to do that I called 911,4,scared,scared idea called 911,0.969033200754769,False
2859,I have no motivation to do anything right now,4,no motivation,motivation anything right,0.4207463187707922,False
2860,"I love to read and have been thinking about starting a blog for book reviews, which is something I'm still interested in, but I have absolutely no motivation to pick up a book or do anything except sleep or watch mindless TV",4,no motivation,love read thinking starting blog book review something 'm still interested absolutely motivation pick book anything except sleep watch mindless tv,1.9592570369756073,True
2861,Last time I was nowhere near as depressed as I am now or maybe I was and just didn‚Äö√Ñ√¥t realise but I lost tonnes of my hair just before starting college and it destroyed my confidence and self esteem,4,lost tonnes of my hair just before starting college and it destroyed my confidence and self esteem,last time nowhere near depressed maybe didn‚äö√ñ√¥t realise lost tonne hair starting college destroyed confidence self esteem,2.347087759113749,True
2862,At times I want to give up because I'm so tired of facking and fighting the demons in my head,4,demons in my head,time want give 'm tired facking fighting demon head,1.4810515108567446,False
2863,"I'm not a believer of anything spiritual or supernatural, but it truly does feel like I was cursed with bad luck or some shit",4,"bad luck, cursed",'m believer anything spiritual supernatural truly feel like cursed bad luck shit,1.0016702928203436,False
2864,I feel like I'll just constantly have bad luck in life,4,bad luck,feel like 'll constantly bad luck life,0.7506296297612542,False
2865,It makes me lose excitement in things I'm actually excited for because I'm just in that mindset that it'll go wrong because of my bad luck,4,bad luck,make lose excitement thing 'm actually excited 'm mindset 'll go wrong bad luck,0.8471892446234892,False
2866,"Again, I don't believe in karma or the supernatural or anything, but this shit really makes me question it",4,"supernatural, karma",n't believe karma supernatural anything shit really make question,1.2018098447074255,False
2867,i hate myself so much,4,hate myself,hate much,0.10929075012539491,False
2868,i lost all my interests in everything but i hate doing nothing and i just want to go away,4,"lost all my interest, hate doing nothing",lost interest everything hate nothing want go away,0.2550762686026914,False
2869,It feels like I‚Äö√Ñ√¥m in a different realm/world now because of mental illness which is primarily depression and dissociation,4,different realm/world now,feel like i‚äö√ñ√¥m different realm/world mental illness primarily depression dissociation,0.7190662937653073,False
2870,I'm an 18 male and I'm very confused about life as a whole,4,confused about life,'m 18 male 'm confused life whole,1.7150580062782805,False
2871,Just makes me feel stupid,4,makes me feel stupid,make feel stupid,0.5071123939116762,False
2872,"I dont have anyone to talk to and it feels like its a deep void filling inside me and it saps my motivation and happiness, I cant even get out of bed anymore",4,saps my motivation and happiness,dont anyone talk feel like deep void filling inside sap motivation happiness cant even get bed anymore,0.9192173178616105,False
2873,I feel so neglected and abandoned by everyone,4,feel so neglected,feel neglected abandoned everyone,1.39177737948083,False
2874,I feel worthless,4,feel worthless,feel worthless,0.3126179303332516,False
2875,im losing myself,4,losing myself,im losing,0.6004443701972692,False
2876,but nobody likes me,4,nobody likes me,nobody like,0.12109061097628962,False
2877,Going out makes me anxious and being at home is driving me nuts,4,anxious,going make anxious home driving nut,0.8811224210327898,False
2878,"I feel alone and scared of the world, scared of myself",4,feel alone,feel alone scared world scared,0.39395818752461437,False
2879,To keep things short I hate my life and wished I could kill myself but i cant,4,hate my life,keep thing short hate life wished could kill cant,0.7747232585924846,False
2880,But I can't do it cause I'm a pansy,4,a pansy,ca n't cause 'm pansy,0.5411805196850416,False
2881,Wondering when this inner pain and struggle will end? Every appointment I have gone to has resulted in nothing but disappointment,4,inner pain and struggle will end,wondering inner pain struggle end every appointment gone resulted nothing disappointment,1.5557447663677417,False
2882,"It feels like boredom, but I know I can't help it",4,feels like boredom,feel like boredom know ca n't help,0.18457561150432172,False
2883,"In addition of making this last 5 years of my life hell, now I don't even feel anything when an event as sad as this happens",4,don't even feel anything when an event as sad as this happens,addition making last 5 year life hell n't even feel anything event sad happens,1.25528760126726,False
2884,"I've hated myself my whole life, and I've tried killing myself multiple times",4,hated myself my whole life,'ve hated whole life 've tried killing multiple time,0.9473495684527359,False
2885,doesn't matter if i don't freak girls out by being a pushy creepy person,4,pushy creepy person,n't matter n't freak girl pushy creepy person,0.5806246567428154,False
2886,I'm still a shitty person who deserves nothing and no one,4,shitty person,'m still shitty person deserves nothing one,0.5401811940092696,False
2887,i dont wanna live on this shithole of a planet anymore,4,shithole,dont wan na live shithole planet anymore,0.628730933124833,False
2888,"I'm also really self-obsessed and ungrateful, I'm realising",4,"self-obsessed, ungrateful",'m also really self-obsessed ungrateful 'm realising,0.2799704146040162,False
2889,I want someone to hold me and prove me wrong and tell me that I‚Äö√Ñ√¥m valued and not worthless,4,worthless,want someone hold prove wrong tell i‚äö√ñ√¥m valued worthless,0.8466353990438995,False
2890,"When I‚Äö√Ñ√¥m alone, all I have are shitty thoughts and memories that tell me how worthless I am",4,worthless,i‚äö√ñ√¥m alone shitty thought memory tell worthless,0.5822540319957173,False
2891,Hit a new low kinda miserable,4,miserable,hit new low kinda miserable,0.8567510672277656,False
2892,Even though some of my friends tell me otherwise I still feel guilty of what I've done and unworthy of everything,4,unworthy,even though friend tell otherwise still feel guilty 've done unworthy everything,0.9300363154676963,False
2893,I went to a New Years Party last night with some people I hadn't seen in a while and I felt so out of place the whole time,4,felt so out of place the whole time,went new year party last night people n't seen felt place whole time,0.8373042551229094,False
2894,i cry waking up and going to bed every day hating myself and wishing i could re do everything,4,hating myself,cry waking going bed every day hating wishing could everything,1.1432568188185757,False
2895,I feel worthless and like a burden and I just wish I could find the motivation to get out of bed in the morning without bothering them,4,"worthless, burden",feel worthless like burden wish could find motivation get bed morning without bothering,0.5594953568670281,False
2896,"So, I'm blocked in a useless, never stopping suffering circle, because of the demotivating thing keeping me from completing something",4,"I'm blocked in a useless, demotivating",'m blocked useless never stopping suffering circle demotivating thing keeping completing something,1.3095847706171633,False
2897,I'm so fucking tired of being treated like shit,4,tired of being treated like shit,'m fucking tired treated like shit,0.7857379820128927,False
2898,My parents and brothers talk shit about right in front of me,4,My parents and brothers talk shit about right in front of me,parent brother talk shit right front,0.6142358676240708,False
2899,"While I'm back in control of my life (sort of), I feel like I damaged my reputation beyond repair, am mortifyingly embarrassed by my actions, and now feel so behind in life",4,feel like I damaged my reputation beyond repair,'m back control life sort feel like damaged reputation beyond repair mortifyingly embarrassed action feel behind life,1.5575112472493629,False
2900,"In the past two weeks, I haven't spoken to a soul",4,I haven't spoken to a soul,past two week n't spoken soul,0.8883635191203915,False
2901,I just wish that i was never born in the first place,4,never born,wish never born first place,0.7174119499279129,False
2902,It's been so long now that I've felt like an entirely useless waste of space,4,"useless, waste of space",'s long 've felt like entirely useless waste space,1.1025126063150699,False
2903,My mom says I cant work and controls my life,4,controls my life,mom say cant work control life,0.7667010380092131,False
2904,I've lost motivation to do even the smallest simplest things,4,lost motivation,'ve lost motivation even smallest simplest thing,0.3096379924347973,False
2905,"So Since I'm a problem, a number, a worthless person I'm doing myself a favor Since nobody wants to help me not even God or Jesus christ So be it",4,worthless person,since 'm problem number worthless person 'm favor since nobody want help even god jesus christ,1.1056878191104664,False
2906,We ended up arguing and he told me I was spoilt and I was being manipulative?? I started crying and kept repeating the same things over and over again,4,"being manipulative, was spoilt",ended arguing told spoilt manipulative started cry kept repeating thing,0.895348119957486,False
2907,I'm so extremely embarrassed and I wish more than anything I hadn't told him,4,extremely embarrassed,'m extremely embarrassed wish anything n't told,0.8409497056929155,False
2908,I feel stupid and pathetic because of how much I kept repeating myself,4,stupid and pathetic,feel stupid pathetic much kept repeating,1.0477945079714706,False
2909,I'm ugly,4,ugly,'m ugly,0.5367391922128006,False
2910,"I'm a fail, I'm a big mess",4,fail,'m fail 'm big mess,1.172012651545945,False
2911,My thoughts have been getting darker and darker by the day and I‚Äö√Ñ√¥m beginning to fear myself,4,fear myself,thought getting darker darker day i‚äö√ñ√¥m beginning fear,0.5258933134494053,False
2912,"Things haven't been going well for me for a long time, and i'm constantly miserable",4,constantly miserable,thing n't going well long time 'm constantly miserable,0.44238234529434894,False
2913,"I'm a useless freeloader who's never, not for a single second, done or said anything of use",4,useless,'m useless freeloader 's never single second done said anything use,0.9567657397685053,False
2914,I honestly feel worthless for the millionth time,4,feel worthless,honestly feel worthless millionth time,0.42976363117540045,False
2915,"Oh and what do y‚Äö√Ñ√¥all recommend, slitting or jumping? I could write sooo much more but I‚Äö√Ñ√¥m kinda lazy",4,lazy,oh y‚äö√ñ√¥all recommend slitting jumping could write sooo much i‚äö√ñ√¥m kinda lazy,2.247160275367295,True
2916,"Sometimes the self blame and guilt get so immense and overwhelming and I want to go, too",4,self blame and guilt get so immense and overwhelming,sometimes self blame guilt get immense overwhelming want go,1.3776502421523544,False
2917,My life is a total and complete shit show,4,complete shit show,life total complete shit show,0.90957971080017,False
2918,"I‚Äö√Ñ√¥m too scared to open up to anyone because I‚Äö√Ñ√¥m worried they‚Äö√Ñ√¥ll just go tell the office and boom, I have to run another lap through the system that has done virtually nothing for me the first two times",4,scared to open up,i‚äö√ñ√¥m scared open anyone i‚äö√ñ√¥m worried they‚äö√ñ√¥ll go tell office boom run another lap system done virtually nothing first two time,1.0273444289150417,False
2919,I‚Äö√Ñ√¥ve grown disgusted with myself and hating myself,4,"disgusted with myself, hating myself",i‚äö√ñ√¥ve grown disgusted hating,0.7198088488516624,False
2920,"I have no self esteem, no redeeming qualities, nothing about me is good",4,have no self esteem,self esteem redeeming quality nothing good,0.9899120985691716,False
2921,"i‚Äö√Ñ√¥m tired of being told that i‚Äö√Ñ√¥m no help, tired of feeling guilt and shame",4,guilt and shame,i‚äö√ñ√¥m tired told i‚äö√ñ√¥m help tired feeling guilt shame,0.37068092388398904,False
2922,I started getting even more panicky thinking about what happens after life and that if I die is that it? I solved that by reading some theories on after life and forming my opinion that we go into a sort of lounge with the spirits who wait for us,4,I started getting even more panicky thinking about what happens after life,started getting even panicky thinking happens life die solved reading theory life forming opinion go sort lounge spirit wait u,1.3698932980961873,False
2923,19 and never had anyone attracted to me! I feel like a loser,4,feel like a loser,19 never anyone attracted feel like loser,0.897583668331237,False
2924,I lack motivation and fail to be up to standard like every person should be at this age,4,lack motivation,lack motivation fail standard like every person age,0.9489032668091343,False
2925,Like I‚Äö√Ñ√¥m allowing the pain in,4,allowing the pain in,like i‚äö√ñ√¥m allowing pain,0.19725654181104343,False
2926,I hate every single thing about myself and I don't know how to stop,4,hate every single thing about myself,hate every single thing n't know stop,0.42809750704207516,False
2927,"Soon people don't help your loneliness, compliments don't cure your disgust for yourself, and success doesn't cure your guilt",4,disgust for yourself,soon people n't help loneliness compliment n't cure disgust success n't cure guilt,1.0438533250929452,False
2928,Greeting 2018 in a mere few hours with complete lack of hope and optimism,4,lack of hope and optimism,greeting 2018 mere hour complete lack hope optimism,1.243220576810396,False
2929,"How can I make therapy worth more to my brain I suppose? What are good questions or things to say to really lead into that because my therapist thinks I‚Äö√Ñ√¥m getting better and am learning how to cope but in reality, I‚Äö√Ñ√¥ve become numb and emotionless",4,numb and emotionless,make therapy worth brain suppose good question thing say really lead therapist think i‚äö√ñ√¥m getting better learning cope reality i‚äö√ñ√¥ve become numb emotionless,1.3401828267476363,False
2930,Most days that's all I believe about myself,4,that's all I believe about myself,day 's believe,0.6758767441406894,False
2931,"God, feel so hopeless during this time of the year, every minute is a waste of time! Every breath hurts! When will I have the courage to end it?! I feel so worthless",4,worthless,god feel hopeless time year every minute waste time every breath hurt courage end feel worthless,1.5400563533806044,False
2932,I'm fucking miserable,4,miserable,'m fucking miserable,0.5020512971924446,False
2933,Remember achievement of any form is important for improving our already shattered self-esteem,4,shattered self-esteem,remember achievement form important improving already shattered self-esteem,1.7902575788836996,False
2934,"To everyone feeling shitty this New Year‚Äö√Ñ√¥s Eve, you are not alone",4,feeling shitty,everyone feeling shitty new year‚äö√ñ√¥s eve alone,0.9440963798429318,False
2935,"I hate myself the most, but after that? Every single other goddamn person",4,hate myself the most,hate every single goddamn person,1.3883366291281076,False
2936,And it's just a feeling of utter hopelessness,4,utter hopelessness,'s feeling utter hopelessness,0.19362244798447414,False
2937,They say I have low self-esteem,4,low self-esteem,say low self-esteem,0.969420012275242,False
2938,I just hate what am I and that I cannot become what I want,4,hate,hate become want,0.11547583618747008,False
2939,I don't like me,4,don't like me,n't like,0.12109061097628962,False
2940,I hate me,4,hate,hate,0.10929075012539491,False
2941,I'm feeling so worthless and I don't know where life will lead me to,4,feeling so worthless,'m feeling worthless n't know life lead,0.8860953732873789,False
2942,I kinda felt like i wasn't in my body either,4,felt like i wasn't in my body,kinda felt like n't body either,0.7840403115141558,False
2943,Hey! So I‚Äö√Ñ√¥ve been having a depressive episode for a few weeks now and my biggest problem has been loss of motivation,4,loss of motivation,hey i‚äö√ñ√¥ve depressive episode week biggest problem loss motivation,1.465417231843843,False
2944,It is just completely locking me down to worthlessness,4,worthlessness,completely locking worthlessness,0.423079045758114,False
2945,I feel like I've lost myself because I don't enjoy anything anymore,4,lost myself,feel like 've lost n't enjoy anything anymore,0.5627596275235399,False
2946,"I feel so shitty and unworthy, and thinking about all the shit I regret from this year doesn‚Äö√Ñ√¥t help",4,"so shitty, unworthy",feel shitty unworthy thinking shit regret year doesn‚äö√ñ√¥t help,0.9868050456173728,False
2947,"It's going to be shit,I know it, you know it, we all do",4,going to be shit,'s going shit know know,0.1875761809470083,False
2948,I hate everyone for their happyness,4,"hate, hate everyone",hate everyone happyness,0.10929075012539491,False
2949,Hahahahahahahahahahahahahaah fuck all of you that I've ever known and hated in life,4,hated in life,hahahahahahahahahahahahahaah fuck 've ever known hated life,1.6230739190241188,False
2950,I feel like I wasted all my life away,4,wasted all my life away,feel like wasted life away,0.8123344685980528,False
2951,I'm a nobody,4,a nobody,'m nobody,0.005983329560710359,False
2952,i hate how i isolate myself and then complain i hate myself since i know what i have to do but i cant choose it because i seem to love being sad / depressed i hate myself since i cant self harm like i desire i hate myself since i cant go back and change what has happened i hate myself since i put myself in these situations i hate myself since i just hate myself why cant i just die,4,just hate myself,hate isolate complain hate since know cant choose seem love sad depressed hate since cant self harm like desire hate since cant go back change happened hate since put situation hate since hate cant die,0.39773502531188665,False
2953,I know what needs to be done to change things but have no motivation to do so,4,no motivation,know need done change thing motivation,0.4902844186927333,False
2954,It‚Äö√Ñ√¥s gotten to the point where I feel hopeless when I‚Äö√Ñ√¥m by myself when in fact I know there is hope,4,feel hopeless,it‚äö√ñ√¥s gotten point feel hopeless i‚äö√ñ√¥m fact know hope,0.8070174094259962,False
2955,"You should have accomplished something in an entire year, right? No, you are a worthless and pathetic waste of energy",4,worthless,accomplished something entire year right worthless pathetic waste energy,1.0398537723889554,False
2956,"Guys n girls, I think it's time for me to pass on to the next life/afterlife/darkness/otherside, or whatever you wanna call it",4,time for me to pass on to the next life,guy n girl think 's time pas next life/afterlife/darkness/otherside whatever wan na call,1.6062906231056227,False
2957,It got to me at around 6 and I've been feeling like shit since,4,feeling like shit since,got around 6 've feeling like shit since,0.20035566671573332,False
2958,I feel so fucking useless I feel so awful fuck new years fuck it fuck it fuck it,4,fucking useless,feel fucking useless feel awful fuck new year fuck fuck fuck,0.46768756033689074,False
2959,The only thing I had going for me is now gone because of how shit I am,4,shit I am,thing going gone shit,0.33433694968423155,False
2960,Stuck entering the new year wondering if my friends still like me like the pathetic piece of trash that i am,4,pathetic piece of trash,stuck entering new year wondering friend still like like pathetic piece trash,0.9932015863369713,False
2961,Edit: Adding more because i feel even shittier,4,feel even shittier,edit adding feel even shittier,0.07930841909126272,False
2962,I literally push myself because I'm too embarrassed not to,4,too embarrassed,literally push 'm embarrassed,1.2220597112475862,False
2963,"I start to get my shit together, do good by eating and exercise for a couple weeks, start to feel good, then fall right back to depression",4,get my shit together,start get shit together good eating exercise couple week start feel good fall right back depression,0.7455354262223073,False
2964,I hate how useless I am,4,hate how useles,hate useless,0.3549601240989594,False
2965,I can be on Cloud 9 until some insignificant thing just makes me feel worthless,4,feel worthless,cloud 9 insignificant thing make feel worthless,0.2825260141608379,False
2966,"I can‚Äö√Ñ√¥t motivate myself to do anything at all, not even open up my laptop and do stuff with that",4,motivate myself to do anything at all,can‚äö√ñ√¥t motivate anything even open laptop stuff,1.6807641208530788,False
2967,I want to disappear Everytime I try to conquer this feeling of worthlessness just doesn't work and actually makes it worse,4,worthlessness,want disappear everytime try conquer feeling worthlessness n't work actually make worse,1.5891423831127687,False
2968,Sitting in my apartment alone last night and watching all these people I know going out partying really made me realise how shit my life is,4,shit my life,sitting apartment alone last night watching people know going partying really made realise shit life,1.8704591988454529,True
2969,I just feel worthless and just can't cope with anything no more,4,worthless,feel worthless ca n't cope anything,0.9107005625944194,False
2970,I can't tell them that I'm broken inside,4,broken inside,ca n't tell 'm broken inside,0.8237974926529203,False
2971,i can't remember the last time i've seen my reflection without feeling disgust,4,disgust,ca n't remember last time 've seen reflection without feeling disgust,0.8455089614951032,False
2972,My life is meaningless,4,meaningless,life meaningless,1.096545993362027,False
2973,"But I would only be depressed most of the time, 4-5/12 months or more (plus at least 3 months of self- disliking/ hate)",4,"self- disliking, hate",would depressed time 4-5/12 month plus least 3 month self- disliking/ hate,1.0078832212169488,False
2974,"I think I'm just a burden, because most of the time I am useless and super demotivated (except for some manic phases which are &lt;2 hours long)",4,"useless, demotivated",think 'm burden time useless super demotivated except manic phase lt 2 hour long,0.7296890324934958,False
2975,"Here‚Äö√Ñ√¥s to another lonely, isolating, hopeless, regretful, shameful, heart-breaking, suicide-inducing, 365 days of anguish",4,hopeless,here‚äö√ñ√¥s another lonely isolating hopeless regretful shameful heart-breaking suicide-inducing 365 day anguish,1.0910442436890377,False
2976,I don't even know if that's what hurts or if it's just the existential dread that I am nothing and am useless,4,useless,n't even know 's hurt 's existential dread nothing useless,0.34681657516199654,False
2977,I constantly ponder how meaningless everything is,4,meaningless everything,constantly ponder meaningless everything,1.0183430080378997,False
2978,"I feel unwanted, appreciated, as if I don't matter in life, that I can be uprooted and no one would miss my presence",4,unwanted,feel unwanted appreciated n't matter life uprooted one would miss presence,0.5171506023047585,False
2979,Im scared of myself,4,scared of myself,im scared,0.32019831302701945,False
2980,Im scared of other people,4,scared of other people,im scared people,0.28692736769335303,False
2981,Im just scared in general,4,scared in general,im scared general,1.1402705260593342,False
2982,"Any sense of community or responsibility is gone I can read a book, play video games or something but eventually I realize it's just mindless escapism and I feel bad about spending so much time on it",4,mindless escapism,sense community responsibility gone read book play video game something eventually realize 's mindless escapism feel bad spending much time,1.761955214252157,False
2983,"Or they make it through their whole life with bad luck,bad coincidences and overall a life filled with negative feelings",4,"bad luck, bad coincidences",make whole life bad luck bad coincidence overall life filled negative feeling,2.1521802515768034,True
2984,I have this constant feeling that I am invisible to everyone else,4,invisible to everyone,constant feeling invisible everyone else,0.9110221727475413,False
2985,"Its like there is a constant voice in your head telling you that you are worthless, pathetic, useless, a failure, a disappointment that you don‚Äö√Ñ√¥t deserve happiness or to be alive but to only feel pain",4,"worthless, pathetic, useless",like constant voice head telling worthless pathetic useless failure disappointment don‚äö√ñ√¥t deserve happiness alive feel pain,1.0166955437150795,False
2986,You begin to doubt everything about yourself; telling yourself whatever you do isn‚Äö√Ñ√¥t good enough and you should just stop trying or its worthless to just go on and might be better to just end it all,4,worthless,begin doubt everything telling whatever isn‚äö√ñ√¥t good enough stop trying worthless go might better end,1.7247164855476187,False
2987,You feel like you are nothing and will be important to anyone ever and when you are gone everyone will be happier knowing the pathetic failure that they once knew will be gone forever and can no longer fuck up their lives,4,pathetic,feel like nothing important anyone ever gone everyone happier knowing pathetic failure knew gone forever longer fuck life,1.0097480007470787,False
2988,Afterwards you are left with scars as a constant reminder of the pain you cause others and how worthless you are,4,worthless,afterwards left scar constant reminder pain cause others worthless,0.9863391909519704,False
2989,I feel like I‚Äö√Ñ√¥m slowly losing the mental fortitude to do most tasks that would supposedly ‚Äö√Ñ√∫improve‚Äö√Ñ√π my wellbeing,4,losing,feel like i‚äö√ñ√¥m slowly losing mental fortitude task would supposedly ‚äö√ñ√∫improve‚äö√ñ√π wellbeing,1.3326300149446155,False
2990,"I'm a terrible person, by the way, you really don't have to tell me",4,m a terrible person,'m terrible person way really n't tell,0.5891371800540474,False
2991,"I hate promises, I hate myself but especially I hate my feelings for believing that people stay, ""THEY NEVER DID"" and nobody will ever stay",4,hate myself,hate promise hate especially hate feeling believing people stay `` never '' nobody ever stay,0.6106790865772594,False
2992,Instead of constantly think about the bad about myself and how horrible i am,4,constantly think about the bad about myself and how horrible i am,instead constantly think bad horrible,0.7195810863258442,False
2993,I'm only 29 but sometimes I get these feelings of complete hopelessness,4,feelings of complete hopelessness,'m 29 sometimes get feeling complete hopelessness,1.3351588424614758,False
2994,"I have no one, Fucked up my future, disappointed my parents and family (many times), I'm useless and all I do is, is to waste space",4,useless and all I do is,one fucked future disappointed parent family many time 'm useless waste space,1.1852456048879587,False
2995,"I been trying to workout with a friend, but my motivation is at a all time low",4,my motivation is at a all time low,trying workout friend motivation time low,1.2940628953666213,False
2996,"Only to go to bed and wake up feeling just as bad if not worse, totally demotivated",4,totally demotivated,go bed wake feeling bad worse totally demotivated,0.5139164363232269,False
2997,"When I finally do sleep, I can finally be at peace and then I wake up to this shitty feeling",4,I can finally be at peace and then I wake up to this shitty feeling,finally sleep finally peace wake shitty feeling,0.7465552611656692,False
2998,I really have no motivation and feel hopeless,4,really have no motivation and feel hopeless,really motivation feel hopeless,0.5148122711642634,False
2999,All in all my day to day life has improved greatly but I still find myself hitting spells of complete demotivation,4,myself hitting spells of complete demotivation,day day life improved greatly still find hitting spell complete demotivation,0.36173630099508636,False
3000,The reason for this is because of my lack of motivation due to my anxiety and depression,4,lack of motivation due to my anxiety and depression,reason lack motivation due anxiety depression,0.4938929237724836,False
3001,"I knew what would happen after, but who knows where my soul will go? It certainly won‚Äö√Ñ√¥t be in heaven that‚Äö√Ñ√¥s for sure",4,who knows where my soul will go,knew would happen know soul go certainly won‚äö√ñ√¥t heaven that‚äö√ñ√¥s sure,1.2330879301798185,False
3002,"These boards are riddled with self contempt and self loathing, which is naturally what you might expect on depression boards",4,self contempt and self loathing,board riddled self contempt self loathing naturally might expect depression board,0.3348639874488451,False
3003,It's when my depression got worst where I am not motivated to do anything at all and just stay at home doing nothing when I'm supposed to be looking for a job/goals in life,4,not motivated to do anything at all,'s depression got worst motivated anything stay home nothing 'm supposed looking job/goals life,1.158367731060544,False
3004,Do I smile :D :Do I exist :Does it hurt :Do I keep going ;Do anything :d on't I just die,4,Do I exist,smile exist hurt keep going anything n't die,1.3072855342768028,False
3005,"The point is, i have suffered from depression and I have gotten over it about 2 years ago, but everything that goes a little downhill in my life spurs this fear that I might not be able to be ""normal""",4,"fear that I might not be able to be ""normal""",point suffered depression gotten 2 year ago everything go little downhill life spur fear might able `` normal '',0.9657670560442296,False
3006,I really don't know what to do all I want to do right now is just sit alone with no one around me and just cry like why does life have to be this terrible why and why did this have to happen to me why am I only so dumb so stupid and just useless I don't want to be like this i hate it but i don't know what to do,4,why am I only so dumb so stupid and just useless,really n't know want right sit alone one around cry like life terrible happen dumb stupid useless n't want like hate n't know,0.6156626459217023,False
3007,"I don't think I'll ever find peace, even if I achieve all my dreams, it's the human condition--but I want to at least give something back to the world and live on that way, let someone carry forward my flame of hope and passion",4,find peace,n't think 'll ever find peace even achieve dream 's human condition -- want least give something back world live way let someone carry forward flame hope passion,1.1141529236751733,False
3008,"Hi , I've struggled most all of my life with terrible depression ,anxiety, low self-esteem, suicidal thoughts",4,low self-esteem,hi 've struggled life terrible depression anxiety low self-esteem suicidal thought,1.3574652651899186,False
3009,"My depression has always involved a lot of self blame, guilt, and self hatred, as well as anger and emptiness",4,"lot of self blame, guilt, and self hatred",depression always involved lot self blame guilt self hatred well anger emptiness,1.2143713746882765,False
3010,"I can't remember much about my dreams these days, just that I'm happy in them and the world is beautiful",4,much about my dreams,ca n't remember much dream day 'm happy world beautiful,1.2233697680568194,False
3011,When daydreaming my mind brings up negative memories,4,daydreaming my mind brings up negative memories,daydreaming mind brings negative memory,1.9076298251841035,True
3012,So I am constantly questioning my worth and life based on that alone,4,constantly questioning my worth and life based on that alone,constantly questioning worth life based alone,0.6821359827152637,False
3013,I haven't done it yet but I've been close to doing it and I'm scared and worried but I can't stop thinking about it,4,scared and worried but I can't stop thinking about it,n't done yet 've close 'm scared worried ca n't stop thinking,0.6151767040882326,False
3014,I feel so embarrassed just by being present anywhere because of how hideous and cringy I am,4,how hideous and cringy I am,feel embarrassed present anywhere hideous cringy,1.0424235264347055,False
3015,i'm worthless and nothing to anyone,4,worthless and nothing to anyone,'m worthless nothing anyone,0.3796047438369852,False
3016,"I feel hopeless, even my imagined fanatsy escapism i feel like theres no way out",4,fanatsy escapism,feel hopeless even imagined fanatsy escapism feel like there way,0.4059307673757687,False
3017,I fantasize about my own suicide daily,4,fantasize,fantasize suicide daily,1.0225712286661872,False
3018,I daydream about different ways I might die/be killed,4,daydream,daydream different way might die/be killed,1.005163069389411,False
3019,Do any of you know a symbol that I can wear that means a broken soul,4,broken soul,know symbol wear mean broken soul,1.0204476716577098,False
3020,I hate myself and everything around me and these days it's been getting worse and worse,4,hate myself,hate everything around day 's getting worse worse,0.31953009049731196,False
3021,"I cherish those few moments with my friends, but in the end, life is just a space between birth and death",4,life is just a space between birth and death,cherish moment friend end life space birth death,1.1949790842643877,False
3022,"we are literally born for no reason, no one asked to be here and we‚Äö√Ñ√¥re all going to eventually die anyways",4,born for no reason,literally born reason one asked we‚äö√ñ√¥re going eventually die anyways,0.8882788224913009,False
3023,i‚Äö√Ñ√¥m a coward,4,coward,i‚äö√ñ√¥m coward,1.8565220371606734,True
3024,why can‚Äö√Ñ√¥t i just have the option to disappear from the world? why can‚Äö√Ñ√¥t i just die without becoming even bigger of a burden to everyone,4,burden to everyone,can‚äö√ñ√¥t option disappear world can‚äö√ñ√¥t die without becoming even bigger burden everyone,1.9874093631999203,True
3025,I harm myself fairly often and it does little to quell my disgust in myself,4,disgust in myself,harm fairly often little quell disgust,1.2937800117542497,False
3026,But I'm scared that voice will go away someday? I don't know,4,scared,'m scared voice go away someday n't know,0.8181374895262635,False
3027,"Since then, I've been seriously looking for good reasons to live for the last month, and I feel as useless and worthless as ever",4,worthless,since 've seriously looking good reason live last month feel useless worthless ever,0.666569425437361,False
3028,"Everyone hates me, and I am a burden at the best of times",4,burden,everyone hate burden best time,0.5892487312966106,False
3029,I feel like a piece of shit,4,piece of shit,feel like piece shit,0.8804042994884785,False
3030,"This echoing nothing that carries on from day to day, the overwhelming sadness, the worthlessness",4,worthlessness,echoing nothing carry day day overwhelming sadness worthlessness,1.1433099956633543,False
3031,And yet these thoughts they still exist and seem to scare and creep and haunt,4,scare,yet thought still exist seem scare creep haunt,1.0373169266383715,False
3032,So I tell myself that I'm fed up with life,4,fed up,tell 'm fed life,0.3137789748828521,False
3033,"No pain, no thought just endless peace",4,endless peace,pain thought endless peace,0.763553438878404,False
3034,"Nothing makes sense anymore and I feel like nobody, but one person, actually cares about me",4,feel like nobody,nothing make sense anymore feel like nobody one person actually care,0.635024598111474,False
3035,Here i am in bed holding a knife its been like an hour that im trying to get to courage just to stab myself in the carotid artery already wrote a suicide note and everything but im such a coward i just cant do it fuck fuck fuck i dont wanna live in this nightmare anymore i dont wanna wake for tomorrow everyday day is the same shitty day,4,such a coward,bed holding knife like hour im trying get courage stab carotid artery already wrote suicide note everything im coward cant fuck fuck fuck dont wan na live nightmare anymore dont wan na wake tomorrow everyday day shitty day,1.058104973942641,False
3036,"I was given the disclaimer before starting (50mg, 3 weeks ago) that this wasn‚Äö√Ñ√¥t going to fix every issue in my life, but I‚Äö√Ñ√¥ve been feeling so tired, unhappy and unmotivated",4,unhappy and unmotivated,given disclaimer starting 50mg 3 week ago wasn‚äö√ñ√¥t going fix every issue life i‚äö√ñ√¥ve feeling tired unhappy unmotivated,1.496482347353012,False
3037,I was completely lost and confused,4,completely lost and confused,completely lost confused,0.9437710834981271,False
3038,"I posted before on here about how I'm depressed, a worthless piece of shit and how I tried to hang myself",4,a worthless piece of shit,posted 'm depressed worthless piece shit tried hang,1.356846576828948,False
3039,I deserve to suffer for everything I have done,4,deserve to suffer for everything,deserve suffer everything done,1.1028364570196032,False
3040,I feel so lost and like I have no direction,4,feel so lost,feel lost like direction,0.20273560970982554,False
3041,I deserve nothing but death but nothing ever works,4,deserve nothing,deserve nothing death nothing ever work,0.8364334374565225,False
3042,I‚Äö√Ñ√¥ve been told that I matter but the words don‚Äö√Ñ√¥t mean anything when I‚Äö√Ñ√¥ve been told that I‚Äö√Ñ√¥m worthless and should give up,4,worthless,i‚äö√ñ√¥ve told matter word don‚äö√ñ√¥t mean anything i‚äö√ñ√¥ve told i‚äö√ñ√¥m worthless give,0.4299346402405041,False
3043,It hurts and it ruins your head it's either suicide or find salvation in that person,4,find salvation,hurt ruin head 's either suicide find salvation person,0.6119410999217694,False
3044,I'm starting to think that I really am just as useless as my family thinks I am,4,useless as my family thinks,'m starting think really useless family think,0.5591350815755287,False
3045,I just want out of the life I've been given,4,just want out of the life,want life 've given,1.195791469957733,False
3046,Whenever I start dreaming up serious ways of killing myself I get tingly all over,4,dreaming up serious ways of killing myself,whenever start dreaming serious way killing get tingly,0.7991506306845444,False
3047,"The feeling of inadequacy, the contempt of others, the anger, and the overwhelming loneliness",4,feeling of inadequacy,feeling inadequacy contempt others anger overwhelming loneliness,1.3469282971685443,False
3048,"I'm 23 years old I don't know what to even do with my life, I just work long hours (11 to 12) for 400 a week and when I do get time off I want to stream even tho I don't have a set up at all but I get taken over by low motivation",4,get taken over by low motivation,'m 23 year old n't know even life work long hour 11 12 400 week get time want stream even tho n't set get taken low motivation,1.3055612624659547,False
3049,"I‚Äö√Ñ√¥ve been feeling pretty lost lately, lack of motivation, all my work gets put off until the very last minute then I cram it in",4,lack of motivation,i‚äö√ñ√¥ve feeling pretty lost lately lack motivation work get put last minute cram,0.8313512964709892,False
3050,I feel so incredibly lost and I can't help but to want so badly to end it all,4,feel so incredibly lost,feel incredibly lost ca n't help want badly end,0.7296971639386867,False
3051,"Need ideas, inspiration, advice, anything to help me get out of this funk",4,inspiration,need idea inspiration advice anything help get funk,0.9928435436371776,False
3052,And life has been hell to me so far so why should I even bother finishing,4,life has been hell to me so far,life hell far even bother finishing,0.9733582125999083,False
3053,"A little background on me, I don't have many hobbies,dropped out of HS because of social anxiety and deppression,fathers dead,still living with mother, have no car nor license,and have no motivation whatsoever",4,have no motivation,little background n't many hobby dropped h social anxiety deppression father dead still living mother car license motivation whatsoever,1.2530497058807863,False
3054,"I don't feel useless, im useless",4,im useless,n't feel useless im useless,0.4428413191813537,False
3055,I know there's no after life and even if there was I would be fine in hell I would actually prefer it there,4,there's no after life,know 's life even would fine hell would actually prefer,0.8319601033076163,False
3056,like a hug I never had anyone truly love me or care about me so it helps my insecurity Thanks guys,4,helps my insecurity,like hug never anyone truly love care help insecurity thanks guy,1.0456964408598601,False
3057,I don‚Äö√Ñ√¥t feel anything other than feeling out of place and like I am not meant to be in this world,4,"feeling out of place, not meant to be in this world",don‚äö√ñ√¥t feel anything feeling place like meant world,0.37628012739015515,False
3058,The hurt I have caused my SO has made me feel like I have no true identity,4,no true identity,hurt caused made feel like true identity,1.058929585976094,False
3059,I‚Äö√Ñ√¥m just so tired of being a fuck up and I feel worthless and I just don‚Äö√Ñ√¥t know what to do,4,I feel worthless,i‚äö√ñ√¥m tired fuck feel worthless don‚äö√ñ√¥t know,0.26770315686898805,False
3060,I'm treating myself like shit,4,treating myself like shit,'m treating like shit,0.19663644874827346,False
3061,Just anxious as hell and hopeless,4,hopeless,anxious hell hopeless,0.7312690821120403,False
3062,And I always blame myself,4,blame myself,always blame,1.2435487174535889,False
3063,I just want to go back to wherever my soul came from,4,want to go back to wherever my soul came from,want go back wherever soul came,1.0576071368141806,False
3064,Is it my fault? am I a gross slut?,4,slut,fault gross slut,0.9384010929389294,False
3065,I feel like my new friends are a cult I feel like an outcast,4,oucast,feel like new friend cult feel like outcast,0.1604864408564982,False
3066,"Maybe I just hate myself, maybe I hate society for making me this way",4,just hate myself,maybe hate maybe hate society making way,0.5143568452404385,False
3067,Why is it so hard? Why is it so painful? Why won't the voices go away? Why me? I have the perfect life,4,Why won't the voices go away,hard painful wo n't voice go away perfect life,1.8583916580790003,True
3068,"&gt; The self-serving bias is the tendency to attribute dispositional causes for successes, and situational causes for failure, particularly when self-esteem is threatened",4,self-esteem is threatened,gt self-serving bias tendency attribute dispositional cause success situational cause failure particularly self-esteem threatened,1.2618791205798798,False
3069,"Other ways people protect their self-esteem are by believing in a just world, blaming victims for their suffering, and making defensive attributions, which explain our behavior in ways which defend us from feelings of vulnerability and mortality",4,protect their self-esteem,way people protect self-esteem believing world blaming victim suffering making defensive attribution explain behavior way defend u feeling vulnerability mortality,1.2027367144048768,False
3070,I've felt like a social outcast for as long as I can remember,4,felt like a social outcast,'ve felt like social outcast long remember,0.47704922723734466,False
3071,"I spent days in bed, crying, paranoid walking around outside thinking people know all my secrets and all thats wrong with me",4,spent days in bed,spent day bed cry paranoid walking around outside thinking people know secret thats wrong,1.5681684417060708,False
3072,I am an outcast from society and everything about it pisses me off,4,outcast from society,outcast society everything piss,1.060831903964897,False
3073,That my existence is comical to others,4,my existence is comical to others,existence comical others,0.005983329560710359,False
3074,"I had to be cursed to live a life where I wake up everyday hating myself more and more and more till the white noise becomes a ringing that becomes banging in my head screaming ""YOU ARE WORTHLESS"" in a mask of my own voice",4,worthless,cursed live life wake everyday hating till white noise becomes ringing becomes banging head screaming `` worthless '' mask voice,1.3585955459442425,False
3075,"Has some of you ever sometimes or all the times tell yourself that ""I hate myself"" like it just comes out out of nowhere? Or ""I want to die""",4,hate myself,ever sometimes time tell `` hate '' like come nowhere `` want die '',0.33021018704593097,False
3076,I hate being undesirable,4,being undesirable,hate undesirable,0.10929075012539491,False
3077,Anyone else have this happen to them? These visions or hallucinations that seem SO REAL even though you know it‚Äö√Ñ√¥s not?,4,hallucinations,anyone else happen vision hallucination seem real even though know it‚äö√ñ√¥s,0.9277895479410669,False
3078,"I hate myself so fucking much, it hurts to exist",4,hate myself,hate fucking much hurt exist,0.687601720183582,False
3079,I fucking ruined one of the best things that happened to me,4,ruined,fucking ruined one best thing happened,0.8719834261637607,False
3080,"I always feel like an outsider looking in, never really belonging",4,never really belonging,always feel like outsider looking never really belonging,0.41278887504232087,False
3081,I'm useless,4,useless,'m useless,0.5075787414051529,False
3082,"In all honesty, I‚Äö√Ñ√¥m just a bad person who deserves what‚Äö√Ñ√¥s coming to me",4,bad person,honesty i‚äö√ñ√¥m bad person deserves what‚äö√ñ√¥s coming,0.518605135903446,False
3083,I‚Äö√Ñ√¥m disgusting,4,disgusting,i‚äö√ñ√¥m disgusting,1.4456551188852185,False
3084,why not end it now before i really fuck up and become miserable? i dont see the point in going on im just really down right now i dont know what to do )): all there is darkness idk how to get out of this hole i hate myself i hate my body i hate my life i dont think it will ever get better,4,become miserable,end really fuck become miserable dont see point going im really right dont know darkness idk get hole hate hate body hate life dont think ever get better,0.7539160881439969,False
3085,If reincarnation is a real thing I was a selfish person that wanted the world now im stuck,4,selfish person,reincarnation real thing selfish person wanted world im stuck,0.7936402116072333,False
3086,"Then the stress of it all just builds up and the stress paralyzes me into inaction even more and then more stress piles up and so on I‚Äö√Ñ√¥m digging myself a hole, I‚Äö√Ñ√¥m making myself worse off and ruining my own life And at the end of the day it‚Äö√Ñ√¥s up to me to fix myself",4,myself worse off,stress build stress paralyzes inaction even stress pile i‚äö√ñ√¥m digging hole i‚äö√ñ√¥m making worse ruining life end day it‚äö√ñ√¥s fix,1.1932522303813675,False
3087,"I am mature student in, Toxic class mates, basically today i was older than the teacher i hate myself i want die, i had car accident 2 years ago i wish i died in it why i have to live to see this, every goddamn person i know has done much more than me in his life, i hate myself, i live in the 4th floor best thing is jumping",4,hate myself,mature student toxic class mate basically today older teacher hate want die car accident 2 year ago wish died live see every goddamn person know done much life hate live 4th floor best thing jumping,1.4394406304803478,False
3088,"i want to be dead, everyone hates me",4,everyone hates me,want dead everyone hate,0.6758875375362932,False
3089,I believe that I am selfish and feel because I haven‚Äö√Ñ√¥t done what I have wanted in my life I am inauthentic,4,selfish,believe selfish feel haven‚äö√ñ√¥t done wanted life inauthentic,0.9986391102820854,False
3090,"i dont wanna die, i want to live to be happy to not cry everyday o have friends to date and stuff but i dont know how and i feeli like i dont deserve do be happy or loved by anyone and it hurts, idk what to do anymore everyday is just so boring and sad and even when i have a good time i know it wont happen again so i just get sad and sadder everyday im afraid of everything and i know everyone's life would be better than me im just useless and i hate myself for not giving up of it all",4,hate myself,dont wan na die want live happy cry everyday friend date stuff dont know feeli like dont deserve happy loved anyone hurt idk anymore everyday boring sad even good time know wont happen get sad sadder everyday im afraid everything know everyone 's life would better im useless hate giving,0.7624034771774243,False
3091,"Fuck I really hate myself, I get upset over the tiniest stupidest things",4,hate myself,fuck really hate get upset tiniest stupidest thing,0.6942502024493353,False
