Unnamed: 0,Text,Aspect,Explanations,Cleaned_Text,Reconstruction_Error,Is_Anomaly
0,Once it happens there is no going back and you are stuck in an empty void of darkness forever,4,empty void of darkness,happens going back stuck empty void darkness forever,0.0009999999986272422,False
1,Now i am filled with guilt and stuck feeling like crap,4,filled with guilt and stuck feeling like crap,filled guilt stuck feeling like crap,0.0009999999998225677,False
2,And i got home and the voices returned and kept telling me i was piece of shit,4,piece of shit,got home voice returned kept telling piece shit,0.0009999999996038837,False
3,"Before her I survived since shit, sexual assaults and the like",1,sexual assaults,survived since shit sexual assault like,0.0009999999978264793,False
4,"I feel like there are only three things that you absolutely cannot be, dumb, ugly, and useless",1,"ugly, dumb, and useless",feel like three thing absolutely dumb ugly useless,0.0009999999994972958,False
5,"I've gotten through life fairly well being able to somewhat accept the dumb and ugly part, I tried to blame it on other factors for a while but they're just an integral part of who I am",1,"ugly, dumb",'ve gotten life fairly well able somewhat accept dumb ugly part tried blame factor 're integral part,0.0009999999973095304,False
6,"I seem to have a big inferiority complex Today in class we were doing little clay figures that represented something to us, while everyone else's looked beautiful and detailed, mine was all desfigured and ugly, while everyone's had a meaning behind them, mine was ""hurr duuurr i like octopus"" Why cant i be the best in something for once?? I felt so embarrassdd when it was my turn to talk about my model, all i wanted to do was say ""sorry teacher but im a talentless piece of shit"" Im petty, im pathetic, i dont want to be but i cant help but feel this way",1,mine was all desfigured and ugly,seem big inferiority complex today class little clay figure represented something u everyone else 's looked beautiful detailed mine desfigured ugly everyone 's meaning behind mine `` hurr duuurr like octopus '' cant best something felt embarrassdd turn talk model wanted say `` sorry teacher im talentless piece shit '' im petty im pathetic dont want cant help feel way,0.0009999999994321752,False
7,"Ive been fired from the last 5 jobs, all for reasons of using marijuana to calm myself from my co workers, or outright having a verbal confrontation which results in me getting fired",1,all for reasons of using marijuana,ive fired last 5 job reason using marijuana calm co worker outright verbal confrontation result getting fired,0.0009999999999566113,False
8,"I have a big nose, big forehead, big everything and it‚Äö√Ñ√¥s so hard to deal with",1,big forehead,big nose big forehead big everything it‚äö√ñ√¥s hard deal,0.00099999999919594,False
9,"I hate my skin color, i hate my body, i hate how i cant lose weight, i hate how anti-social i am, i hate how dumb i am, i hate my anxiety, i hate how i can make other people laugh but not myself, i hate how lonely i am",1,"i hate my body, i hate my anxiety",hate skin color hate body hate cant lose weight hate anti-social hate dumb hate anxiety hate make people laugh hate lonely,0.000999999999699782,False
10,"the way thinking about dying is so painful but just makes you feel more tired, like you just want it to happen",1,feel more tired,way thinking dying painful make feel tired like want happen,0.0009999999999225533,False
11,"The rejection, the leaving, the being ignored, the being bullied and made fun of",1,"rejection, the being ignored",rejection leaving ignored bullied made fun,0.0009999999999754125,False
12,"Don‚Äö√Ñ√¥t usually drink, but do you ever feel so useless and depressed you just want to drink yourself into oblivion?",1,"drink yourself into oblivion, feel so useless",don‚äö√ñ√¥t usually drink ever feel useless depressed want drink oblivion,0.000999999999926845,False
13,"I'm 23, I have a worthless ass history degree, no physical attraction whatsoever, no real job, no social life, and no hope of getting out of the US because fuck this country",1,"no physical attraction, no real job, no social life, worthless",'m 23 worthless as history degree physical attraction whatsoever real job social life hope getting u fuck country,0.0009999999998959203,False
14,The only thang that ever makes me feel better is getting high and that‚Äö√Ñ√¥s a fucking problem,1,feel better is getting high,thang ever make feel better getting high that‚äö√ñ√¥s fucking problem,0.0009999999869230714,False
15,So why can‚Äö√Ñ√¥t I? Every time I look in the mirror all I see are flaws,1,flaws,can‚äö√ñ√¥t every time look mirror see flaw,0.0009999999974782039,False
16,"My stomach bulges out too much, my face is fat, my acne is ugly, I need to shave, my teeth are yellow, my butt‚Äö√Ñ√¥s too small, etc",1,"face is fat, acne is ugly, teeth are yellow",stomach bulge much face fat acne ugly need shave teeth yellow butt‚äö√ñ√¥s small etc,0.0009999999938179733,False
17,Why can‚Äö√Ñ√¥t I see the good in myself? My biggest insecurity is my stomach,1,my stomach,can‚äö√ñ√¥t see good biggest insecurity stomach,0.0009999999996514947,False
18,Im going to kill myself soon it will be easy i think im going to do it in the bathtub so it wont have a lot of blood staining i feel bad for the person or people that are going to have to carry my fat fucking body down the stairs I cant stop thinking about this i just feel bad when I think of my parents finding me,1,my fat fucking body,im going kill soon easy think im going bathtub wont lot blood staining feel bad person people going carry fat fucking body stair cant stop thinking feel bad think parent finding,0.0009999999959610054,False
19,"I hate myself, I hate how I look",1,how I look,hate hate look,0.000999999999996042,False
20,"ive always been an ugly kid and hated the way i looked, i envied my childhood friends because they were prettier than me and got better treatment",1,ugly kid,ive always ugly kid hated way looked envied childhood friend prettier got better treatment,0.0009999999420190519,False
21,I can't even do basic stuff that's easy for everyone,1,can't even do basic stuff,ca n't even basic stuff 's easy everyone,0.00099999999999854,False
22,I lay around when I'm not running errands/working/going to therapy and it makes my body sore as hell,1,my body sore as hell,lay around 'm running errands/working/going therapy make body sore hell,0.0009999999993786546,False
23,"So I have depression and anxiety that I take medication for, it's been going well helping me however I am quitting college (to help alleviate the stress and anxiety in my life) and will no longer be covered under my parents healthcare so I will be paying for my medications out of pocket",1,medications out of pocket,depression anxiety take medication 's going well helping however quitting college help alleviate stress anxiety life longer covered parent healthcare paying medication pocket,0.0009999999996304079,False
24,I've been in a really bad place and haven't had the time to process any of what I've been dealing with,1,been in a really bad place,'ve really bad place n't time process 've dealing,0.0009999999986337008,False
25,I'm literally shitting myself about having to ask for more special treatment because of my fucking head not working properly,1,head not working properly,'m literally shitting ask special treatment fucking head working properly,0.0009999999996864299,False
26,Being poor sucks,2,being poor,poor suck,0.0009999999999265163,False
27,i‚Äö√Ñ√¥ve been in Partial Hospitalization something like 5 times over the past 4-5 years,1,been in Partial Hospitalization,i‚äö√ñ√¥ve partial hospitalization something like 5 time past 4-5 year,0.0009999999744497905,False
28,"This is probably a symptom of PTSD I am diagnosed with, but I still need to find ways to overcome these irrational fears",1,PTSD I am diagnosed with,probably symptom ptsd diagnosed still need find way overcome irrational fear,0.0009999999847898709,False
29,"EDIT: I was in a bad mood, mostly frustrated as the songs I made in the period of 2 weeks I was created hadn't struck a chord with me, but since the responses i've gotten i've since got a new perspective on it",1,"songs I made, hadn't struck a chord with me",edit bad mood mostly frustrated song made period 2 week created n't struck chord since response 've gotten 've since got new perspective,0.0009999997403776514,False
30,"I barely eat, but am gaining weight",1,but am gaining weight,barely eat gaining weight,0.0009999999988777883,False
31,I'm tired yet oversleeping,1,oversleeping,'m tired yet oversleeping,0.0009999999997991876,False
32,"My dad told me that the doctors give him a year, maybe",1,dad told me that the doctors give him a year,dad told doctor give year maybe,0.0009999999999975202,False
33,I have no friends and I spend everyday sleeping,1,spend everyday sleeping,friend spend everyday sleeping,0.0009999999974706773,False
34,Had to go outside and walk for a bit because I didn't want anyone to see me break down,4,break down,go outside walk bit n't want anyone see break,0.0009999999920675138,False
35,I have extreme fatigue,1,extreme fatigue,extreme fatigue,0.0009999999994366037,False
36,Is this 20lb sudden weight loss something that can be attributed to depression? I am generally a very healthy person,1,sudden weight loss,20lb sudden weight loss something attributed depression generally healthy person,0.0009999999971835784,False
37,"I workout daily, but haven't been able to the past month because of my extreme fatigue and depression",1,extreme fatigue,workout daily n't able past month extreme fatigue depression,0.000999999999944191,False
38,"Over the past few years I've been obsessing over random hobbies, jumping from one to the other, thinking it was just me finding new interests",4,obsessing,past year 've obsessing random hobby jumping one thinking finding new interest,0.0009999999633522338,False
39,I have trouble sleeping at night because work stresses me out so much,1,"sleeping at night, have trouble sleeping at night",trouble sleeping night work stress much,0.0009999999999702673,False
40,"I didn't go to work today because I had a breakdown last night, and when it was time to get up for work I felt dizzy and glued to my bed",1,didn't go to work today because I had a breakdown last night,n't go work today breakdown last night time get work felt dizzy glued bed,0.0009999999999691055,False
41,I don't have healthcare through work and I can't afford healthcare out of pocket,1,don't have healthcare through work and I can't afford healthcare out of pocket,n't healthcare work ca n't afford healthcare pocket,8.150791030923147e-11,False
42,"My recruiter told me it should be okay (I haven‚Äö√Ñ√¥t been officially diagnosed), but if I go on meds I won‚Äö√Ñ√¥t have a chance",1,but if I go on meds I won‚Äö√Ñ√¥t have a chance,recruiter told okay haven‚äö√ñ√¥t officially diagnosed go med won‚äö√ñ√¥t chance,0.0009999999999924958,False
43,"It‚Äö√Ñ√¥s usually a skill that people are just born with or learn at an early age, but I didn‚Äö√Ñ√¥t thanks to all the stupid things wrong with me",1,usually a skill that people are just born with or learn at an early age,it‚äö√ñ√¥s usually skill people born learn early age didn‚äö√ñ√¥t thanks stupid thing wrong,0.0009999999970587378,False
44,"They tell me that I need to be medically evaluated but, I can't get a drive to get medically evaluated when everything is 30-40 miles away",1,medically evaluated,tell need medically evaluated ca n't get drive get medically evaluated everything 30-40 mile away,0.0009999999999383232,False
45,"I played a sport as a teenager, if I decided to go back to the team now I would make myself physically sick with worry, so much so that it wouldn't be worth it",1,physically sick with worry,played sport teenager decided go back team would make physically sick worry much would n't worth,0.0009999999967674398,False
46,"I‚Äö√Ñ√¥m 30 years old, drug free and enjoy the occasional beer",1,drug free and enjoy the occasional beer,i‚äö√ñ√¥m 30 year old drug free enjoy occasional beer,0.0009999999769216338,False
47,"I don't want to work, I don't want to travel, I don't want to go back to college, learn new things, go out, meet people, date, exercise, cook, read books, write, eat, or anything else",1,don't want to go back to college,n't want work n't want travel n't want go back college learn new thing go meet people date exercise cook read book write eat anything else,0.0009999999976272058,False
48,"I'm trying to plan out treatment but lodging, transportation and funding is difficult",1,trying to plan out treatment but lodging,'m trying plan treatment lodging transportation funding difficult,0.0009999999999381593,False
49,"I have let myself slip because of health problems and no matter how much I study, I can't get past a B or C on exams",1,"health problems, exams",let slip health problem matter much study ca n't get past b c exam,0.0009999999861560692,False
50,"I am 20 years old, I am from Romania and I have ADHD",1,ADHD,20 year old romania adhd,0.0009999999975965708,False
51,At 16 years old I've started to masturbate everyday and at 17 to drink alcoholic drinks,1,alcoholic drinks,16 year old 've started masturbate everyday 17 drink alcoholic drink,0.0009999999982082464,False
52,I don‚Äö√Ñ√¥t know how I‚Äö√Ñ√¥m going to hide the scars covering my arm during the summer when it‚Äö√Ñ√¥s 100 fucking degrees out,1,scars,don‚äö√ñ√¥t know i‚äö√ñ√¥m going hide scar covering arm summer it‚äö√ñ√¥s 100 fucking degree,0.0009999999960261642,False
53,Cutting my hand right now cause I know it won‚Äö√Ñ√¥t leave scars like are on my arm,1,scars,cutting hand right cause know won‚äö√ñ√¥t leave scar like arm,0.0009999999999793596,False
54,"I have been unemployed since December and I was holding on until I got my tax refund so I could see my psychiatrist for new meds, fixing my car, anything until I can get another job",1,have been unemployed,unemployed since december holding got tax refund could see psychiatrist new med fixing car anything get another job,0.0009999999999998602,True
55,"I‚Äö√Ñ√¥m on meds, trileptal, sertraline, lorazepam",1,"meds, trileptal, sertraline, lorazepam",i‚äö√ñ√¥m med trileptal sertraline lorazepam,0.000999999999563261,False
56,"I cannot afford to keep going, and I was hoping someone might have some suggestions or exercises in general to stop feeling sad",1,exercises,afford keep going hoping someone might suggestion exercise general stop feeling sad,0.000999999995023143,False
57,"Even if I tried to focus on doing stuff I enjoy doing, I can't do it for long, my head gets dizzy",1,head gets dizzy,even tried focus stuff enjoy ca n't long head get dizzy,0.000999999999637535,False
58,I can't read lines in a book without getting my vision blurry and end up forgetting which line I was supposed to read,1,vision blurry,ca n't read line book without getting vision blurry end forgetting line supposed read,0.0009999999999581134,False
59,I am disabled but I cannot even get disability,1,disabled,disabled even get disability,0.0009999999751066737,False
60,"Right now as I'm in a taxi going home, I drank 10 pills of antidepressants, wanted to drink the entire bottle and pass out on the road peacefully but couldn't get myself to finish the bottle",1,drank 10 pills of antidepressants,right 'm taxi going home drank 10 pill antidepressant wanted drink entire bottle pas road peacefully could n't get finish bottle,0.0009999999995147803,False
61,Doubt I'll be able to go to work tomorrow because have never drank this much and definitely tried before but couldn't follow through,1,never drank this much,doubt 'll able go work tomorrow never drank much definitely tried could n't follow,0.000999999999828459,False
62,"Since the injury happened at work, I was forced to resign my position in order to get a worker's comp settlement",1,injury happened at work,since injury happened work forced resign position order get worker 's comp settlement,0.0009999999959556056,False
63,"Right now it's 9:05 and I've got: 11 caffeine pills and counting 2 Monster energy cans 1 Pepsi bottle 2 Coke cans I heard that if you overdose on caffeine, you could slip into a coma or die, seems reasonable for me",1,11 caffeine pills,right 's 9:05 've got 11 caffeine pill counting 2 monster energy can 1 pepsi bottle 2 coke can heard overdose caffeine could slip coma die seems reasonable,0.0009999999999359057,False
64,":( I was taking Adderall and desipramine before, but last term was rough",1,I was taking Adderall and desipramine,taking adderall desipramine last term rough,0.0009999999999984518,False
65,"After school ended, I stopped taking the Adderall, as I noticed that I grew tolerant to it",1,Adderall,school ended stopped taking adderall noticed grew tolerant,0.0009999999999884986,False
66,"What do I do??? I honestly need an appointment with my therapist today, but I have to wait till the 3rd and I feel like stuff could burst out of me before then that will alert people to my depression which I don't want",1,I honestly need an appointment with my therapist today,honestly need appointment therapist today wait till 3rd feel like stuff could burst alert people depression n't want,0.0009999999959599624,False
67,And all this is made worse by the fact that I'm not actually diagnosed,1,And all this is made worse by the fact that I'm not actually diagnosed,made worse fact 'm actually diagnosed,0.0009999997682017567,False
68,"My therapist said it's not pathological what I have, but I feel completely alone in my thoughts and feelings all the time",1,My therapist said it's not pathological,therapist said 's pathological feel completely alone thought feeling time,0.0009999999997828016,False
69,"I have avoidant personality disorder and major depressive disorder and over the course of two years lost hundreds of friends, and its just now really starting to hit me",1,avoidant personality disorder,avoidant personality disorder major depressive disorder course two year lost hundred friend really starting hit,0.0009999999993637345,False
70,"I have eight months off of drugs and alcohol, if I do either I'll spend at least six months in jail, but I want to so fucking bad",1,eight months off of drugs and alcohol,eight month drug alcohol either 'll spend least six month jail want fucking bad,0.0009999998604707059,False
71,I suffer from several chronic illnesses and have spent the whole year here,1,chronic illness,suffer several chronic illness spent whole year,0.0009999999999882462,False
72,"I've been at rock bottom for a while now, and I know that recovering from this depression and involuntary celibacy will be the hardest battle I've yet to fight in my life",1,depression and involuntary celibacy,'ve rock bottom know recovering depression involuntary celibacy hardest battle 've yet fight life,0.0009999999962875177,False
73,"i drank too much again and felt suicidal, ended up going to the hospital and passing out in the hospital toilet while waiting for a doctor",1,waiting for doctor,drank much felt suicidal ended going hospital passing hospital toilet waiting doctor,0.0009999999304298448,False
74,"I know I need meds, but I don't *want* them",1,I need meds,know need med n't want,0.0009999999928717387,False
75,"Today I've had multiple anxiety attacks, breakdowns and panic attacks",1,panic attacks,today 've multiple anxiety attack breakdown panic attack,0.0009999999962841952,False
76,"This morning I spent about 3 hours straight crying, shaking and twitching",4,crying,morning spent 3 hour straight cry shaking twitching,0.0009999999999992226,True
77,"I keep hallucinating that someone I know is standing in the doorway and then my vision goes blurry my head hurts then everything returns to normal, I start crying again rinse and repeat",4,"crying, hallucinating",keep hallucinating someone know standing doorway vision go blurry head hurt everything return normal start cry rinse repeat,0.0009999999978243137,False
78,Im a 21 year old guy who has become highly addicted to marijuana and alcohol and I feel like Im splitting my personality,1,addicted to marijuana and alcohol,im 21 year old guy become highly addicted marijuana alcohol feel like im splitting personality,0.000999999999883563,False
79,I had a car crash today,1,car crash,car crash today,0.00099999999998826,False
80,"cycle of drugs and eating disorder and sleep and crying , long drives in the dark in the silence , loneliness and screaming",4,sleep and crying,cycle drug eating disorder sleep cry long drive dark silence loneliness screaming,0.0009999999993296435,False
81,"Over the past 4 weeks, I've become a lot worse, I have anxiety, developed insomnia and I cannot eat",1,insomnia,past 4 week 've become lot worse anxiety developed insomnia eat,0.0009999996662368427,False
82,"I'm not a homeless, heavy drug addict",1,heavy drug addict,'m homeless heavy drug addict,0.0009999999999935143,False
83,"It's like i'm stuck in a tiny, tiny hole and i can barely breath",1,barely breath,'s like 'm stuck tiny tiny hole barely breath,0.0009999999993232308,False
84,"My depression has not lifted, I seem to have a bit more physical energy and motivation but I am still mentally clouded",1,mentally clouded,depression lifted seem bit physical energy motivation still mentally clouded,0.0009999999989187308,False
85,"Maybe I just have some sort of addiction, but when I'm off of it for even 5 minutes to go to the bathroom or something, I'm reminded of how shitty life is",1,addiction,maybe sort addiction 'm even 5 minute go bathroom something 'm reminded shitty life,0.0009999999989935768,False
86,"After many years of variety of meds for a variety of things (ADHD, depression, sleep, bipolar), I decided to self-medicate with coffee, melatonin, excercise, a therapy light, and running my own business rather than having to follow stupid rules",1,"ADHD, bipolar",many year variety med variety thing adhd depression sleep bipolar decided self-medicate coffee melatonin excercise therapy light running business rather follow stupid rule,0.0009999999998863906,False
87,"therapy, I have antidepressants, I've hopped through the hoops of NLP, affirmations, binaural beats, meditation, tried to stop drinking",1,binaural beats,therapy antidepressant 've hopped hoop nlp affirmation binaural beat meditation tried stop drinking,0.0009999999995731084,False
88,I'm on a new cocktail of meds that keep me stable for 9 hours of the day and let me sleep at night,1,new cocktail of meds,'m new cocktail med keep stable 9 hour day let sleep night,0.0009999999999853449,False
89,"I can't go to the hospital because that's a huge hospital bill, it's really embarrassing, they'll tie me down and force medication down my throat",1,"huge hospital, force medication",ca n't go hospital 's huge hospital bill 's really embarrassing 'll tie force medication throat,0.0009999999885946084,False
90,Ive been on Viibryd for about a year give or take,1,been on Viibryd,ive viibryd year give take,0.0009999999982765204,False
91,"I've read a few forums and have noticed that most people have experienced rapid weight gain with this medication, and no matter how hard they've worked- the weight wont budge",1,rapid weight gain,'ve read forum noticed people experienced rapid weight gain medication matter hard 've worked- weight wont budge,0.000999999999760907,False
92,"Does anyone currently take viibryd? Have you even come off of it, what was it like? I heard the withdrawals are horrible",1,withdrawals are horrible,anyone currently take viibryd even come like heard withdrawal horrible,0.0009999999997938865,False
93,We tried celexa again- didn't work,1,tried celexa,tried celexa again- n't work,0.0009999999983915176,False
94,"I'm failing out of school, I can't start a relationship, my autism is getting worse, and I won't even have a place to live next month when I turn 18",1,autism is getting worse,'m failing school ca n't start relationship autism getting worse wo n't even place live next month turn 18,0.0009999999631230023,False
95,This took a lot of courage to post and for me to be drunk to want to post it,1,me to be drunk,took lot courage post drunk want post,0.0009999999994822768,False
96,"But I can just wake up in the morning and be unable to move my legs, and have great difficulty moving my arms as well",1,unable to move my legs,wake morning unable move leg great difficulty moving arm well,0.0009999999999929447,False
97,"I was just curious as to what medication/mg are you on? Has it helped you? what other meds have you tried? I'm currently on Effexor XR 300mg, and it has helped me so much!!! but if I don't take my medication at the same time everyday I feel so sick, horrible brain zaps to where I cant even move my head/eyes",1,"what medication, horrible brain zaps",curious medication/mg helped med tried 'm currently effexor xr 300mg helped much n't take medication time everyday feel sick horrible brain zap cant even move head/eyes,0.0009999999998758567,False
98,"I was hoping I wouldn't feel like complete shit because I started Prozac a couple months ago, but here I am!",1,Prozac,hoping would n't feel like complete shit started prozac couple month ago,0.0009999999999989577,True
99,So I have rapid cycling bipolar 2 which is a less severe form of bipolar,1,less severe form of bipolar,rapid cycling bipolar 2 le severe form bipolar,0.0009999999992538068,False
100,I'm being partially hospitalized for paranoia,1,partially hospitalized for paranoia,'m partially hospitalized paranoia,0.000999999866033388,False
101,this is gonna be a really rambley post so i am so sorry i'm like really out of it right now i don't know if it's wellbutrin (which i was prescribed like 4 weeks ago) or just me or something but like i've been so fucking weak and shaky,1,wellbutrin,gon na really rambley post sorry 'm like really right n't know 's wellbutrin prescribed like 4 week ago something like 've fucking weak shaky,0.0009999999995491224,False
102,my hands are shaking like i have fucking parkinson's and i have zero appetite whatsoever,1,zero appetite,hand shaking like fucking parkinson 's zero appetite whatsoever,0.000999999999956044,False
103,one day last week i spent the entire night hallucinating shadows and feeling extremely paranoid,1,paranoid,one day last week spent entire night hallucinating shadow feeling extremely paranoid,0.0009999999999660797,False
104,But long story short when things get really bad for me I sometimes get really clumsy and mess up a lot,1,clumsy,long story short thing get really bad sometimes get really clumsy mess lot,0.000999999989839198,False
105,Anybody else? I'm an aspiring screenwriter and I write my best stuff when I'm in the dark places my depression takes me,1,aspiring screenwriter,anybody else 'm aspiring screenwriter write best stuff 'm dark place depression take,0.0009999999999192378,False
106,"I need time off to just sort out what I want to do in life, but at work during the week it's all rush rush rush and stress and chores and anxiety",4,stress and chores and anxiety,need time sort want life work week 's rush rush rush stress chore anxiety,0.0009999999980302673,False
107,"For the past week (Maybe more ? Can't remember) I've maybe taken my antidepressants twice instead of every morning, because I'm dumb and keep forgetting or thinking it's fine, and now my head is killing me, I feel like I'm going to throw up 24/7, I've been having nightmares and I basically feel like shit",1,"antidepressants, nightmares",past week maybe ca n't remember 've maybe taken antidepressant twice instead every morning 'm dumb keep forgetting thinking 's fine head killing feel like 'm going throw 24/7 've nightmare basically feel like shit,0.0009999999998579715,False
108,I drink too much,1,drink too much,drink much,0.0009999999993421241,False
109,I almost feel like I'm addicted at this point,1,addicted,almost feel like 'm addicted point,0.000999999995415749,False
110,So I'm better of getting full sleep hours and making up for it later,4,full sleep hours,'m better getting full sleep hour making later,0.0009999999999926732,False
111,despite trying meds and in therapy,1,"meds, therapy",despite trying med therapy,0.000999999999687526,False
112,and have been feeling unwell since then,1,feeling unwell,feeling unwell since,0.0009999999999695285,False
113,"I'm not sleeping, eating irregularly",1,sleeping,'m sleeping eating irregularly,0.000999999997254558,False
114,Today had to leave work because my depression was so bad that i started having panic attacks,1,panic attacks,today leave work depression bad started panic attack,0.000999999989888459,False
115,"Can't sleep at 3 in the morning, going through withdrawal symptoms because I'm trying to diet again but am addicted to junk food, and just frustrated because I can't enjoy anything in life and everything everyone says just sounds like bullshit",1,"withdrawal symptoms, addicted to junk food",ca n't sleep 3 morning going withdrawal symptom 'm trying diet addicted junk food frustrated ca n't enjoy anything life everything everyone say sound like bullshit,0.0009999999999096346,False
116,"I have a medical condition that causes me to faint whenever I experience shock or stress,After much anticipation of going back of school due to loneliness,NO ONE even mentioned it,even though before the holidays I fainted in front of everyone,No one even asked me If I was ok,Not only that,NO ONE has tried to help me with my psychological problems,everyone is just repelled away from me as ""I'm an asshole"",even though no one has seen the true story of me yet,fuck you,teacher,I will heat up a razor-bladed drill bit,and shove it up your sorry ass if I could",1,medical condition,medical condition cause faint whenever experience shock stress much anticipation going back school due loneliness one even mentioned even though holiday fainted front everyone one even asked ok one tried help psychological problem everyone repelled away `` 'm asshole '' even though one seen true story yet fuck teacher heat razor-bladed drill bit shove sorry as could,0.000999999999999976,True
117,I've had panic attacks before and tried to talk to my mom about it but she just blew it off by telling to watch videos about breathing exercises or some bullshit,1,panic attacks,'ve panic attack tried talk mom blew telling watch video breathing exercise bullshit,0.000999999999754231,False
118,"But I feel my anxiety creeps in again and maybe I should go back on my pills? They were not ""hardcore"" by any means, but helped ease some of the anxiety",1,pills,feel anxiety creep maybe go back pill `` hardcore '' mean helped ease anxiety,0.0009999999983618549,False
119,I've just been prescribed Citalopram 20mg - started treatment today,1,prescribed Citalopram 20mg - started treatment today,'ve prescribed citalopram 20mg started treatment today,0.000999999999609756,False
120,I'm attempting medication finally,1,attempting medication,'m attempting medication finally,0.000999999891358615,False
121,But even here it feels insurmountable,1,feels insurmountable,even feel insurmountable,0.0009999998486095293,False
122,It makes eating out really unpleasant too,4,really unpleasant,make eating really unpleasant,0.0009999999409480572,False
123,I only take Lexapro,1,take Lexapro,take lexapro,0.0009999999999719116,False
124,"It's not an upset stomach, it just feels unwell, and it changes my mood because it's all I can focus on",1,feels unwell,'s upset stomach feel unwell change mood 's focus,0.0009999999999998708,True
125,I think the main reason it's so hard for me to overcome my depression is that it's actually a physical illness,1,physical illness,think main reason 's hard overcome depression 's actually physical illness,0.0009999999999948767,False
126,"It feels like having a really bad cold or flu all the time - not feeling like getting out of bed, general aches, grogginess, brain fog",1,"aches, grogginess, brain fog",feel like really bad cold flu time feeling like getting bed general ache grogginess brain fog,0.0009999999979383193,False
127,I may have to take short term disability while I'm in the hospital and I'm scared and nervous,1,short term disability,may take short term disability 'm hospital 'm scared nervous,0.0009999999997342957,False
128,"My residing in bed with a mountain of inertia has left me with needing two tooth caps, devolving physical fitness, increasing neuroticism, cynicism, etc etc",1,"neuroticism, cynicism",residing bed mountain inertia left needing two tooth cap devolving physical fitness increasing neuroticism cynicism etc etc,0.000999999987544295,False
129,"Well it did, to the point where any pressure on my stomach caused me pain and I would have to just lay down until the upset stomach subsided",1,upset stomach,well point pressure stomach caused pain would lay upset stomach subsided,0.0009999999999999376,True
130,I toughed it out for awhile because i felt so good but it just got to be too much so I stopped taking it about a week ago when it started making me vomit,1,making me vomit,toughed awhile felt good got much stopped taking week ago started making vomit,0.0009999999999576216,False
131,I had been on Zoloft 50mg and even got down to 25 mg for anxiety and depression,1,25 mg for anxiety and depression,zoloft 50mg even got 25 mg anxiety depression,0.000999999999950006,False
132,So now I'm on 100 mg of pristiq and have yet to witness any change,1,100 mg of pristiq,'m 100 mg pristiq yet witness change,0.00099999988429802,False
133,So basically since last night I have been on the panic attack rollercoaster,1,panic attack,basically since last night panic attack rollercoaster,0.0009999999988406032,False
134,I feel dead and hopeless,4,feel dead and hopeless,feel dead hopeless,0.0009999999994148158,False
135,"Hi, I've been feeling incredibly tired and lethargic lately",1,incredibly tired and lethargic lately,hi 've feeling incredibly tired lethargic lately,0.0009999999730731074,False
136,"I have improved my life significantly over the past two years: I found an antidepressant that works for me, I've gone back to school, I've got a steady job, I've even gone on a few dates, and I adopted a dog to give me a place to focus my attention and love on",1,antidepressant that works for me,improved life significantly past two year found antidepressant work 've gone back school 've got steady job 've even gone date adopted dog give place focus attention love,0.0009999999999264725,False
137,out of no where my chest began to tighten and my heart started racing,1,"out of no where my chest began to tighten, heart started racing",chest began tighten heart started racing,0.0009999999967674398,False
138,"I am on medication, but yet all day long, I feel panic, trouble breathing and shaking all day for like no reason",1,"panic, trouble breathing",medication yet day long feel panic trouble breathing shaking day like reason,0.000999999991180781,False
139,My meds are fucked I'm a month out from seeing my doctor to get them fixed I see my therapist soon but he can't prescribe shit,1,"meds are fucked, I'm a month out from seeing my doctor to get them fixed",med fucked 'm month seeing doctor get fixed see therapist soon ca n't prescribe shit,0.0009999999999999428,True
140,"I hate that for most of the medications I've tried anyway, it doesn't take away the sad, it merely allows you to function through it",1,hate that for most of the medications,hate medication 've tried anyway n't take away sad merely allows function,0.0009999990034978083,False
141,"My family has an extreme history of mental illness &amp; alcohol abuse so it‚Äö√Ñ√¥s not cand land here, it‚Äö√Ñ√¥s depressing as can be",1,"extreme history of mental illness &am, alcohol abuse",family extreme history mental illness amp alcohol abuse it‚äö√ñ√¥s cand land it‚äö√ñ√¥s depressing,0.000999999999977803,False
142,"I‚Äö√Ñ√¥ve tried therapy, medication but nothing is working",1,"tried therapy, medication but nothing is working",i‚äö√ñ√¥ve tried therapy medication nothing working,0.0009999999999425297,False
143,My entire life has been wasted by crippling depression and ptsd and borderline personality,1,borderline personality disorder,entire life wasted crippling depression ptsd borderline personality,0.0009999999395886017,False
144,I'd stop for a bit and then start crying again,4,start crying,'d stop bit start cry,0.0009999999999786913,False
145,"I kept thinking about killing myself while I was at work, then I'd start crying while thinking of my mom's reaction after I kill myself",4,start crying,kept thinking killing work 'd start cry thinking mom 's reaction kill,0.0009999999770812958,False
146,I sit here blood on my legs out of the cuts that i madea My shell is breaking I cant do anythind nobody can knwo idon tknow what to do anyt more,1,"blood on my legs, out of the cuts",sit blood leg cut madea shell breaking cant anythind nobody knwo idon tknow anyt,0.0009999999999686792,False
147,Hello i whoud wish if you watch my channel i posted a link on some tips and tricks on how to get out of deppression because i am also deppressed i am bipolar so i thought it can help some people idk check me out,1,bipolar,hello whoud wish watch channel posted link tip trick get deppression also deppressed bipolar thought help people idk check,0.0009999999953745327,False
148,I stayed in the psychiatric unit of a hospital for a week,1,psychiatric unit of a hospital,stayed psychiatric unit hospital week,0.0009999999986793628,False
149,"I'm on new meds, I still don't feel any different, I really don't know what to do",1,on new meds,'m new med still n't feel different really n't know,0.000999999999503348,False
150,"Um, so I'm 13 and I have depression and anxiety, but I'm only on medication for anxiety until I get my depression medication later",1,only on medication,um 'm 13 depression anxiety 'm medication anxiety get depression medication later,0.0009999999986814684,False
151,"The only joy I get is from sex, drugs, and alcohol and only those are temporary",1,"drugs, alcohol, only joy I get is from sex",joy get sex drug alcohol temporary,0.0009999999999976803,False
152,I got diagnosed with a pretty serious autoimmune disease about 5 months ago,1,serious autoimmune disease,got diagnosed pretty serious autoimmune disease 5 month ago,0.0009999999988362118,False
153,"As I was trying to fall asleep, I started to hear weird things coming from outside my bedroom",1,hear weird things,trying fall asleep started hear weird thing coming outside bedroom,0.0009999999698609003,False
154,"I love all of them very much, but they don‚Äö√Ñ√¥t know they‚Äö√Ñ√¥re talking to a ghost",1,talking to a ghost,love much don‚äö√ñ√¥t know they‚äö√ñ√¥re talking ghost,0.0009999999967942187,False
155,"is this a depression thing? is this a medication thing? (i'm on lamictal, lexapro and seroquel)",1,medication,depression thing medication thing 'm lamictal lexapro seroquel,0.0009999999992736843,False
156,"This year was a shit, the finances in my house were rockbottom, the health problems get bigger by the time and the success is not even around us, but I'm by my own, right? Just had a motorcycle accident the day before yesterday and it was definitely a mistake",1,"health problems get bigger, motorcycle accident",year shit finance house rockbottom health problem get bigger time success even around u 'm right motorcycle accident day yesterday definitely mistake,0.000999999983359199,False
157,The doctors have no further suggestions but ECT,1,ECT,doctor suggestion ect,0.0009999999999154743,False
158,I'm sick about everything,1,sick about everything,'m sick everything,0.000999999969298305,False
159,"I stopped taking my medication impulsively, I was taking depakote 250mg once a day for about 2 months and stopped taking it for about 4 days now",1,medication,stopped taking medication impulsively taking depakote 250mg day 2 month stopped taking 4 day,0.0009999999999805401,False
160,Headaches at night I get tired at night but still manage to sleep late Even on medication I still feel the depression and hopelessness strongly,1,medication,headache night get tired night still manage sleep late even medication still feel depression hopelessness strongly,0.000999999999579377,False
161,I recently got diagnosed bipolar last september,1,bipolar,recently got diagnosed bipolar last september,0.0009999999999031168,False
162,I was prescribed Mirtazapine some time ago because of depression and insomnia and I have been taking it for a month now,1,"prescribed Mirtazapine, insomnia",prescribed mirtazapine time ago depression insomnia taking month,0.0009999999972374277,False
163,I've been dealing with a depressive episode (biopolar) for a while,1,dealing with a depressive episode (biopolar),'ve dealing depressive episode biopolar,0.0009999999186664846,False
164,"Recently diagnosed with Dysthymia w/ anxiety, I've been suffering through this for years but only started getting help in the last year",1,diagnosed with Dysthymia w/ anxiety,recently diagnosed dysthymia w/ anxiety 've suffering year started getting help last year,0.000999999999324151,False
165,"I'm on my 4th antidepressant (zoloft, wellbutrin, lexapro, effexor) now with no success",1,"antidepressant (zoloft, wellbutrin, lexapro, effexor)",'m 4th antidepressant zoloft wellbutrin lexapro effexor success,0.0009999999999997745,True
166,They smoke weed and have also told me about times when they've done cocaine,1,"smoke weed, cocaine",smoke weed also told time 've done cocaine,0.0009999999998533654,False
167,I think I have an addictive personality and cocaine might not be a good thing for me to try,1,"addictive personality, cocaine",think addictive personality cocaine might good thing try,0.0009999999997347896,False
168,"For the past several years I've started the year either depressed, literally on the verge of suicide, or high as fuck, and the rest of the year always mirrored that, proving my paranoia right",1,paranoia,past several year 've started year either depressed literally verge suicide high fuck rest year always mirrored proving paranoia right,0.0009999999959338954,False
169,"But it's 4:45am on jan 1st now and I'm drunk as hell because I ran out of weed so I couldn't sleep and now I'm suicidal as well and I can't help but feeling like 2018 is going to be a whole other year of drugs and booze and depression and it's like, what's the point? Why don't I just end it now? I just want to die lmfao I can't even bring in the new year right, I've screwed everything?? Fuck Where do I even go from here?",1,"drunk as hell, weed",'s 4:45am jan 1st 'm drunk hell ran weed could n't sleep 'm suicidal well ca n't help feeling like 2018 going whole year drug booze depression 's like 's point n't end want die lmfao ca n't even bring new year right 've screwed everything fuck even go,0.0009999999999990945,True
170,"How often is it that a suicidal person actually goes through with it eventually? Like if someone was suicidal years ago but had some help and got a little better, how often is it that hey'd have a sort of relapse? Sorry, I'm feeling super hopeless right now and I don't know if I want good news or bad news (to be honest I'm not really sure which is which either)",1,relapse,often suicidal person actually go eventually like someone suicidal year ago help got little better often hey 'd sort relapse sorry 'm feeling super hopeless right n't know want good news bad news honest 'm really sure either,0.0009999999997166765,False
171,"Plus, just took a ritalin pill so I'll be fucked after the ride",1,just took a ritalin pill,plus took ritalin pill 'll fucked ride,0.0009999999999997932,True
172,"But I had a period where for 2 days I had worsening of depressive symptoms, suicidal thoughts and very impulsive - like - uncontrollable anxiety (with constant shaking for 2 days straight)",4,uncontrollable anxiety,period 2 day worsening depressive symptom suicidal thought impulsive like uncontrollable anxiety constant shaking 2 day straight,0.0009999999726872644,False
173,I of course didn't bring this up to my doctor and I am now wondering is it possible that the drugs used to self medicate might be causing alternative effects with the antidepressants? The effexor seems to be a better fit for me as I didn't have many side effects but I still had a similar episode I had before,1,self medicate,course n't bring doctor wondering possible drug used self medicate might causing alternative effect antidepressant effexor seems better fit n't many side effect still similar episode,0.0009999999998197074,False
174,"It all starts with a painful headache, then horrible thoughts and followed by uncontrollable anxiety that doesn't seem to die down",4,uncontrollable anxiety,start painful headache horrible thought followed uncontrollable anxiety n't seem die,0.000999999999422454,False
175,I remember I self medicated the second time in hopes it would stop the episode but that either didn't work or made it worse,1,self medicate,remember self medicated second time hope would stop episode either n't work made worse,0.0009999999992615044,False
176,My drug of choice is Red Bull,1,drug of choice is Red Bull,drug choice red bull,0.000999999999441124,False
177,"Over the past 4 years I've dealt with many suicides, overdoses and death",1,overdoses,past 4 year 've dealt many suicide overdoses death,0.0009999999446470692,False
178,"Just the idea of being able to leave this reality and just be drunk alone at home is comforting, not needing to care or be there",1,drunk,idea able leave reality drunk alone home comforting needing care,0.0009999999931435688,False
179,"I just got too drunk, is all",1,drunk,got drunk,0.0009999999997442725,False
180,She wasn't just too drunk,1,drunk,n't drunk,0.0009999999999910736,False
181,"I took my pocket knife, washed it, and started cutting on my right arm",1,started cutting on my right arm,took pocket knife washed started cutting right arm,0.0009999999365893424,False
182,"If I can feel pain, I'm worth living, right? I don't even know anymore",1,feel pain,feel pain 'm worth living right n't even know anymore,0.0009999999997865414,False
183,"I‚Äö√Ñ√¥m about an hour away from the it being 2018 and like every year, I‚Äö√Ñ√¥m alone and a little drunk",1,drunk,i‚äö√ñ√¥m hour away 2018 like every year i‚äö√ñ√¥m alone little drunk,0.0009999999999286346,False
184,"Over the past few years, health and ED fucked up sex life to point wife wont even try anymore",1,health and ED,past year health ed fucked sex life point wife wont even try anymore,0.0009999999927758896,False
185,Past year she has become an online gaming addict and you have to drag her away from the machine,1,addict,past year become online gaming addict drag away machine,0.0009999999996368467,False
186,Everyone is out getting drunk and being reckless (like every other 19 year old),1,drunk and being reckless,everyone getting drunk reckless like every 19 year old,0.0009999999986284713,False
187,"Everyone is out drinking, smoking weed, blowing off fireworks, and having sex",1,"drinking, smoking weed",everyone drinking smoking weed blowing firework sex,0.0009999999999030676,False
188,"That was also the year I got suspended for drug use (I attended a boarding school), and subsequently got waitlisted at 5 top 20 schools that I would have got into if it hadn't been for my suspension",1,suspended for drug use,also year got suspended drug use attended boarding school subsequently got waitlisted 5 top 20 school would got n't suspension,0.0009999999765287323,False
189,I have been taking Sertraline for 9 months and was on max dosage and after 3 months everything got better,1,Sertraline for 9 months and was on max dosage,taking sertraline 9 month max dosage 3 month everything got better,0.0009999999999916807,False
190,"I read about others but I didn‚Äö√Ñ√¥t truly understand how intense they are, my mindset is going back to what is was, I slept 2 hours maximum a night, I have constant brain zaps, sweats",1,"slept 2 hours maximum a night, brain zaps",read others didn‚äö√ñ√¥t truly understand intense mindset going back slept 2 hour maximum night constant brain zap sweat,0.0009999999717368714,False
191,Ive recently had the alpha stim bought for me by a parent,1,alpha stim bought for me by a parent,ive recently alpha stim bought parent,0.0009999999999981523,False
192,"I need some sort of support or some shit, I‚Äö√Ñ√¥ve been fucked by depression for years and now I found a lump on my testicle",1,found a lump on my testicle,need sort support shit i‚äö√ñ√¥ve fucked depression year found lump testicle,0.0009999999993186588,False
193,"I hate taking my pills, I feel so numb and dizzy",1,hate taking my pill,hate taking pill feel numb dizzy,0.0009999999994528847,False
194,"Let me start by saying I'm not an addict, but it was my first time trying opiates",1,trying opiates,let start saying 'm addict first time trying opiate,0.0009999999999368433,False
195,"Everything was going fine until I started sweating buckets, getting an intense itch, throwing up, and falling in and out of consciousness",1,"getting an intense itch, and falling in and out of consciousness",everything going fine started sweating bucket getting intense itch throwing falling consciousness,0.0009999999999996526,True
196,"About a month ago, I was moderately depressed but a video triggered what I thought was euphoria in me",1,euphoria,month ago moderately depressed video triggered thought euphoria,0.0009999999999967897,False
197,"At first, it didn't feel like it, I felt realllly good, but then I thought, ""I haven't felt like this, my heart is racing, this must be anxiety"" and then it changed to another anxiety episode",1,heart is racing,first n't feel like felt realllly good thought `` n't felt like heart racing must anxiety '' changed another anxiety episode,0.0009999999999776034,False
198,"damn, at least some fcking alcohol would have made this shitty, depressing-ass night a little easier",1,alcohol,damn least fcking alcohol would made shitty depressing-ass night little easier,0.0009999999563434145,False
199,"that's what everyone else is doing anyway, getting black-out drunk",1,getting black-out,'s everyone else anyway getting black-out drunk,0.000999999999918635,False
200,I have several autoimmune disorders (lupus is the main) and have a hard time keeping on weight,1,"have several autoimmune disorders, lupus is the main",several autoimmune disorder lupus main hard time keeping weight,0.0009999999952588928,False
201,I‚Äö√Ñ√¥m in a lot of pain,1,lot of pain,i‚äö√ñ√¥m lot pain,0.0009999999993699946,False
202,We were all kind of drunk and my boyfriend's friend asked a friend of mine if he take a shot from her belly button and she said no,1,drunk,kind drunk boyfriend 's friend asked friend mine take shot belly button said,0.00099999999999864,False
203,"I'm worse off than I've been in a long time, and attempted suicide 4 times in the past 3 months, ending up with two hospitalizations and being committed to behavioral center",1,ending up with two hospitalizations and being committed to behavioral center,'m worse 've long time attempted suicide 4 time past 3 month ending two hospitalization committed behavioral center,0.0009999999959234502,False
204,I just wanna sleep and never wake up,1,sleep and never wake up,wan na sleep never wake,0.0009999999999198278,False
205,i was only a slefish stoner that smoked everyday,1,smoked everyday,slefish stoner smoked everyday,0.000999999919649207,False
206,i wake up and i go to sleep crying pretty much every night,1,go to sleep crying,wake go sleep cry pretty much every night,0.0009999999867258372,False
207,I'm still able to do daily tasks but my minds all ways blank when I do them when I do think it's usually a long thought about deppressing stuff or it's quick thoughts,1,minds all ways blank,'m still able daily task mind way blank think 's usually long thought deppressing stuff 's quick thought,0.0009999999999623325,False
208,Sometimes I get the urge to choke myself with my hands and one time I scratched myself very hard and the next day a scab formed where I scratched,1,"urge to choke myself, scratched myself",sometimes get urge choke hand one time scratched hard next day scab formed scratched,0.0009999999970945743,False
209,"I've had four heart attacks due to bad genetics and i'm only 25, and i need to know what i need to do next",1,had four heart attacks due to bad genetics,'ve four heart attack due bad genetics 'm 25 need know need next,0.0009999999994582916,False
210,"Now I can't stop thinking about self harming, which I haven't done since I was 15, that was 8 years ago",1,can't stop thinking about self harming,ca n't stop thinking self harming n't done since 15 8 year ago,0.0009999999644570504,False
211,"I can't distract myself from these thoughts anymore, I know I'm going relapse into my eating disorder and I'm just fucking exhausted with this",1,eating disorder,ca n't distract thought anymore know 'm going relapse eating disorder 'm fucking exhausted,0.0009999999978691715,False
212,"A lonely hurt in my lower chest, a mild stomachache, and despair",1,"hurt in my lower chest, a mild stomachache",lonely hurt lower chest mild stomachache despair,8.150791030923147e-11,False
213,After multiple admissions to hospital and trying heaps of different medication my doctor has recommended I try TMS,1,different medication,multiple admission hospital trying heap different medication doctor recommended try tm,0.0009999999999858692,False
214,I know there are tons of different kinds of medication so how does the doctor know which one to prescribe? Do you have a say in which antidepressants you're leaning towards? I know some of them have severe side effects so I'm wondering if after they've talked with you to inspect you if they give you a choice from a list they feel is best or if they usually start you off the bat with one kind of medication without questions asked,1,severe side effects,know ton different kind medication doctor know one prescribe say antidepressant 're leaning towards know severe side effect 'm wondering 've talked inspect give choice list feel best usually start bat one kind medication without question asked,0.000999999999452733,False
215,I was planning a tattoo to get that would cover all my old scars,1,cover all my old scars,planning tattoo get would cover old scar,0.000999999999345414,False
216,"‚Äö√Ñ√π When I got home, I got into comfortable pajamas and researched lethal doses of the medicines I have in my cabinet",1,researched lethal doses,‚äö√ñ√π got home got comfortable pajama researched lethal dos medicine cabinet,0.0009999997610263794,False
217,I started the new year drunk and now first time high,1,drunk and now first time high,started new year drunk first time high,0.0009999999992195052,False
218,"Pretty much the title (for depression) but I booked it when I was drunk and really fucked up, now I'm not so sure because my anxiety is kicking in",1,booked it when I was drunk and really fucked up,pretty much title depression booked drunk really fucked 'm sure anxiety kicking,0.0009999999949712724,False
219,seroquel has helped keep me stabile but instead of getting mania like I used too just tend to be on a consistent level of depression,1,instead of getting mania,seroquel helped keep stabile instead getting mania like used tend consistent level depression,0.0009999999993566078,False
220,It bothers me that you can have fun unless you drink and act dumb with other people,1,drink,bother fun unless drink act dumb people,0.0009999999935315796,False
221,"I‚Äö√Ñ√¥ve been seeing the same Psych for years, however am considering switching to a psychiatrist because I‚Äö√Ñ√¥ve been on the same low dose of fluoxetine for years",1,been on the same low dose of fluoxetine for year,i‚äö√ñ√¥ve seeing psych year however considering switching psychiatrist i‚äö√ñ√¥ve low dose fluoxetine year,0.0009999999997034438,False
222,"I‚Äö√Ñ√¥ve always been depressed feeling and I self harmed when I was a teenager, but it was never like this",1,self harmed,i‚äö√ñ√¥ve always depressed feeling self harmed teenager never like,0.0009999999999944264,False
223,"I think child birth triggered something because this all started with the intense sadness after having my first son (I‚Äö√Ñ√¥m assuming it was Postpartum Depression, but I never reached out",1,Postpartum Depression,think child birth triggered something started intense sadness first son i‚äö√ñ√¥m assuming postpartum depression never reached,0.0009999998095902,False
224,I played the sims had a few drinks and smoked weed and went to sleep at 11,1,smoked weed,played sims drink smoked weed went sleep 11,0.0009999999997647845,False
225,"A few weeks ago I noticed I started getting really fatigued, I couldn‚Äö√Ñ√¥t drag myself out of bed, and by late afternoon I was a zombie",1,really fatigued,week ago noticed started getting really fatigued couldn‚äö√ñ√¥t drag bed late afternoon zombie,0.0009999999998987587,False
226,Is this a type of agitated depression? I don‚Äö√Ñ√¥t have a history of bipolar,1,history of bipolar,type agitated depression don‚äö√ñ√¥t history bipolar,0.0009999999999908446,False
227,"my heart is beating so fast and i feel so worried and anxious, i feel suffocated",1,heart is beating so fast,heart beating fast feel worried anxious feel suffocated,0.000999999912356411,False
228,"The lack of energy, loss of interest in enjoyed activities",1,lack of energy,lack energy loss interest enjoyed activity,0.0009999999997646536,False
229,"In other words, I‚Äö√Ñ√¥ve been self-medicating nightly for 3 or 4 decades, a moderate to heavy drinker",1,heavy drinker,word i‚äö√ñ√¥ve self-medicating nightly 3 4 decade moderate heavy drinker,0.0009999999902786383,False
230,Like seriously I can just be driving and I'll have a breakdown and start crying,4,"breakdown, start crying",like seriously driving 'll breakdown start cry,0.00099999999780393,False
231,"It‚Äö√Ñ√¥s just a constant state of ‚Äö√Ñ√∫You‚Äö√Ñ√¥re super depressed, isolate yourself from everyone because your a poison, waste your day away, think about progressing in life but of course you won‚Äö√Ñ√¥t do anything, etc I just feel like I have a mild OCD and I can‚Äö√Ñ√¥t stop obsessing over my mental health and how I‚Äö√Ñ√¥m slowly rotting",1,have a mild OCD,it‚äö√ñ√¥s constant state ‚äö√ñ√∫you‚äö√ñ√¥re super depressed isolate everyone poison waste day away think progressing life course won‚äö√ñ√¥t anything etc feel like mild ocd can‚äö√ñ√¥t stop obsessing mental health i‚äö√ñ√¥m slowly rotting,0.0009999999956842628,False
232,5mg for about 3month with no issues for panic/anxiety attack but this week has been the worse for me,1,panic/ anxiety attack,5mg 3month issue panic/anxiety attack week worse,0.0009999999921102205,False
233,Bonus points if you plead with a cab driver to drop you off at a famous-for-suicides bridge so you can jump off,1,so you can jump off,bonus point plead cab driver drop famous-for-suicides bridge jump,0.0009999999998250163,False
234,That‚Äö√Ñ√¥s how they are-I can‚Äö√Ñ√¥t do things my way cause I‚Äö√Ñ√¥m an immature autistic 23 year old who‚Äö√Ñ√¥s only staying with them because they offered me a place to stay while I build up money and looked for housing,1,"an immature autistic 23 year old, build up money",that‚äö√ñ√¥s are-i can‚äö√ñ√¥t thing way cause i‚äö√ñ√¥m immature autistic 23 year old who‚äö√ñ√¥s staying offered place stay build money looked housing,0.0009999999999578707,False
235,"Since then, I've been on meds and doing therapy",1,been on meds and doing therapy,since 've med therapy,0.0009999999996435738,False
236,"I'm day drunk, miserable, and not feelin the pills",1,day drunk,'m day drunk miserable feelin pill,0.00099999991291961,False
237,"I cut my wrists, arms, veins on joints both vertically and horizontally",1,"cut my wrists, arms",cut wrist arm vein joint vertically horizontally,0.0009999999997088924,False
238,I finally told my parents I was depressed and now they're getting me a therapist,1,therapist,finally told parent depressed 're getting therapist,0.0009999999999955789,False
239,"Hey all, I've been on Lexapro (generic) for a couple years now, no issues",1,been on Lexapro (generic),hey 've lexapro generic couple year issue,0.0009999999999649803,False
240,I'm concerned with the possibility of seizures,1,concerned with the possibility of seizures,'m concerned possibility seizure,0.0009999999960729838,False
241,They always say I‚Äö√Ñ√¥m paranoid and that I‚Äö√Ñ√¥m making everything up,1,paranoid,always say i‚äö√ñ√¥m paranoid i‚äö√ñ√¥m making everything,0.0009999999999577799,False
242,"For about a year and a half now, I've been having these really bad headaches that usually last for days",1,headaches,year half 've really bad headache usually last day,0.0009999999999833241,False
243,"- right around 8-9 at night every night I start to get really bored, and I always get the urge to smoke a bowl or drink a few beers just for something to do",1,"urge to smoke, drink",right around 8-9 night every night start get really bored always get urge smoke bowl drink beer something,0.0009999999999411124,False
244,"I hate my breasts they look fkn huge (But they look average sometimes which is good) I hate my shitty stomach that sticks out too much, I hate my fat arms, I hate everything about my face but I specifically hate my face shape, nose, lips and forehead",1,"shitty stomach that sticks out, hate my breasts",hate breast look fkn huge look average sometimes good hate shitty stomach stick much hate fat arm hate everything face specifically hate face shape nose lip forehead,0.0009999999998100528,False
245,"Whenever i try to feel better about myself, someone rips me down",1,someone rips me down,whenever try feel better someone rip,0.0009999999997518292,False
246,I'm 17 and I think i have body dysmorphia disorder,1,body dysmorphia disorder,'m 17 think body dysmorphia disorder,0.0009999999995718928,False
247,I fixate on everything and constantly look at the mirror at my flaws,1,"my flaws, fixate on everything",fixate everything constantly look mirror flaw,0.0009999999996909302,False
248,"Now my question: does any of you have experience with taking those meds while smoking weed? I have not smoked any since i started my meds, but im thinking about maybe having a joint when i get home (im abroad for the holidays)",1,"smoking weed, taking those meds",question experience taking med smoking weed smoked since started med im thinking maybe joint get home im abroad holiday,0.0009999999999645763,False
249,I have suffered from my clinical depression for almost one to two years Every day I wake up in misery and tiredness I feel miserable all the time How can people live like that for years???,1,suffered from my clinical depression for almost one to two years,suffered clinical depression almost one two year every day wake misery tiredness feel miserable time people live like year,0.0009999999976774104,False
250,I have Asperger's Syndrome,1,Asperger's Syndrome,asperger 's syndrome,0.0009999999999985116,False
251,"It's been a long couple years and I've really tried, 4 therapists, so many medications, daily exercise, diet changes",1,"4 therapists, so many medications, daily exercise, diet changes",'s long couple year 've really tried 4 therapist many medication daily exercise diet change,0.0009999999965849013,False
252,"*Meds, thanks autocorrect",1,Meds,med thanks autocorrect,0.0009999999491661956,False
253,Questions cloud my mind such as will I ever be the person that I once was? Will I ever feel some sort of acceptance from myself and from others? Will all of this become too much and I end up killing myself because of it? Ive started to self destruct and I am now drinking almost everyday,1,drinking almost everyday,question cloud mind ever person ever feel sort acceptance others become much end killing ive started self destruct drinking almost everyday,0.000999999867415159,False
254,How can i convince him into rehab/further therapy? He's also on meds but they dont seem to work because of drugs,1,rehab,convince rehab/further therapy 's also med dont seem work drug,0.0009999999999921192,False
255,"I'm ALWAYS uncomfortable, Whether it's OCD, social anxiety, or self consciousness",1,OCD,'m always uncomfortable whether 's ocd social anxiety self consciousness,0.0009999999999368684,False
256,"I‚Äö√Ñ√¥m struggling with alcoholism, depression, anxiety, and self harm",1,alcoholism,i‚äö√ñ√¥m struggling alcoholism depression anxiety self harm,0.0009999999762373374,False
257,"It's so frustrating because I really do consider myself an ambitious and goal-oriented person, but the smallest things (even taking a shower or brushing my teeth) feel physically and mentally impossible at the moment",1,physically and mentally impossible at the moment,'s frustrating really consider ambitious goal-oriented person smallest thing even taking shower brushing teeth feel physically mentally impossible moment,0.00099999999744663,False
258,All these bull shit new year post makes me sick,1,sick,bull shit new year post make sick,0.0009999999373572134,False
259,I'm a 17 years old male and I have been diagnosed with a really fucked up case of ADHD,1,ADHD,'m 17 year old male diagnosed really fucked case adhd,0.0009999999996814593,False
260,"My therapist told me that it isn't depression, but then what is it? I have ALL symptoms, and I'm in a hole so deep I can't see the sun anymore",1,can't see the sun anymore,therapist told n't depression symptom 'm hole deep ca n't see sun anymore,0.0009999999999773727,False
261,"Probably doesn't help that I welcomed it with coke, booze and weed",1,weed,probably n't help welcomed coke booze weed,0.0009999999999510995,False
262,But in reality I've been thinking for weeks about where I can cut where no one will know,1,cut where no one will know,reality 've thinking week cut one know,0.0009999999999542606,False
263,"I have such intense flashbacks about the trauma I had through therapy and being held at a hospital where the staff were horrible to the patients, I break down crying",1,"trauma, I had through therapy and being held at a hospital where the staff were horrible to the patients",intense flashback trauma therapy held hospital staff horrible patient break cry,0.0009999999945135116,False
264,"5 Effexor 2nd &amp; 3rd week: 20mg Celexa &amp; 75mg effexor 4th week: 10mg Celexa &amp; 150mg Effexor 5th week: Psychiatrist appointment Now, i'm on week 3 taking 20mg Celexa &amp; 75mg Effexor and i'm starting to get very depressed",1,Psychiatrist appointment,5 effexor 2nd amp 3rd week 20mg celexa amp 75mg effexor 4th week 10mg celexa amp 150mg effexor 5th week psychiatrist appointment 'm week 3 taking 20mg celexa amp 75mg effexor 'm starting get depressed,0.000999999999787813,False
265,"Hi all fellow friends who are suffering from depression! I have IBS, suffer from sleep paralysis almost every single night, be a paranoiac",1,"have IBS, suffer from sleep paralysis almost every single night, be a paranoiac",hi fellow friend suffering depression ibs suffer sleep paralysis almost every single night paranoiac,0.0009999999999567935,False
266,i have 34 375 mg tablets and alcohol,1,have 34 375 mg tablets and alcohol,34 375 mg tablet alcohol,0.0009999999999707279,False
267,i just want to know if it will hurt and how long it will take,1,if it will hurt and how long it will take,want know hurt long take,0.0009999999803383649,False
268,Most of the time I'm usually either numb or kinda content but then suddenly my chest wells up and shit like this happens and I have no clue why,1,chest wells up,time 'm usually either numb kinda content suddenly chest well shit like happens clue,0.0009999999999632879,False
269,"It started seven years ago, just some muscle aches, swelling, with a dull pain, which I pretended was better after some ibuprofen, but it persisted",1,"muscle aches, swelling",started seven year ago muscle ache swelling dull pain pretended better ibuprofen persisted,0.0009999999995755247,False
270,"I recently opened up to a family member that I take 2 medications for my depression (and for anxiety &amp; PTSD), and I have trouble explaining how they work for me, and how I feel/think/am with and without them",1,PTSD,recently opened family member take 2 medication depression anxiety amp ptsd trouble explaining work feel/think/am without,0.000999999993153861,False
271,"I've been on 2 different meds in the past, and they either didn't work, or wore off after a few months so I never went back to the doctor to try others",1,been on 2 different meds in the past,'ve 2 different med past either n't work wore month never went back doctor try others,0.0009999999921398623,False
272,"Within the last nine months, I‚Äö√Ñ√¥ve begun feeling like my blood sugar is low all the time, and I‚Äö√Ñ√¥ve stopped exercising because I felt like I was going to pass out afterward",1,begun feeling like my blood sugar is low all the time,within last nine month i‚äö√ñ√¥ve begun feeling like blood sugar low time i‚äö√ñ√¥ve stopped exercising felt like going pas afterward,0.000999999999969923,False
273,I felt it was needed I take stupid amounts of drugs and alcohol because I don't care anymore I'm resigned that I will take my life through suicide or accidental overdose,1,"stupid amounts of drugs and alcohol, I'm resigned that I will take my life through suicide or accidental overdose",felt needed take stupid amount drug alcohol n't care anymore 'm resigned take life suicide accidental overdose,0.0009999999995112978,False
274,I only eat 500-800 calories a day,1,only eat 500-800 calories a day,eat 500-800 calorie day,0.0009999999995738385,False
275,I wear three waist trimmers at all times and exercise 3-4 hours a day,1,exercise 3-4 hours a day,wear three waist trimmer time exercise 3-4 hour day,8.150791030923147e-11,False
276,"I'm 5'8"" and weigh 105 pounds but I want to get to 100",1,"5'8"" and weigh 105 pounds but I want to get to 100",'m 5 8 '' weigh 105 pound want get 100,0.0009999999999913054,False
277,I feel like such a fat and ugly slob and I want to cry every time I look in the mirror,1,feel like such a fat and ugly slob,feel like fat ugly slob want cry every time look mirror,0.0009999999999999972,True
278,im sitting in front of a brand new laptop with my wisky in hand and i have no self worth at all,1,wisky in hand,im sitting front brand new laptop wisky hand self worth,0.0009999999995523178,False
279,I guess I also kinda drank too much alcohol (which is why I told myself to quit it this year - wish me luck),1,too much alcohol,guess also kinda drank much alcohol told quit year wish luck,0.0009999999999156133,False
280,"Succumbed to alcohol, failing college and getting kicked out my dorm",1,"Succumbed to alcohol, failing college and getting kicked out my dorm",succumbed alcohol failing college getting kicked dorm,0.000999999999980518,False
281,"Now that I am a bit older and have had the illness for so long, I'm kinda more just okay with it? Like I used to get more triggered and depressed simply because I was self-aware that I had an illness, but now that's gone",1,illness,bit older illness long 'm kinda okay like used get triggered depressed simply self-aware illness 's gone,0.0009999999999991563,True
282,"Phone calls give me anxiety, I know I'm going to have a bout of PTSD related to driving, I'm going to feel guilty about wrecking my parents' car, but I'm okay",1,PTSD,phone call give anxiety know 'm going bout ptsd related driving 'm going feel guilty wrecking parent car 'm okay,0.0009999999925710459,False
283,What was it like? How much did you take? I'm just curious as to what an OD is like,1,curious as to what an OD is like,like much take 'm curious od like,0.0009999999522955407,False
284,Pretty sure I spelt that wrong but I was very recently (a few hours ago) updated to 250mg sertraline and I woke up with a horrible migraine and it‚Äö√Ñ√¥s so bad I can‚Äö√Ñ√¥t go back to sleep,1,updated to 250mg sertraline,pretty sure spelt wrong recently hour ago updated 250mg sertraline woke horrible migraine it‚äö√ñ√¥s bad can‚äö√ñ√¥t go back sleep,0.000999999999315772,False
285,I've been on a medical/sick leave since my depression has been really bad for the past few weeks (almost a month),1,been on a medical/sick leave,'ve medical/sick leave since depression really bad past week almost month,0.0009999999998542477,False
286,"The SSRIs completely took away my depression, but didn't resolve my anxiety or OCD",1,"The SSRIs completely took away my depression, but didn't resolve my anxiety or OCD",ssri completely took away depression n't resolve anxiety ocd,0.0009999999994790966,False
287,"About 3 years ago my dad got sick with cancer and went through all the treatments, radiation, surgeries, chemotherapy and eventually when all else failed, immunotherapy",1,dad got sick with cancer and went through all the treatments,3 year ago dad got sick cancer went treatment radiation surgery chemotherapy eventually else failed immunotherapy,0.0009999999058796496,False
288,Have / had anyone ever been on sertraline (Zoloft) 300mg or more? Did it work better for you? Did any adverse effect happen? Have / had anyone ever been on bupropion XL (Wellbutrin XL) 450mg or more? Did it work better for you? Did any adverse effect happen? (I have known that this medicine can increase seizure risk when in high dose,1,been on sertraline (Zoloft) 300mg or more,anyone ever sertraline zoloft 300mg work better adverse effect happen anyone ever bupropion xl wellbutrin xl 450mg work better adverse effect happen known medicine increase seizure risk high dose,0.0009999999989472052,False
289,I have got 3 panic attacks in the last 5 days,1,panic attacks,got 3 panic attack last 5 day,0.0009999999993322722,False
290,"I have been trying to have a baby for the last 4 years and after several miscarriages, and late periods here I am empty handed",1,trying to have a baby for the last 4 years and after several miscarriages,trying baby last 4 year several miscarriage late period empty handed,0.0009999999681620574,False
291,"What's the use in getting me out of this depression and anxiety and possibly being able to get myself another girlfriend if I'm not even going to be able to perform properly anyway? Or even enjoy it? This might be a deal breaker for me so I was wondering if anybody has had any positive experiences with this? Did it pass over time or go back to normal as soon as you quit the drug? Thanks TLDR: Scared of the sexual side effects of Celexa, any positive experiences to ease my worry?",1,Scared of the sexual side effects of Celexa,'s use getting depression anxiety possibly able get another girlfriend 'm even going able perform properly anyway even enjoy might deal breaker wondering anybody positive experience pas time go back normal soon quit drug thanks tldr scared sexual side effect celexa positive experience ease worry,0.0009999999992807138,False
292,"I have been on the SSRI ""citalopram"" for about six weeks now and have seen no improvement with my depression",1,citalopram,ssri `` citalopram '' six week seen improvement depression,0.0009999999896364259,False
293,"Still craving to feel other than numb, still scared that my boyfriend will find out I am cutting again, still picking up that vodka bottle",1,"cutting again, vodka bottle",still craving feel numb still scared boyfriend find cutting still picking vodka bottle,0.0009999999999620154,False
294,"I also haven't slept much yet, I can't sleep cause I keep hearing things which is driving me crazy",1,can't sleep cause I keep hearing things which is driving me crazy,also n't slept much yet ca n't sleep cause keep hearing thing driving crazy,0.0009999999997247972,False
295,"Even if I really do disadvantage myself in the future, I‚Äö√Ñ√¥ll blame it on my depression and my antidepressants not working, so I won‚Äö√Ñ√¥t feel bad",1,antidepressants,even really disadvantage future i‚äö√ñ√¥ll blame depression antidepressant working won‚äö√ñ√¥t feel bad,0.0009999999964443445,False
296,I‚Äö√Ñ√¥m scared that a gunshot wound won‚Äö√Ñ√¥t be fast enough and I don‚Äö√Ñ√¥t have any bitcoin so I can‚Äö√Ñ√¥t order the right drugs online,1,drugs online,i‚äö√ñ√¥m scared gunshot wound won‚äö√ñ√¥t fast enough don‚äö√ñ√¥t bitcoin can‚äö√ñ√¥t order right drug online,0.0009999999995247795,False
297,"I finally got some form of disability for my epilepsy, it's not much but I am no longer worrying about money",1,disability for my epilepsy,finally got form disability epilepsy 's much longer worrying money,0.0009999999998949773,False
298,I'm actually legitimately fucking terrified and depressed that the US is ending marijuana legalization,1,marijuana legalization,'m actually legitimately fucking terrified depressed u ending marijuana legalization,0.0009999999744345538,False
299,I think my computer and smartphone addiction definitely adds to my depression but it feels impossible to get my ass out of the computer chair,1,addiction,think computer smartphone addiction definitely add depression feel impossible get as computer chair,0.0009999999999103103,False
300,Increased my Prozac dosage a month ago and now I'm determined to end it all,1,Increased my Prozac dosage a month ago,increased prozac dosage month ago 'm determined end,0.0009999999996040006,False
301,"The tumour has reduced massively in size, and the parts they were really concerned with appear to be gone",1,tumour has reduced massively in size,tumour reduced massively size part really concerned appear gone,0.0009999999998870765,False
302,After a long struggle I recently decided to seek medical help and was diagnosed with severe depression and anxiety,1,seek medical help and was diagnosed with severe depression and anxiety,long struggle recently decided seek medical help diagnosed severe depression anxiety,0.0009999999996807376,False
303,I have really bad anxiety to the point where I feel like throwing up,4,bad anxiety to the point where I feel like throwing up,really bad anxiety point feel like throwing,0.0009999999998799587,False
304,"Any experiences? I am lost and finally succumbed to going to my doctor and he appointed me these meds, I have just started taking them",1,finally succumbed to going to my doctor and he appointed me these meds,experience lost finally succumbed going doctor appointed med started taking,0.0009999999887611267,False
305,"Within a space of 2-3 months I had third degree burns to feet due to accident not my fault, and when I finally got back to work I now have a hernia",1,had third degree burns to feet due to accident not my fault,within space 2-3 month third degree burn foot due accident fault finally got back work hernia,0.0009999999999923583,False
306,"I've had a history, not going into it, but I used to have psychotic depression at 21, with a very above average drinking habit",1,"have psychotic depression at 21, with a very above average drinking habit",'ve history going used psychotic depression 21 average drinking habit,0.0009999999993449745,False
307,The only enjoyment I've had my winter break or the past few years is when I get high with hydrocodone or other pills,1,get high with hydrocodone or other pills,enjoyment 've winter break past year get high hydrocodone pill,0.0009999999993940483,False
308,If anyone else has been prescribed Lexapro has it helped you or made your depression worse?,1,prescribed Lexapro,anyone else prescribed lexapro helped made depression worse,0.0009999999999986777,False
309,"I've been dealing with major depression and anxiety for some time now, I am using meds and seeing a psychiatrist but it does not help me a bit",1,using meds and seeing a psychiatrist but it does not help me a bit,'ve dealing major depression anxiety time using med seeing psychiatrist help bit,0.0009999999999233244,False
310,I had been taking Lexapro for 2 years up until thanksgiving,1,been taking Lexapro for 2 years,taking lexapro 2 year thanksgiving,0.0009999999999984598,False
311,"In the interest of staying alive until my new dosage of medication kicks in (and hopefully works), my therapist suggested I stay distracted",1,staying alive until my new dosage of medication kicks in,interest staying alive new dosage medication kick hopefully work therapist suggested stay distracted,0.0009999999997667177,False
312,Some fuckin weed would be a good start tho lol,1,Some fuckin weed would be a good start,fuckin weed would good start tho lol,0.0009999999970018317,False
313,My depression is now back with a vengeance and I‚Äö√Ñ√¥m so worried that if my alopecia comes back this time I won‚Äö√Ñ√¥t be able to handle it,1,my alopecia comes back,depression back vengeance i‚äö√ñ√¥m worried alopecia come back time won‚äö√ñ√¥t able handle,0.0009999999932687725,False
314,"I've been going through CBT which has lots of research support, but I always find myself slacking off on changing my behaviours and when I do that",1,going through CBT which has lots of research support,'ve going cbt lot research support always find slacking changing behaviour,0.0009999999994188616,False
315,antidepressants just make you numb,1,antidepressants just make you numb,antidepressant make numb,0.0009999999999989132,True
316,"Can anyone help? need a place to find it, prescription ran out",1,prescription ran out,anyone help need place find prescription ran,0.000999999999999457,True
317,"On the bad days, I get a sort of ""heavy"" feeling in my limbs",1,"get a sort of ""heavy"" feeling in my limbs",bad day get sort `` heavy '' feeling limb,0.0009999999999928605,False
318,"Sometimes my fingertips tingle, especially if I end up crying",1,"fingertips tingle, end up crying",sometimes fingertip tingle especially end cry,0.0009999999999999838,True
319,And my muscles will feel sore and jelly-like as if I'd just gotten done with a strenuous workout,1,my muscles will feel sore and jelly-like,muscle feel sore jelly-like 'd gotten done strenuous workout,0.0009999999999994772,True
320,There‚Äö√Ñ√¥s this terrible feeling that aches inside my chest,1,this terrible feeling that aches inside my chest,there‚äö√ñ√¥s terrible feeling ache inside chest,0.0009999999829217994,False
321,I don‚Äö√Ñ√¥t know if this is some sort of drug reaction or maybe he just has built up anger over today diagnoses?,1,some sort of drug reaction or maybe he just has built up anger over today diagnoses,don‚äö√ñ√¥t know sort drug reaction maybe built anger today diagnosis,0.0009999999952327629,False
322,I was just prescribed it for my severe depression and anxiety,1,prescribed,prescribed severe depression anxiety,0.000999999997154792,False
323,"I had enough to drink that it doesn't hurt, still know what i have to do",1,drink,enough drink n't hurt still know,0.0009999999992668937,False
324,So after some deep soul searching the past couple of days i have come to the conclusion that i am still self harming (29/F) but not by cutting myself like i used to when i was very young,1,"self harming, cutting myself",deep soul searching past couple day come conclusion still self harming 29/f cutting like used young,0.0009999999999688767,False
325,"I guess my thinking is that if i get myself into fights, i‚Äö√Ñ√¥m going to get hurt and a part of me is hoping to be seriously injured so i can just have a break from life Ô£ø√º√¥√ë Anyone else have any odd things they do during a low period?",1,seriously injured,guess thinking get fight i‚äö√ñ√¥m going get hurt part hoping seriously injured break life ô£ø√º√¥√ë anyone else odd thing low period,0.000999999929948575,False
326,"I was going to a doctor who just wanted to prescribe medication, but none of it seemed to really help",1,prescribe medication,going doctor wanted prescribe medication none seemed really help,0.0009999999896297786,False
327,I changed insurance recently and had to switch doctors,1,switch doctors,changed insurance recently switch doctor,0.0009999999948035402,False
328,"So I scheduled a needs assessment and thought, ""finally",1,needs assessment,scheduled need assessment thought `` finally,0.0009999999889692974,False
329,A terminal disease looks like it's my only escape,1,terminal disease,terminal disease look like 's escape,0.0009999999999964722,False
330,Going to focus on getting terminal cancer or maybe sudden death due to heart problems,1,"terminal cancer, heart problems",going focus getting terminal cancer maybe sudden death due heart problem,0.0009999999944794527,False
331,I have to make up my mind tonight because this is the only night I‚Äö√Ñ√¥m considering antidepressants,1,antidepressants,make mind tonight night i‚äö√ñ√¥m considering antidepressant,0.0009999999986104301,False
332,when there was a big operation i was injuried with a dislocated shoulder,1,operation,big operation injuried dislocated shoulder,0.0009999999998218383,False
333,"And I have paranoia too, ever since last year",1,paranoia,paranoia ever since last year,0.0009999999998248693,False
334,I took antidepressant and antipsychotics,1,"antidepressant, antipsychotics",took antidepressant antipsychotic,0.000999999995855291,False
335,And this time I take 2 capsule prozac every moening,1,prozac,time take 2 capsule prozac every moening,0.000999999997552163,False
336,"The summer of 2019 I started developing severe OCD after suffering from mild, unnoticeable OCD for many years",1,severe OCD,summer 2019 started developing severe ocd suffering mild unnoticeable ocd many year,0.0009999999964945554,False
337,anybody know any sites or location to go for help with seeing a lot of trauma and that the has PTSD from 9/11 as well that are easy get to and join in nyc Brooklyn,1,PTSD,anybody know site location go help seeing lot trauma ptsd 9/11 well easy get join nyc brooklyn,0.0009999999953121115,False
338,Certain traumatic events happened that had a lot more impact on me than I realized they did in the moment,1,traumatic events,certain traumatic event happened lot impact realized moment,0.000999999999918504,False
339,This paired with health issues has me becoming more and more depressed and the good moments are far and between,1,health issues,paired health issue becoming depressed good moment far,0.0009999996798812647,False
340,i‚Äö√Ñ√¥ve been going thru a pretty big rough patch i‚Äö√Ñ√¥ve the last month and so the small amount of time i‚Äö√Ñ√¥ve spent at home has been devoted to either drinking smoking or sleeping so it‚Äö√Ñ√¥s become an absolute disaster,4,"smoking, drinking, sleeping",i‚äö√ñ√¥ve going thru pretty big rough patch i‚äö√ñ√¥ve last month small amount time i‚äö√ñ√¥ve spent home devoted either drinking smoking sleeping it‚äö√ñ√¥s become absolute disaster,0.0009999999999950949,False
341,After next Monday when I grab something to eat and a beer then I'll go to a place in the hills or somewhere where I won't be stopped and complete the method,1,beer,next monday grab something eat beer 'll go place hill somewhere wo n't stopped complete method,0.000999999999888694,False
342,Soon I'm going to be asleep and forever away from human suffering and be free if any issues for eternity ‚Äö√π¬ß√î‚àè√®,1,human suffering,soon 'm going asleep forever away human suffering free issue eternity ‚äö√π¬ß√î‚àè√®,0.0009999999999846794,False
343,this is the first time I cut myself and it hurts,1,cut myself,first time cut hurt,0.0009999999989609703,False
344,the pain snapped me back to reality and I don't know what to do,4,snapped me back,pain snapped back reality n't know,0.0009999999984347115,False
345,"the pain hurts, I'm not used to any kind of physical pain and I can't stop crying",1,pain hurts,pain hurt 'm used kind physical pain ca n't stop cry,0.0009999999996805262,False
346,"All the time I've lost to this disease, the contribution it's made to awful sleep, insomnia, and bad health in general",1,"disease, bad health, insomnia, awful sleep",time 've lost disease contribution 's made awful sleep insomnia bad health general,0.000999999978210902,False
347,"I wonder how many days, or how much time it's stolen and continuing to steal from my life? Do I get to suffer for decades and then die early too, maybe when it's just starting to be light",1,get to suffer,wonder many day much time 's stolen continuing steal life get suffer decade die early maybe 's starting light,0.000999999999962551,False
348,It sucks having problems that damage your mind thrust into your life that are beyond your control,4,damage your mind,suck problem damage mind thrust life beyond control,0.0009999999999535266,False
349,I tried to kill myself via partial suspension hanging and all I got was a headache,1,headache,tried kill via partial suspension hanging got headache,0.0009999999971614696,False
350,i want to feel true happiness for once and not just happy off drugs,1,drugs,want feel true happiness happy drug,0.0009999999998619208,False
351,I can't seem to dig out any actual real trauma,1,trauma,ca n't seem dig actual real trauma,0.0009999999748964666,False
352,"Also asked if I was restless all the time and I said yes, and he told me no I wasn‚Äö√Ñ√¥t because I wasn‚Äö√Ñ√¥t fidgeting at that point (even though I was shaking and playing with my Kleenex) Then my mom mentioned the eating disorder clinic I‚Äö√Ñ√¥ve been going to and he asked my bmi and I‚Äö√Ñ√¥m not allowed to know it, so he made me stand up and started patting me down to get a ‚Äö√Ñ√∫feel for my weight‚Äö√Ñ√π",1,mom mentioned the eating disorder,also asked restless time said yes told wasn‚äö√ñ√¥t wasn‚äö√ñ√¥t fidgeting point even though shaking playing kleenex mom mentioned eating disorder clinic i‚äö√ñ√¥ve going asked bmi i‚äö√ñ√¥m allowed know made stand started patting get ‚äö√ñ√∫feel weight‚äö√ñ√π,0.000999999999954003,False
353,I was recently diagnosed with mild depression and GAD and have worry reduction group therapy in a few weeks,1,GAD,recently diagnosed mild depression gad worry reduction group therapy week,0.000999999999910626,False
354,I have tried monitoring sleep but that has stopped and I am sleeping less,1,sleeping less,tried monitoring sleep stopped sleeping le,0.0009999999999940829,False
355,That life is this huge hallucination and that this constant pain you feel is a sign you need to get out of the hallucination and the only way to do it is to kill yourself? Because I do,1,"huge hallucination, constant pain",life huge hallucination constant pain feel sign need get hallucination way kill,0.0009999999999901917,False
356,i just want the pain to stop,1,pain,want pain stop,0.0009999999991530837,False
357,"I feel sad, anxious, nervous and still have panic attacks",4,"anxious, panic attack, nervous",feel sad anxious nervous still panic attack,0.0009999999999411944,False
358,I've been to a mental hospital for appointments and medication but I want to be sectioned instead of forced to live in the normal everyday life that everyone else is living,1,"appointments, medication",'ve mental hospital appointment medication want sectioned instead forced live normal everyday life everyone else living,0.0009999999998592235,False
359,"i had a psychiatrist appointment scheduled on the 7th, but my dad found out and is in a fight with my mom about it, who keeps coming into my room to tell me its all my fault because i don't want to try to convince my father that i DESERVE to seek treatment for already diagnosed depression and ocd",1,diagnosed depression and ocd,psychiatrist appointment scheduled 7th dad found fight mom keep coming room tell fault n't want try convince father deserve seek treatment already diagnosed depression ocd,0.000999999999996583,False
360,"Is accepting your depression bad? I‚Äö√Ñ√¥ve tried therapy and drugs, they didn‚Äö√Ñ√¥t work and I‚Äö√Ñ√¥ve found that I prefer myself unmedicated anyway",1,"unmedicated anyway, tried therapy and drugs",accepting depression bad i‚äö√ñ√¥ve tried therapy drug didn‚äö√ñ√¥t work i‚äö√ñ√¥ve found prefer unmedicated anyway,0.000999999999725443,False
361,i shouldn't be constantly in and out of mental hospitals,1,mental hospitals,n't constantly mental hospital,0.0009999999998443383,False
362,i shouldn't be smoking and swallowing and shooting and snorting whatever i can get my hands on,1,smoking,n't smoking swallowing shooting snorting whatever get hand,0.0009999999999779619,False
363,"i shouldnt have scars all over my arms, legs, belly, chest, and face from cutting",1,scars,shouldnt scar arm leg belly chest face cutting,0.0009999999999574388,False
364,im getting a zip of xanax in a few days,1,xanax,im getting zip xanax day,0.0009999999982939491,False
365,the coke and pills will,1,pills,coke pill,0.0009999999999898916,False
366,Since so much people have overdosed on this subreddit I‚Äö√Ñ√¥m curious,1,overdosed,since much people overdosed subreddit i‚äö√ñ√¥m curious,0.0009999999990420027,False
367,I have a bad tendency to use alcohol to numb these feelings and thoughts,1,alcohol,bad tendency use alcohol numb feeling thought,0.0009999999999991422,True
368,And she has cancer now,1,she has cancer,cancer,0.000999999999999525,True
369,"Been coming off venlafaxine , it's been 2 weeks now been getting weird zaps, down mood, sex problems, and headaches",3,"down mood, headaches, sex problem, venlafaxine",coming venlafaxine 's 2 week getting weird zap mood sex problem headache,0.0009999999999115911,False
370,"/experiences? Or any advice on how to help Probably worth mentioning I've done mdma a few times in the past month as well, which seems to get rid of the vena withdrawls for a couple of days but they keep coming back with vengeance",1,vengeanc,/experiences advice help probably worth mentioning 've done mdma time past month well seems get rid vena withdrawls couple day keep coming back vengeance,0.0009999999857885976,False
371,"Hi! I was previously on 80 mg of Prozac and it helped a little with regulating my mood, but then I think my anxiety got worse because I started having trouble staying asleep and my problems with concentration got even worse",1,anxiety got worse,hi previously 80 mg prozac helped little regulating mood think anxiety got worse started trouble staying asleep problem concentration got even worse,0.0009999999993240262,False
372,"Today, however, I suddenly experienced diarrhea and really bad nausea for the first time",1,"bad nausea, diarrhea",today however suddenly experienced diarrhea really bad nausea first time,0.0009999999733868745,False
373,I have a porn and sex addiction that has lead me to chest on my girlfriend,1,porn and sex addiction,porn sex addiction lead chest girlfriend,0.0009999999993768886,False
374,"I feel nauseous after taking pill,But i didn't drink from today till now (Sorry, my English isn‚Äö√Ñ√¥t good)",1,taking pill,feel nauseous taking pill n't drink today till sorry english isn‚äö√ñ√¥t good,0.0009999999882165777,False
375,I have heart disease but Ihave slowly been losing weight and eating better,1,"heart disease, slowly been losing weight",heart disease ihave slowly losing weight eating better,0.0009999999987616857,False
376,A few days ago I was diagnosed with depression,1,diagnosed,day ago diagnosed depression,0.0009999999976024508,False
377,All i do is get high,1,get high,get high,0.000999999798661765,False
378,It gives me this fuzzy feeling I used to feel with my SO,1,fuzzy feeling,give fuzzy feeling used feel,0.0009999999429727818,False
379,"Is it bad that I kind of want to just catch the virus already? I have a lot of health conditions and if I die from the virus, oh well it was tragic",1,"health conditions, virus",bad kind want catch virus already lot health condition die virus oh well tragic,0.000999999991338571,False
380,"My odds of getting it are pretty high anyway, seeing that I live in the epicenter of the US outbreak and have to go out in public for work",1,US outbreak,odds getting pretty high anyway seeing live epicenter u outbreak go public work,0.0009999999989269673,False
381,I‚Äö√Ñ√¥m an inconvenience and my pain is over dramatic,1,pain is over dramatic,i‚äö√ñ√¥m inconvenience pain dramatic,0.0009999999984040102,False
382,"Dying by COVID-19 would solve that, honestly",1,COVID-19,dying covid-19 would solve honestly,0.0009999999837941647,False
383,"Start shifting personalities and when I interact with my mom or anyone calling me, it's me but not me",1,shifting personalities,start shifting personality interact mom anyone calling 's,0.0009999999978530427,False
384,"the disease is extremely painful and disabling every day is a battle with pain, and controlling symptoms",1,extremely painful,disease extremely painful disabling every day battle pain controlling symptom,0.0009999999999991478,True
385,several doctors have diagnosed me with a neurological disease which they say is untreatable and not curable,1,"diagnosed, neurological disease, untreatable",several doctor diagnosed neurological disease say untreatable curable,0.000999999999780184,False
386,I‚Äö√Ñ√¥ve been diagnosed with PTSD recently and they tell me that my depression is from the PTSD but Jesus I feel like I‚Äö√Ñ√¥m just another mark on the books of a fucked up people,1,been diagnosed with PTSD,i‚äö√ñ√¥ve diagnosed ptsd recently tell depression ptsd jesus feel like i‚äö√ñ√¥m another mark book fucked people,0.000999999999987135,False
387,"I thought my depression had lessened because i was feeling things again, but i have been sober for 2 months now and i think it was probably just the alcohol, because i don‚Äö√Ñ√¥t feel like i have been becoming a lot more numb lately, not being sad feels good at least but i think a lot of the happiness has gone with it, i feel so bored",1,more numb,thought depression lessened feeling thing sober 2 month think probably alcohol don‚äö√ñ√¥t feel like becoming lot numb lately sad feel good least think lot happiness gone feel bored,0.0009999994637533425,False
388,They found my stash of meds so I can't overdose,1,can't overdose,found stash med ca n't overdose,0.0009999999898383449,False
389,"It‚Äö√Ñ√¥s next week, but I‚Äö√Ñ√¥ve had consistent panic attacks for the past week and it‚Äö√Ñ√¥s becoming too much",1,consistent panic attack,it‚äö√ñ√¥s next week i‚äö√ñ√¥ve consistent panic attack past week it‚äö√ñ√¥s becoming much,0.0009999999987797626,False
390,"Im physically getting ill from it i have had headaches, coughs, sore throats I believe its because i feel down and i hardly sleep because im up all night thinkin about how lonely i am even when im not lonely but on the inside i am lonely",1,"cough, sore throats",im physically getting ill headache cough sore throat believe feel hardly sleep im night thinkin lonely even im lonely inside lonely,0.0009999999999825003,False
391,"Of course I want them to wake up, be well again, and for the medical team to strive to save their life",1,medical team,course want wake well medical team strive save life,0.0009999999999347128,False
392,I've been in a therapy for about 2 years now and it seems like I just got worse,1,therapy,'ve therapy 2 year seems like got worse,0.000999999998679868,False
393,I stopped taking my prescription because it didn't work for me,1,stopped taking my prescription,stopped taking prescription n't work,0.0009999997961940314,False
394,There's always a lump in my throat and I've been extremely dissociative,1,lump in my throat,'s always lump throat 've extremely dissociative,0.00099999999637413,False
395,"This keeps happening, i dont know if its my ptsd or anxiety or a panic attack but i start to think about everything and i begin to panic and i am hyperventilating and feel like im trapped and i dont know where to go or what to do, i want to find support for everything and i just dont know where to go i have no one and nothing in my life i feel so alone and so desperate im terrified Help Please",1,"ptsd or anxiety or a panic attack, i begin to panic, hyperventilating",keep happening dont know ptsd anxiety panic attack start think everything begin panic hyperventilating feel like im trapped dont know go want find support everything dont know go one nothing life feel alone desperate im terrified help please,0.0009999999975262976,False
396,"Recently it was suggested that I try TMS (Transcranial Magnetic Stimulation), which has been proven to be effective for depression like mine",1,try TMS,recently suggested try tm transcranial magnetic stimulation proven effective depression like mine,0.0009999999999868916,False
397,"If I down a bottle of sleeping pills and painkillers, would it take me?",1,sleeping pills and painkiller,bottle sleeping pill painkiller would take,0.000999999999526437,False
398,"I explained my hurt and still got hurt, so I chose silence",1,still got hurt,explained hurt still got hurt chose silence,0.0009999999999760882,False
399,I'm so sick of it so sick of it so sick of it so sick of it,1,sick of it,'m sick sick sick sick,0.0009999999999321387,False
400,Why can't it just be fucking over? I'm so tired,1,so tired,ca n't fucking 'm tired,0.0009999999942703801,False
401,"When I first set it, I frequently became nauseous and dizzy thinking about my impending mortality, but as I get closer and closer to the day, the less worried and more ready I feel",1,nauseous and dizzy,first set frequently became nauseous dizzy thinking impending mortality get closer closer day le worried ready feel,0.000999999969202141,False
402,"I attempt to develop motivation, but my depression and anxiety will team up with the PTSD I incurred from being robbed",1,anxiety will team up with the PTSD I incurred from being robbed,attempt develop motivation depression anxiety team ptsd incurred robbed,0.0009999999992512533,False
403,Any chance anyone is up right now? i just cut and tried to take as many anti-depressant meds,1,just cut and tried to take as many anti-depressant meds,chance anyone right cut tried take many anti-depressant med,0.0009999999994738367,False
404,It's a constant pain in my chest and I really really wish the attempted OD would've worked but I was too fucking into crying to go find more pills it should've been enough,1,find more pills,'s constant pain chest really really wish attempted od would 've worked fucking cry go find pill 've enough,0.0009999999999503813,False
405,"I went back recently and the interaction boiled down to them telling me 1) I was medicated at too young of an age (started SSRIs very young) and therefore my parents raised me incorrectly, and 2) Skepticism that the therapy ever helped me",1,therapy ever helped,went back recently interaction boiled telling 1 medicated young age started ssri young therefore parent raised incorrectly 2 skepticism therapy ever helped,0.0009999999998926746,False
406,"I'm trying to do my best, I'm trying to improve my mental health, I'm taking my medication but I don't think I will ever be really happy, I don't really think I could be usefull for this society",1,taking my medication,'m trying best 'm trying improve mental health 'm taking medication n't think ever really happy n't really think could usefull society,0.000999999999993266,False
407,"I‚Äö√Ñ√¥ve been on bupropion, sertraline, risperidone and citalopram",1,sertraline,i‚äö√ñ√¥ve bupropion sertraline risperidone citalopram,0.0009999999999057104,False
408,"No dizziness, sleepiness, wooziness, grogginess, horniness, happiness, sadness, gassiness or any other ness",1,"sleepiness, gassiness",dizziness sleepiness wooziness grogginess horniness happiness sadness gassiness ness,0.0009999999999987371,False
409,I was hit in a wreak that has made me suffer chronic headaches everyday,1,suffer chronic headaches everyday,hit wreak made suffer chronic headache everyday,0.0009999999975668864,False
410,"Chronic heavy drinker, binge eater, lack of exercise",1,"binge eater, lack of exercise",chronic heavy drinker binge eater lack exercise,0.0009999999992150543,False
411,"I have difficulty making plans due to a mild obsessive compulsive disorder, and just finding time",1,difficulty making plans due to a mild obsessive compulsive disorder,difficulty making plan due mild obsessive compulsive disorder finding time,0.0009999999983172781,False
412,I assume that death by virus or something else would be less than suicidal,1,death by virus,assume death virus something else would le suicidal,0.0009999999999938203,False
413,"I'm missing work because I just can't be bothered, I don't have health insurance so I've been off medications for about 2 years, I just can't handle this anymore",1,off medications,'m missing work ca n't bothered n't health insurance 've medication 2 year ca n't handle anymore,0.000999999999999494,True
414,"Since I started college, my life has gone downhill because of my health",1,health,since started college life gone downhill health,0.0009999999977189649,False
415,"On top of depression and anxiety, I also have chronic fatigue syndrome, chronic pelvic pain syndrome, migraines, and porn-induced erectile dysfunction",1,"I also have chronic fatigue syndrome, chronic pelvic pain syndrome, migraines, and porn-induced erectile dysfunction",top depression anxiety also chronic fatigue syndrome chronic pelvic pain syndrome migraine porn-induced erectile dysfunction,0.0009999999998262013,False
416,I went to a massage parlor where I'm pretty sure an unprotected act has led to me contracting HIV,1,led to me contracting HIV,went massage parlor 'm pretty sure unprotected act led contracting hiv,0.0009999999999946473,False
417,"But I've been really afraid of the idea that, even tho they try to, they can't really change things or help me in the ways that really matter in the end, like my mental condition, my traumas and the inescapable barrier that is my social class",1,my traumas and the inescapable barrier,'ve really afraid idea even tho try ca n't really change thing help way really matter end like mental condition trauma inescapable barrier social class,0.0009999999751066737,False
418,Please ffs please i need some kind of drug to fix this shit,1,please i need some kind of drug,please ffs please need kind drug fix shit,0.0009999999999999842,True
419,I just got better a little bit and now i drinking and crying nonstop what should i do beside cutting myself or drinking alcohol?,4,i drinking and crying nonstop,got better little bit drinking cry nonstop beside cutting drinking alcohol,0.000999999989475928,False
420,My severe acne gives me really bad anxiety and makes me undesirable and I've tried getting rid of it but nothing works,1,severe acne,severe acne give really bad anxiety make undesirable 've tried getting rid nothing work,0.0009999999981657342,False
421,"However I‚Äö√Ñ√¥ve had 3 failed shoulder surgeries since 2016 and my shoulder pain triggers relapses into anger, depression, and feeling bad for myself",1,failed shoulder surgeries,however i‚äö√ñ√¥ve 3 failed shoulder surgery since 2016 shoulder pain trigger relapse anger depression feeling bad,0.0009999999457071494,False
422,I know people deal with much more serious strokes of misfortune than a bad arm but I often spiral into feeling bad for myself and being mad at myself for the basketball plays that led to the original injuries,1,original injuries,know people deal much serious stroke misfortune bad arm often spiral feeling bad mad basketball play led original injury,0.0009999999999814632,False
423,"For the first week I was prescribed 5mg, 10mg thereafter",1,"I was prescribed 5mg, 10mg thereafter",first week prescribed 5mg 10mg thereafter,0.0009999997618884598,False
424,Why is it the only time i don‚Äö√Ñ√¥t feel depressed is when I‚Äö√Ñ√¥m drunk or high? I‚Äö√Ñ√¥m not trying to rely on these things but damn it‚Äö√Ñ√¥s really hard not to,1,drunk,time don‚äö√ñ√¥t feel depressed i‚äö√ñ√¥m drunk high i‚äö√ñ√¥m trying rely thing damn it‚äö√ñ√¥s really hard,0.0009999999733841872,False
425,"I'm always tired, my concentration and memory got worse, what did you do to get better? I'm taking 20 mg lexapro but seems it doesn't work for that, generic wellbutrin 150 mg too, i was exhausted even before taking medications",1,taking 20 mg lexapro,'m always tired concentration memory got worse get better 'm taking 20 mg lexapro seems n't work generic wellbutrin 150 mg exhausted even taking medication,0.000999999999452887,False
426,"i wake up unrefreshed every fucking day, it's a nightmare, chronic headache and backache as well every day",1,"chronic headache, backache",wake unrefreshed every fucking day 's nightmare chronic headache backache well every day,0.0009999999998090757,False
427,I've tried telling her I can't sleep over because I need my meds and for other reasons,1,can't sleep,'ve tried telling ca n't sleep need med reason,0.0009999999977965608,False
428,""" Or if I tell her that it's my anxiety and ADHD pills she is like ""everyone has some form of ADHD",4,"anxiety, ADHD",`` tell 's anxiety adhd pill like `` everyone form adhd,0.0009999999993779128,False
429,"Due to fact that I have been doing self harm as way to punish myself for about a 1yr now my pesky razors won't make me bleed and bc of the lack of blood my hands and feet are always cold and purpleish, my wrist is partially numb, and I'm always tired mentally or physicall",1,"self harm, lack of blood",due fact self harm way punish 1yr pesky razor wo n't make bleed bc lack blood hand foot always cold purpleish wrist partially numb 'm always tired mentally physicall,0.0009999999996660265,False
430,I feel like no matter how great I feel (I‚Äö√Ñ√¥ve been on antidepressants for almost two years now) it‚Äö√Ñ√¥s always in the back of my mind that my parents are suffering from illness and injury everyday and it kills me,1,my parents are suffering from illness and injury everyday,feel like matter great feel i‚äö√ñ√¥ve antidepressant almost two year it‚äö√ñ√¥s always back mind parent suffering illness injury everyday kill,0.0009999999976337938,False
431,"I have severe severe depression, high magnitude of anxiety, neurotic personality and obsessive thinking",1,"high magnitude of anxiety, neurotic personality, obsessive thinking",severe severe depression high magnitude anxiety neurotic personality obsessive thinking,0.0009999999914111317,False
432,Is this treatment appropriate and normal? Total sessions: 10 days Sessions per day: 2 15 mins each session with one hour gap in between,1,treatment,treatment appropriate normal total session 10 day session per day 2 15 min session one hour gap,0.0009999999925537778,False
433,"I suffer from asthma, bronchopulmonary dysplasia, and a heart condition",1,"bronchopulmonary dysplasia, heart condition",suffer asthma bronchopulmonary dysplasia heart condition,0.000999999999995941,False
434,I've suffered from pneumonia multiple times in the past and had to be placed on oxygen,1,suffered from pneumonia multiple times,'ve suffered pneumonia multiple time past placed oxygen,0.000999999998738434,False
435,Due to medical treatment I have been throwing up for what feels like most of the night,1,medical treatment,due medical treatment throwing feel like night,0.0009999999996351656,False
436,When I relapsed on alcohol everything goes to shit,1,relapsed on alcohol,relapsed alcohol everything go shit,0.0009999999879403251,False
437,I want to slit my wrists vertically,1,want to slit my wrist,want slit wrist vertically,0.0009999999996407524,False
438,I also have a physical disability,1,physical disability,also physical disability,0.0009999999999944643,False
439,I have a mental illness called schizophrenia where the brain cognitive is dysfunctional,1,"I have a mental illness called schizophrenia, the brain cognitive is dysfunctional",mental illness called schizophrenia brain cognitive dysfunctional,0.0009999999999893878,False
440,"Why can‚Äö√Ñ√¥t I do what I need to do? I remember telling my final therapist how I‚Äö√Ñ√¥d sit paralyzed while my mind screamed at me to do things, and she said I just had to do them",1,paralyzed,can‚äö√ñ√¥t need remember telling final therapist i‚äö√ñ√¥d sit paralyzed mind screamed thing said,0.0009999999901161548,False
441,"My moods were under control when I was on lithium and zoloft, but the zoloft (50 mg, so not much) absolutely ZAPPED my sex drive",1,"lithium, zoloft",mood control lithium zoloft zoloft 50 mg much absolutely zapped sex drive,0.000999999999668831,False
442,"Last June, I went off the zoloft and stuck with the lithium and felt fine, but I felt some depression symptoms coming back after a couple months",1,"lithium, zoloft",last june went zoloft stuck lithium felt fine felt depression symptom coming back couple month,0.0009999999899167609,False
443,They want to send me to hospital,1,send me to hospital,want send hospital,0.0009999999963804635,False
444,I've also been having dreams about car crashes to the point I'm scared to drive farther than 5 minutes from my house,1,dreams about car crashes,'ve also dream car crash point 'm scared drive farther 5 minute house,0.0009999999999999976,True
445,"The first time, I lost nearly all of my memories from the past (retrograde amnesia), so I couldn't recognize most people that I knew",1,retrograde amnesia,first time lost nearly memory past retrograde amnesia could n't recognize people knew,0.0009999997903382097,False
446,I use drugs to cope,1,use drugs to cope,use drug cope,0.0009999999999490941,False
447,"Weed, Adderall, lean, alcohol, Xanax, Ambien, and LSD",1,alcohol,weed adderall lean alcohol xanax ambien lsd,0.0009999999988852411,False
448,"Hey, i'm Anwen, I have a dissociative personality disorder aka DID",1,dissociative personality disorder,hey 'm anwen dissociative personality disorder aka,0.0009999999349582503,False
449,I have been so paralyzed with depression that I often cannot do basic tasks for myself,1,paralyzed,paralyzed depression often basic task,0.0009999999999972357,False
450,I had an open cosmetic rhinoplasty 4 months ago and since then I've been experiencing symptoms that have been fairly debilitating for me,1,open cosmetic rhinoplasty,open cosmetic rhinoplasty 4 month ago since 've experiencing symptom fairly debilitating,0.0009999999106356816,False
451,I'm on sleeping pills which is barely helping me get a few hours throughout the night,1,on sleeping pills,'m sleeping pill barely helping get hour throughout night,0.0009999999966413882,False
452,How would I know if I have empty nose syndrome or if I should wait longer to see if my issues are resolved naturally? Please help anyone who has gone through something similar or knows someone who has gotten better as I've become a shell of myself,1,empty nose syndrome,would know empty nose syndrome wait longer see issue resolved naturally please help anyone gone something similar know someone gotten better 've become shell,0.000999999999691382,False
453,"I'm constantly euphoric, spontaneous feeling of deep rage and an impulse to punch and scream",1,spontaneous feeling of deep rage and an impulse to punch and scream,'m constantly euphoric spontaneous feeling deep rage impulse punch scream,0.0009999999999849942,False
454,Besides drinking and crying until I pass out,1,"drinking, crying",besides drinking cry pas,0.0009999999966747003,False
455,I still have no appetite,1,no appetite,still appetite,0.0009999999634293076,False
456,I‚Äö√Ñ√¥ve cut myself with many different things over the years,1,cut myself,i‚äö√ñ√¥ve cut many different thing year,0.0009999999999892684,False
457,"I‚Äö√Ñ√¥m addicted, but scared",1,"addicted, scared",i‚äö√ñ√¥m addicted scared,0.00099999999939941,False
458,"How do I stop? They‚Äö√Ñ√¥re just cuts I tell myself, but I know there‚Äö√Ñ√¥s some emotional damage",4,emotional damage,stop they‚äö√ñ√¥re cut tell know there‚äö√ñ√¥s emotional damage,0.0009999999991663457,False
459,Debt + gambling addiction + pure unhappy,1,gambling addiction,debt gambling addiction pure unhappy,0.000999999977980991,False
460,"Welp, just got done with another batch of doctors visits and the results are in, I will be crippled for the rest of my life",1,doctors visit,welp got done another batch doctor visit result crippled rest life,0.0009999999999884043,False
461,"I would like to say that I was shook, but I knew she has the habit of consuming a lot of sleeping pills just for not having to deal with the daily problems",1,consuming a lot of sleeping pills just for not having to deal with the daily problems,would like say shook knew habit consuming lot sleeping pill deal daily problem,0.000999999999332437,False
462,"And then my mate punched me in the face, and now I feel completely demotivated",1,my mate punched me in the face,mate punched face feel completely demotivated,0.000999999999017138,False
463,"It's like, what's the point, y'know? If I have fun, I get punched, if I'm upset, I get punched, if I say the wrong thing, I get punched, if I complain about it, I get punched! Like, what's the fucking point, y'know!?",1,I get punched,'s like 's point y'know fun get punched 'm upset get punched say wrong thing get punched complain get punched like 's fucking point y'know,0.000999999999975086,False
464,"Heck, I've been putting off this post for months now and I stopped halfway my stream of conciousness because there are far more serious problems to discuss about here than some indecision, burn-out and post-breakup trauma",1,burn-out and post-breakup trauma,heck 've putting post month stopped halfway stream conciousness far serious problem discus indecision burn-out post-breakup trauma,0.000999999999104679,False
465,"It's been the same for 10 fucking years: my parents get drunk, they start fighting and later they start bothering me and my big brother",1,start fighting,'s 10 fucking year parent get drunk start fighting later start bothering big brother,0.0009999996585618352,False
466,I grew up to hate alcohol because I saw my father drunk been horrible to my mother,1,hate alcohol,grew hate alcohol saw father drunk horrible mother,0.0009999999999381717,False
467,"I was diagnosed with depression, anxiety and OCD, I was hospitalized for a few suicide attempts",1,anxiety and OCD,diagnosed depression anxiety ocd hospitalized suicide attempt,0.0009999999999467351,False
468,"* Some time back, they got their house broken into and while fighting the intruder(s) off, they received an injury in their head",1,injury in their head,time back got house broken fighting intruder received injury head,0.0009999999999867853,False
469,Since I've been diagnosed with severe depression in August I tried medication and am currently in therapy,1,"diagnosed, therapy",since 've diagnosed severe depression august tried medication currently therapy,0.000999999999999396,True
470,"The break-up, depression, moving out, having no close friends at my university, no sure if I even want to study the subjects I'm studying",1,close friends,break-up depression moving close friend university sure even want study subject 'm studying,0.0009999999984383217,False
471,I don't feel anything anymore and randomly break down and cry,1,randomly break down and cry,n't feel anything anymore randomly break cry,0.0009999999999994696,True
472,Somebody I care very much for has been on escitalopram for years due to crippling depression,1,on escitalopram for years,somebody care much escitalopram year due crippling depression,0.0009999999999894197,False
473,"Now, for the past week and a half, he's been feeling very emotional and out of control and the past 3 or 4 days he just can't stop crying, even at work",1,crying,past week half 's feeling emotional control past 3 4 day ca n't stop cry even work,0.0009999999962294972,False
474,"I've been depressed for more than a year now, I am a teenager and self-diagnosed but I'm absolutely sure what I've been going through is depression",1,self-diagnosed,'ve depressed year teenager self-diagnosed 'm absolutely sure 've going depression,0.0009999999996716778,False
475,"She's happier after she broke up with me, I feel like its my fault i lost her it probably was, bipolar disorder OCD and anxiety just get to be to much for me and i either say things i don't mean or make dumb jokes",1,"bipolar disorder, OCD and anxiety",'s happier broke feel like fault lost probably bipolar disorder ocd anxiety get much either say thing n't mean make dumb joke,0.000999999999933883,False
476,"You used to make me die inside! Well look at me, depressed found people who care; I still sit at the edge of pulling the trigger are letting my car run me over, better yet I should probably just play Russian roulette with a loaded gun! All I do is think of you yet I stand in the place where is doesn't matter and I think today is where I curved my self into hell and you won and the record final broke in two! You where all I have; now I don't even have you, but I'm numb to pain and don't feel the bullet fly through my brain! ~NBC N/P",1,numb to pain,used make die inside well look depressed found people care still sit edge pulling trigger letting car run better yet probably play russian roulette loaded gun think yet stand place n't matter think today curved self hell record final broke two n't even 'm numb pain n't feel bullet fly brain ~nbc n/p,0.000999999993149317,False
477,I think being bored 9-5 is even more depressing! Now I'm desperately struggling to keep happy and I have this low to medium level of anxiety that just won't go away no matter how hard I try and think differently,1,"medium level of anxiety, being bored 9-5 is even more depressing",think bored 9-5 even depressing 'm desperately struggling keep happy low medium level anxiety wo n't go away matter hard try think differently,0.0009999999972606446,False
478,I've gotten so used to my shitty life and the thought of wanting to die that I can't cry anymore when I'm depressed,1,can't cry anymore,'ve gotten used shitty life thought wanting die ca n't cry anymore 'm depressed,0.0009999999951323143,False
479,Now i live with my drug addict dad in the hood,1,ive with my drug addict dad in the hood,live drug addict dad hood,0.0009999999997552002,False
480,Feeling like I just want to turn to drugs right now,1,turn to drugs,feeling like want turn drug right,0.0009999999987900597,False
481,Is it because I don't do sports? Because I'm so depressed I stay up till 4 every morning crying myself to sleep? I don't get it This last girl left me shattered,1,crying myself to sleep,n't sport 'm depressed stay till 4 every morning cry sleep n't get last girl left shattered,0.000999999995897056,False
482,My remaining parent has been diagnosed with cancer,1,parent has been diagnosed with cancer,remaining parent diagnosed cancer,0.0009999999994291953,False
483,In the last weeks my suicidal thoughts have increased by alot and anxiety and an uncomfortable feeling in my chest has increased too,1,"anxiety, feeling in my chest",last week suicidal thought increased alot anxiety uncomfortable feeling chest increased,0.0009999999999999827,True
484,Will that do the trick? I could cut my veins off but I'm too much of a pussy to stand the pain,1,cut my veins,trick could cut vein 'm much pussy stand pain,0.0009999999964330774,False
485,"I grew up in a toxic environment, now that I'm older, all the trauma is coming at me like a freight train and I'm just left to deal with it",1,trauma is coming at me,grew toxic environment 'm older trauma coming like freight train 'm left deal,0.0009999999999599004,False
486,I look like a freak not crying,1,look like a freak not crying,look like freak cry,0.0009999999952483192,False
487,I can't take much more pain,1,can't take much more pain,ca n't take much pain,0.0009999999976337188,False
488,Add onto that my parents havent allowed me out of the house since I was released from the hospital for being suicidal,1,released from the hospital,add onto parent havent allowed house since released hospital suicidal,0.0009999999983095265,False
489,"Premise, I have nocturnal enuresis",1,nocturnal enuresis,premise nocturnal enuresis,0.0009999999946786657,False
490,"I want to stop myself from masturbating, I want to stop myself from watching porn",1,stop myself from watching porn,want stop masturbating want stop watching porn,0.000999999999930321,False
491,I spent so long trying to convince myself that there's no huge fucking glaring flaw with my personality that drives people away but I guess the universe just keeps trying to convince me otherwise,1,glaring flaw with my personality that drives people away,spent long trying convince 's huge fucking glaring flaw personality drive people away guess universe keep trying convince otherwise,0.0009999999998275171,False
492,"She was abusive, and a huge contributor to my worsening depression",1,abusive,abusive huge contributor worsening depression,0.0009999999963581428,False
493,I go to bed and I can't sleep because I am just always thinking about all the bad stuff she has done to me,4,can't sleep,go bed ca n't sleep always thinking bad stuff done,0.000999999999988295,False
494,Why would anyone think that I'm pretty or attractive?,1,"Why would anyone think that I'm pretty, attractive",would anyone think 'm pretty attractive,0.0009999999998810845,False
495,"Well point being I can‚Äö√Ñ√¥t continue with this wretched disease posing my thoughts, relationships and life",1,wretched disease,well point can‚äö√ñ√¥t continue wretched disease posing thought relationship life,0.0009999999996870164,False
496,"These last couple of days though I just feel so lonely and depressed, I just want to drink constantly, I drank last night and the night before, and it‚Äö√Ñ√¥s only 11am and I already feel like drinking again",1,"drink constantly, lonely",last couple day though feel lonely depressed want drink constantly drank last night night it‚äö√ñ√¥s 11am already feel like drinking,0.00099999999999879,True
497,"Right now, im laying in my bed, legs sore, body numb, and drowning in despair",1,body numb,right im laying bed leg sore body numb drowning despair,0.0009999999947072323,False
498,"I didn't do it for the sake of my mental health, I constantly get verbally and physically abused by those relatives and that has been like that since I was born",1,verbally and physically abused,n't sake mental health constantly get verbally physically abused relative like since born,0.000999999998893134,False
499,"I have battling with disease alone, no meds, got therapy just twice because I couldn't afford more, but still they say I have no right to complain since ""they had horrible childhoods and I didn't have to sell anything on the streets""",1,"disease alone, no meds, got therapy",battling disease alone med got therapy twice could n't afford still say right complain since `` horrible childhood n't sell anything street '',0.0009999999984502009,False
500,I haven‚Äö√Ñ√¥t been able to stop crying and the pain has just become unbearable,1,pain,haven‚äö√ñ√¥t able stop cry pain become unbearable,0.0009999999110391134,False
501,No life will ever make up for the pain I feel,1,pain,life ever make pain feel,0.0009999999218447354,False
502,Today I could not leave my bed,1,could not leave my bed,today could leave bed,0.000999999999951534,False
503,"Ok so I'm not gonna lie, I'm drunk, its New Year's day, and I have had a lot of time to self reflect lately",1,drunk,ok 'm gon na lie 'm drunk new year 's day lot time self reflect lately,0.000999999942456449,False
504,"When I was severely depressed, my therapist recommended using distraction to prevent myself from being consumed by flashbacks of former trauma",1,consumed by flashbacks of former trauma,severely depressed therapist recommended using distraction prevent consumed flashback former trauma,0.0009999999996662345,False
505,first they just dont talk to you? im not closee with my family for reasons of physical and psychological abuse i have about 4 or 5 close friends id say and they all know i struggle with depression and are always willing to help etc when i reach out but,1,physical and psychological abuse,first dont talk im closee family reason physical psychological abuse 4 5 close friend id say know struggle depression always willing help etc reach,0.0009999999998837076,False
506,i have no more energy to do anything and have no pleasure doing things i enjoyed beforehand like going out,1,no more energy,energy anything pleasure thing enjoyed beforehand like going,0.0009999999997433655,False
507,It feels like there's a weight on my chest all the time and anytime I think about being happy my mind shuts it down,1,there's a weight on my chest,feel like 's weight chest time anytime think happy mind shuts,0.0009999999999513527,False
508,But I just need some way to get rid of the pain,1,rid of the pain,need way get rid pain,0.0009999999999919691,False
509,"Sore feet and legs, a bit dehydrated and sunburnt, but still better",1,dehydrated,sore foot leg bit dehydrated sunburnt still better,0.0009999999999906763,False
510,I mean I see it as weak as a man standpoint but it‚Äö√Ñ√¥s comforting when it can put you to sleep getting all your emotions out and I constantly do it for the comfort I can never get from anybody else,1,weak,mean see weak man standpoint it‚äö√ñ√¥s comforting put sleep getting emotion constantly comfort never get anybody else,0.0009999999999700567,False
511,"It‚Äö√Ñ√¥s nice and puts you to ease but it seems so pathetic but I can‚Äö√Ñ√¥t stop myself from doing it, I need comfort and I need self reinsurance that I‚Äö√Ñ√¥ll be okay and comforted",1,need comfort,it‚äö√ñ√¥s nice put ease seems pathetic can‚äö√ñ√¥t stop need comfort need self reinsurance i‚äö√ñ√¥ll okay comforted,0.0009999999956054842,False
512,Is this really pathetic? I don‚Äö√Ñ√¥t think of it as a personal stand point but from self judge and trying to be generally not so weak,1,weak,really pathetic don‚äö√ñ√¥t think personal stand point self judge trying generally weak,0.0009999999999826276,False
513,"When my brothers saw that they just tried to help me, and I told them too to fuck off and went outside to punch the wall until my hands started to bleed",1,punch the wall until my hands started to bleed,brother saw tried help told fuck went outside punch wall hand started bleed,0.0009999999999125478,False
514,But I'm sick of feeling like shit all the time,1,feeling like shit all the time,'m sick feeling like shit time,0.0009999999976065964,False
515,So why did I get cripplingly depressed all of a sudden? The brief period where I was exposed to just a little too much lead as a kid? When I fell on my head and got a crack in my skull at age 2? My parents don't eat that healthy and I didn't start eating right until my teens,1,eat that healthy,get cripplingly depressed sudden brief period exposed little much lead kid fell head got crack skull age 2 parent n't eat healthy n't start eating right teen,0.0009999999999892636,False
516,"Yes I know I'm stupid, yes i know im slow, yes i know im weak and yes I know this amuses you but can you just please move on",1,"yes i know im slow, yes i know im weak and yes I know this amuses you",yes know 'm stupid yes know im slow yes know im weak yes know amuses please move,0.0009999999998853253,False
517,I have newly joined the paralyzed party from a car accident and it‚Äö√Ñ√¥s hard to cope,1,ave newly joined the paralyzed party from a car accident,newly joined paralyzed party car accident it‚äö√ñ√¥s hard cope,0.0009999999999827525,False
518,i tried to rationalise but she just goes that my future would be ruined by my abnormality,1,rationalise but she just goes that my future would be ruined by my abnormality,tried rationalise go future would ruined abnormality,0.0009999999997041607,False
519,It's 1AM here and I have a lot going on in my head so I can't really be bothered to sleep anytime soon,1,sleep anytime soon,'s 1am lot going head ca n't really bothered sleep anytime soon,0.0009999999996254878,False
520,"Now, I'm scared that he could maybe tell her about my hair-shaving, or that my girlfriend could find my bald photos (4 of them) on facebook",1,bald,'m scared could maybe tell hair-shaving girlfriend could find bald photo 4 facebook,0.000999999991128203,False
521,"i‚Äö√Ñ√¥m always the one getting put down, bullied, or given a hard time in this household",4,bullied,i‚äö√ñ√¥m always one getting put bullied given hard time household,0.0009999999997494153,False
522,"People always need to point out how I look, whether it be anorexic when I was sad or chubby when I started feeling a bit happier again",1,whether it be anorexic when I was sad or chubby,people always need point look whether anorexic sad chubby started feeling bit happier,0.0009999999978452603,False
523,"I gave up all the weed and alcohol that I was doing last semester, but it was the only thing that helped",1,gave up all the weed and alcohol that I was doing last semester,gave weed alcohol last semester thing helped,0.000999999993824044,False
524,"Not control me, not contact me only when he wants something, not judging me and calling me chubby",1,not judging me and calling me chubby,control contact want something judging calling chubby,0.0009999999987906792,False
525,How can I get help and reach out? I am so tired of being tired,1,so tired of being tired,get help reach tired tired,0.0009999999958360804,False
526,"First, not having autism would be nice",1,not having autism would be nice,first autism would nice,0.0009999999978200999,False
527,"I started self-harming about 2 weeks ago and it was such a bad mistake, it's becoming an addiction",1,addiction,started self-harming 2 week ago bad mistake 's becoming addiction,0.0009999999999655762,False
528,"I almost ended up in the psych ward, kinda voluntarily because they asked me if i want to stay or go home and i said to go home but i kinda regret that now, idk why tbh",1,psych ward,almost ended psych ward kinda voluntarily asked want stay go home said go home kinda regret idk tbh,0.0009999997849266195,False
529,"While they were married, my siblings and I witnessed verbal abuse, threats, dad pushed our mom, mom crying, dad coming home drunk, and even after the divorce they constantly talked bad about each other",1,verbal abuse,married sibling witnessed verbal abuse threat dad pushed mom mom cry dad coming home drunk even divorce constantly talked bad,0.000999999997500208,False
530,"Ironically, this makes me want to self harm, but self harming itself has left me with scars that make me feel worse about myself which, in turn, makes me want to end my life or self harm more",1,left me with scars,ironically make want self harm self harming left scar make feel worse turn make want end life self harm,0.0009999999999872977,False
531,"My parents fight all the time, Idk if ive been verbally abused or what but my mother yells at me a lot, typically calls me a little shit",3,"verbally abused, mother yells",parent fight time idk ive verbally abused mother yell lot typically call little shit,0.0009999999997851092,False
532,One of my friends who I thought was my friend leaked out that I'm autistic and have ADHD as well as I take medications for that every day,1,"autistic, ADHD",one friend thought friend leaked 'm autistic adhd well take medication every day,0.000999999922752414,False
533,"Preface, I'm a bit drunk rn, it helps numb this pain",1,"pain, drunk",preface 'm bit drunk rn help numb pain,0.0009999999997689893,False
534,I got home in a cab and cried the entire way,1,cried,got home cab cried entire way,0.0009999999999654968,False
535,why not sneak some of my grandpas pain pills while im at it,1,pain pills,sneak grandpa pain pill im,0.0009999999990392254,False
536,"For a long time, I've felt like my problems did not warrant a therapy session, so I am just now taking my situation more seriously",1,therapy session,long time 've felt like problem warrant therapy session taking situation seriously,0.000999999999979584,False
537,"I might be able to get on my partner's insurance at some point, but I have no idea when, I'm now terrified of not being able to afford therapy, because I can feel myself getting close to a breaking point",1,therapy,might able get partner 's insurance point idea 'm terrified able afford therapy feel getting close breaking point,0.0009999999640365898,False
538,"addicted parents who‚Äö√Ñ√¥ve never been there emotionally for me, abusive relationships, eating disorders, anxiety, depression",1,"anxiety, eating disorder, abusive relationships",addicted parent who‚äö√ñ√¥ve never emotionally abusive relationship eating disorder anxiety depression,0.0009999999966818153,False
539,Still i find the relaxing effect alcohol have on me frightening,1,alcohol,still find relaxing effect alcohol frightening,0.0009999999998597851,False
540,I‚Äö√Ñ√¥m just so sick and tired of it,1,sick,i‚äö√ñ√¥m sick tired,0.0009999999995157717,False
541,"On the last 3 days, I just got emotionally triggerred just by reading a manga that potrays loneliness and pedophilic romantic relationships",1,pedophilic romantic relationships,last 3 day got emotionally triggerred reading manga potrays loneliness pedophilic romantic relationship,0.0009999999999964686,False
542,Both my dad and mom were alcoholics and physically and emotionally abusive in the past,1,physically and emotionally abusive,dad mom alcoholic physically emotionally abusive past,0.0009999999995847035,False
543,My mom relies on marijuana and other pain relieving drugs to get through her day,1,mom relies on marijuana,mom relies marijuana pain relieving drug get day,0.0009999999211982597,False
544,I was in a mentally abusive relationship with a lot of cheating and even my dreams act out me getting revenge,1,mentally abusive relationship,mentally abusive relationship lot cheating even dream act getting revenge,0.0009999999993321428,False
545,"I have alcoholic dad, he often lies, also he borrowing my money, but never give them me back",1,alcoholic dad,alcoholic dad often lie also borrowing money never give back,0.000999999956146041,False
546,"I feel like the systems in place quite literally fuck you over if you have abusive families, needing their birth certificates to verify things",1,have abusive families,feel like system place quite literally fuck abusive family needing birth certificate verify thing,0.0009999999999513386,False
547,Wherever I go I'm the ugliest person,1,ugliest person,wherever go 'm ugliest person,0.0009999999729883038,False
548,not when i was assaulted (groped) not when i came home crying when i was bullied mercilessly,1,when i was assaulted (groped) not when i came home crying when i was bullied mercilessly,assaulted groped came home cry bullied mercilessly,0.0009999999629466843,False
549,not when I cry to her that nobody loves me (literally says I'm being manipulative when I do and I'm doing it for attention) not when I slashed my thighs when she told me that if I didnt graduate college I would be a loser that relys on welfare homeless and a drug addict,1,a drug addict,cry nobody love literally say 'm manipulative 'm attention slashed thigh told didnt graduate college would loser relys welfare homeless drug addict,0.0009999999965758122,False
550,I hit my best friend kinda on accident and he hates me now,1,"hit my best friend kinda on accident, he hates me now",hit best friend kinda accident hate,0.0009999999916162018,False
551,"I got drunker than I ever have in my life and I kind of got taken advantage of, and I really think about it a lot",1,drunker,got drunker ever life kind got taken advantage really think lot,0.0009999999969217512,False
552,"How could this person that I thought was my friend let this happen to me? Why is it that everyone was mad at me for crying about it after it happened, why did everyone tell me I was making a scene, telling me I was making it a bigger deal than it really was",1,everyone was mad at me for crying,could person thought friend let happen everyone mad cry happened everyone tell making scene telling making bigger deal really,0.0009999999999999684,True
553,"About two weeks ago my mom took all my meds away, u know , just in case",1,mom took all my meds away,two week ago mom took med away u know case,0.0009999999998730278,False
554,I‚Äö√Ñ√¥m tired of my dad being a pervert and my mom being oblivious or pretending not to notice,1,pervert and oblivious,i‚äö√ñ√¥m tired dad pervert mom oblivious pretending notice,0.0009999999995384528,False
555,"I'm stuck here, feeling miserable, and knowing I have to go out tonight and be social so I don't end up sitting here alone, probably drinking by myself and inevitably hurting myself",1,"probably drinking by myself and inevitably hurting myself, don't end up sitting here alone",'m stuck feeling miserable knowing go tonight social n't end sitting alone probably drinking inevitably hurting,0.0009999999995506951,False
556,I spent mine crying in a dark house by myself,1,crying in a dark house by myself,spent mine cry dark house,0.0009999999999868406,False
557,"I used to be parts of groups, used to make friends in school, used to have things to do outside the house",1,used to make friends,used part group used make friend school used thing outside house,0.0009999999991745702,False
558,"but why do I feel so cynical, so annoyed, and so much like crying instead? I wish we were all together tonight",1,feel so cynical,feel cynical annoyed much like cry instead wish together tonight,0.00099999999075346,False
559,I have been hit hard with what I think is depression (have several symptoms) but it kind of makes me numb and not really care about shit anymore,1,makes me numb,hit hard think depression several symptom kind make numb really care shit anymore,0.000999999999981752,False
560,"I used to care about everything a lot and got anxious about everything, overthought everything",4,anxious about everything,used care everything lot got anxious everything overthought everything,0.0009999999999727566,False
561,I have been feeling low for the past couple days and just felt really anxious and upset on the day of NYE,4,anxious,feeling low past couple day felt really anxious upset day nye,0.0009999998188546767,False
562,"Fuck you and everything you stand for: whining, complaining, cynicism, pessimism",1,"cynicism, pessimism",fuck everything stand whining complaining cynicism pessimism,0.0009999999999993371,True
563,"I could just get a refound from the store, but I couldn't make a call, instead sit in my room and cryed like a bitch",1,sit in my room and cryed like a bitch,could get refound store could n't make call instead sit room cryed like bitch,0.000999999999998993,True
564,"Ever since i started ive been kicked out of an apartment, failed loads, drunk too much, spent most of my money on shit food and now im waiting at home for my inevitable failure",1,drunk too much,ever since started ive kicked apartment failed load drunk much spent money shit food im waiting home inevitable failure,0.0009999999985605696,False
565,But ever since I‚Äö√Ñ√¥ve been depressed (roughly 5 years now) I‚Äö√Ñ√¥ve been the most cynical person,1,been the most cynical person,ever since i‚äö√ñ√¥ve depressed roughly 5 year i‚äö√ñ√¥ve cynical person,0.0009999999999264048,False
566,I'm stuck in this rut and I can't stop crying it's so hard to type and I'm in so much pain and I can't do this anymore I can't,1,"can't stop crying, much pain",'m stuck rut ca n't stop cry 's hard type 'm much pain ca n't anymore ca n't,0.0009999999878500714,False
567,Then I cry and memories about hate return,4,cry,cry memory hate return,0.0009999999963595122,False
568,This holiday was worth than normal and I started to cut again,1,cut again,holiday worth normal started cut,0.0009999999999838343,False
569,I don't want to feel anxious anymore,4,anxious,n't want feel anxious anymore,0.0009999999763168513,False
570,Some part of me wants to say that eventually I won't be anxious; I won't be a shitty person; I'll be better,4,anxious,part want say eventually wo n't anxious wo n't shitty person 'll better,0.000999999999925768,False
571,I can't fall asleep,1,can't fall asleep,ca n't fall asleep,0.0009999999863130426,False
572,"I live in pain everyday, I don't want this life, I really sound like a teenager, huh? Yeah I am but the reason for my decision is not that ' a girl didn't like' or ' I am not enough ' type of thing",1,live in pain everyday,live pain everyday n't want life really sound like teenager huh yeah reason decision girl n't like enough type thing,0.0009999999996631339,False
573,"It's painful, I don't need this",1,painful,'s painful n't need,0.0009999999999795422,False
574,"My kids are getting older and don‚Äö√Ñ√¥t really need me anymore, my body aches all the time and when I look in the mirror I see an aging, tired face",1,"my body aches, see an aging, getting old",kid getting older don‚äö√ñ√¥t really need anymore body ache time look mirror see aging tired face,0.0009999999997768684,False
575,I‚Äö√Ñ√¥m getting old,1,getting old,i‚äö√ñ√¥m getting old,0.000999997793958993,False
576,So my New Year's resolution would be to just end all this suffering and commit suicide,1,end all this suffering,new year 's resolution would end suffering commit suicide,0.0009999999997950084,False
577,"My depression and anxiety was good for awhile, I was on meds but they actually made my down days worse and made me have suicidal thoughts so I stopped taking them but now it‚Äö√Ñ√¥s gotten worse again",1,on meds,depression anxiety good awhile med actually made day worse made suicidal thought stopped taking it‚äö√ñ√¥s gotten worse,0.0009999998795384765,False
578,"I will be hungry and know I NEED to eat, finally gear myself to the effort of cooking something, barely touch it, then get bored of eating and not want to anymore",1,then get bored of eating,hungry know need eat finally gear effort cooking something barely touch get bored eating want anymore,0.0009999999999947531,False
579,Mine feels like a daily battle and a war of attrition,1,war of attrition,mine feel like daily battle war attrition,0.0009999999946242906,False
580,"I know there are parties around where I would be welcome, but I'm tired",1,tired,know party around would welcome 'm tired,0.0009999999999986248,False
581,I'm tired,1,tired,'m tired,0.000999999998944765,False
582,"While there's people out there are legitimately disabled through loss of limbs, MS, Rheumatoid Arthritis, cerebral palsy, etc etc etc! Even though depression isn't a direct physical disability, I just can't pull myself to keep myself going",1,"loss of limbs, cerebral palsy, Rheumatoid Arthiritis",'s people legitimately disabled loss limb m rheumatoid arthritis cerebral palsy etc etc etc even though depression n't direct physical disability ca n't pull keep going,0.0009999999769652597,False
583,I don't even have the energy to do anything about this and I'll probably be getting called for work soon,1,don't even have the energy to do anything,n't even energy anything 'll probably getting called work soon,0.0009999999999223666,False
584,Everything I do just fills me the same feelings of saddens or anger I don't know what to do anymore,4,anger,everything fill feeling saddens anger n't know anymore,0.0009999999999395603,False
585,"2017 was too fast and it makes me so anxious about thinking it, i feel like a loser and it makes me wanna cry",1,feel like a loser and it makes me wanna cry,2017 fast make anxious thinking feel like loser make wan na cry,0.0009999999997842956,False
586,I just want to hide and cry in my room,4,cry in my room,want hide cry room,0.0009999999999627635,False
587,"But to make things worse, I'm just about as depressed as ever in terms of not wanting to do anything, escape sleeping, thinking about death, etc",1,escape sleeping,make thing worse 'm depressed ever term wanting anything escape sleeping thinking death etc,0.0009999999999809324,False
588,"I don't know how I'm paying my bills, I won't be able to go to my doctors because there goes my health insurance (guess I could apply for Medicaid idk) and just that feeling like I have no idea what I'm doing with my life",1,"doctors, health insurrance",n't know 'm paying bill wo n't able go doctor go health insurance guess could apply medicaid idk feeling like idea 'm life,0.0009999999999866908,False
589,I'm suppose to go hang out w a friend tonite and I'm nervous I'll be in a terrible mood around him because of this,1,terrible mood,'m suppose go hang w friend tonite 'm nervous 'll terrible mood around,0.0009999999998664502,False
590,I just want to sleep,1,just want to sleep,want sleep,0.0009999999998973707,False
591,"And no, the big rock doesn't fucking break the chest ending my disgusting endless painful life, it stays there laughing at me when I'm crying",1,ending my disgusting endless painful life,big rock n't fucking break chest ending disgusting endless painful life stay laughing 'm cry,0.0009999999999561738,False
592,then i look at the pills,1,look at the pills,look pill,0.000999999999811695,False
593,There are times where I'm so down I just want to cry,1,just want to cry,time 'm want cry,0.0009999999998450185,False
594,all I can think of doing is cutting myself,1,cutting myself,think cutting,0.0009999999999846696,False
595,"I‚Äö√Ñ√¥m here, laying in bed, browsing this sub while occasionally checking Snapchat to see all of my friends out having the time of their lives",1,laying in bed,i‚äö√ñ√¥m laying bed browsing sub occasionally checking snapchat see friend time life,0.0009999999922840085,False
596,"So here I am, in this shithole apartment, with my mother sleeping in the bed next to mine so I can‚Äö√Ñ√¥t even get up to have a smoke without waking her",1,shithole apartment,shithole apartment mother sleeping bed next mine can‚äö√ñ√¥t even get smoke without waking,0.00099999999988783,False
597,"A big wave of sadness just hit me like a ton of bricks and I don't even know why, I think I'm just gonna cry this on out",1,gonna cry this,big wave sadness hit like ton brick n't even know think 'm gon na cry,0.0009999999840760228,False
598,"I just want to cry, all I want is a damn cry, I cant cry, nothing will come out, im full of pressure that wont release, I wouldnt mind passing peacefully in my sleep tonight",1,damn cry,want cry want damn cry cant cry nothing come im full pressure wont release wouldnt mind passing peacefully sleep tonight,0.0009999999998313745,False
599,I normally can ignore it but sometimes it just gets too much and I end up like I am now crying at my desk with no real reason why,4,crying at my desk,normally ignore sometimes get much end like cry desk real reason,0.0009999999997145235,False
600,Im so tired of this,1,so tired of this,im tired,0.0009999999984478068,False
601,I keep doing self destructive things,1,self destructive thing,keep self destructive thing,0.0009999999999716516,False
602,"I could struggle until my limbs bleed, and I still wouldn‚Äö√Ñ√¥t be able to reach it",1,struggle until my limbs bleed,could struggle limb bleed still wouldn‚äö√ñ√¥t able reach,0.0009999999891347501,False
603,"Then when others try to suggest it‚Äö√Ñ√¥s from lack of trying, well it feels like they‚Äö√Ñ√¥re rubbing salt in the cuts that the shackles have dug into my limbs",1,shackles have dug into my limbs,others try suggest it‚äö√ñ√¥s lack trying well feel like they‚äö√ñ√¥re rubbing salt cut shackle dug limb,0.0009999999999999584,True
604,"I cannot name a single good thing about myself-I am not smart, not charismatic, not good looking, not a good person, not got social skills, got no talents or skills, I am bad at everything I've ever tried in my life",1,"not smart, not charismatic, not good looking",name single good thing myself-i smart charismatic good looking good person got social skill got talent skill bad everything 've ever tried life,0.0009999999996417723,False
605,I‚Äö√Ñ√¥m so tired,1,so tired,i‚äö√ñ√¥m tired,0.0009999999999971171,False
606,I want to leave this place I'm tired of it,1,tired of it,want leave place 'm tired,0.0009999999988866905,False
607,"Every time I vent I feel a little better because I've gotten something off my chest, but then I feel worse the next day because I just made their day worse by talking to them about my depression",1,something off my chest,every time vent feel little better 've gotten something chest feel worse next day made day worse talking depression,0.0009999999999966759,False
608,"I've been having some very dark thoughts about hurting myself and I find them to be quite troublesome, they just seem to pull me into an even darker place",1,hurting myself,'ve dark thought hurting find quite troublesome seem pull even darker place,0.0009999999995244304,False
609,"I feel completely numb, like I'm going about my day in a daze",1,numb,feel completely numb like 'm going day daze,0.0009999999992498078,False
610,"Hi all, been having on/off therapy past 3 years for anxiety+depression and more recently for PTSD",1,PTSD,hi on/off therapy past 3 year anxiety+depression recently ptsd,0.0009999999997453326,False
611,I'm about to cry for no reason,1,cry for no reason,'m cry reason,0.0009999999993720162,False
612,It hurts so much,1,hurts,hurt much,0.0009999999999878084,False
613,"All the shit in my life, the pain, the abuse, the rape",1,"the abuse, the rape",shit life pain abuse rape,0.0009999999999795522,False
614,Help me Ive lost almost all feelings and I am unable to cry anymore,1,"unable to cry, lost almost all feelings",help ive lost almost feeling unable cry anymore,0.0009999999999953065,False
615,Im having panic after panic attack,1,panic,im panic panic attack,0.0009999999993134544,False
616,"I start to feel better overall a d stay away from self destructive things, eat really healthy, and exercise",1,self destructive things,start feel better overall stay away self destructive thing eat really healthy exercise,0.0009999999999842058,False
617,"My therapist might tell my parents about my past cutting (Ive avoided it for over a month just so i have proof that I ""stopped"")",1,cutting,therapist might tell parent past cutting ive avoided month proof `` stopped '',0.000999999996155844,False
618,"when something bad happens I rarely cry, I do feel aching in my heart and know that its sad I just don't feel like crying is the right way to react",1,aching in my heart,something bad happens rarely cry feel aching heart know sad n't feel like cry right way react,0.0009999999999940647,False
