Text,Aspect,Explanations
"Once it happens there is no going back and you are stuck in an a moment of uncertainty, seeking clarity forever",4,"a sense of emotional heaviness, hoping for light"
Now i am filled with guilt and feeling overwhelmed but hopeful for change,4,"filled with guilt and stuck experiencing emotional turbulence, seeking balance"
"And i got home and the voices returned and kept telling me i was struggling with self-worth, aiming for positivity",4,"self-criticism, striving for self-compassion"
"Before her I survived since shit, past experiences of trauma, working towards healing and the like",1,"difficult past events, focusing on personal healing"
"I feel like there are only three things that you absolutely cannot be, dumb, ugly, and useless",1,"struggling with self-image, yearning for self-acceptance"
"I've gotten through life fairly well being able to somewhat accept the dumb and ugly part, I tried to blame it on other factors for a while but they're just an integral part of who I am",1,"ugly, dumb"
"I seem to have a big inferiority complex Today in class we were doing little clay figures that represented something to us, while everyone else's looked beautiful and detailed, mine was all desfigured and ugly, while everyone's had a meaning behind them, mine was ""hurr duuurr i like octopus"" Why cant i be the best in something for once?? I felt so embarrassdd when it was my turn to talk about my model, all i wanted to do was say ""sorry teacher but im a talentless struggling with self-worth, aiming for positivity"" Im petty, im pathetic, i dont want to be but i cant help but feel this way",1,mine was all desfigured and ugly
"Ive been fired from the last 5 jobs, all for reasons of using marijuana to calm myself from my co workers, or outright having a verbal confrontation which results in me getting fired",1,all for reasons of using marijuana
"I have a big nose, big forehead, big everything and it‚Äö√Ñ√¥s so hard to deal with",1,big forehead
"I hate my skin color, i hate my body, i hate how i cant lose weight, i hate how anti-social i am, i hate how dumb i am, i hate my anxiety, i hate how i can make other people laugh but not myself, i hate how lonely i am",1,"i hate my body, i hate my anxiety"
"the way thinking about dying is so painful but just makes you feel more tired, like you just want it to happen",1,feel more tired
"The rejection, the leaving, the being ignored, the being bullied and made fun of",1,"rejection, the being ignored"
"Don‚Äö√Ñ√¥t usually drink, but do you ever feel so useless and depressed you just want to drink yourself into oblivion?",1,"drink yourself into oblivion, feel so useless"
"I'm 23, I have a worthless ass history degree, no physical attraction whatsoever, no real job, no social life, and no hope of getting out of the US because fuck this country",1,"no physical attraction, no real job, no social life, worthless"
The only thang that ever makes me feel better is getting high and that‚Äö√Ñ√¥s a fucking problem,1,feel better is getting high
So why can‚Äö√Ñ√¥t I? Every time I look in the mirror all I see are flaws,1,flaws
"My stomach bulges out too much, my face is fat, my acne is ugly, I need to shave, my teeth are yellow, my butt‚Äö√Ñ√¥s too small, etc",1,"face is fat, acne is ugly, teeth are yellow"
Why can‚Äö√Ñ√¥t I see the good in myself? My biggest insecurity is my stomach,1,my stomach
Im going to kill myself soon it will be easy i think im going to do it in the bathtub so it wont have a lot of blood staining i feel bad for the person or people that are going to have to carry my fat fucking body down the stairs I cant stop thinking about this i just feel bad when I think of my parents finding me,1,my fat fucking body
"I hate myself, I hate how I look",1,how I look
"ive always been an ugly kid and hated the way i looked, i envied my childhood friends because they were prettier than me and got better treatment",1,ugly kid
I can't even do basic stuff that's easy for everyone,1,can't even do basic stuff
I lay around when I'm not running errands/working/going to therapy and it makes my body sore as hell,1,my body sore as hell
"So I have depression and anxiety that I take medication for, it's been going well helping me however I am quitting college (to help alleviate the stress and anxiety in my life) and will no longer be covered under my parents healthcare so I will be paying for my medications out of pocket",1,medications out of pocket
I've been in a really bad place and haven't had the time to process any of what I've been dealing with,1,been in a really bad place
I'm literally shitting myself about having to ask for more special treatment because of my fucking head not working properly,1,head not working properly
Being poor sucks,2,being poor
i‚Äö√Ñ√¥ve been in Partial Hospitalization something like 5 times over the past 4-5 years,1,been in Partial Hospitalization
"This is probably a symptom of PTSD I am diagnosed with, but I still need to find ways to overcome these irrational fears",1,PTSD I am diagnosed with
"EDIT: I was in a bad mood, mostly frustrated as the songs I made in the period of 2 weeks I was created hadn't struck a chord with me, but since the responses i've gotten i've since got a new perspective on it",1,"songs I made, hadn't struck a chord with me"
"I barely eat, but am gaining weight",1,but am gaining weight
I'm tired yet oversleeping,1,oversleeping
"My dad told me that the doctors give him a year, maybe",1,dad told me that the doctors give him a year
I have no friends and I spend everyday sleeping,1,spend everyday sleeping
Had to go outside and walk for a bit because I didn't want anyone to see me break down,4,break down
I have extreme fatigue,1,extreme fatigue
Is this 20lb sudden weight loss something that can be attributed to depression? I am generally a very healthy person,1,sudden weight loss
"I workout daily, but haven't been able to the past month because of my extreme fatigue and depression",1,extreme fatigue
"Over the past few years I've been obsessing over random hobbies, jumping from one to the other, thinking it was just me finding new interests",4,obsessing
I have trouble sleeping at night because work stresses me out so much,1,"sleeping at night, have trouble sleeping at night"
"I didn't go to work today because I had a breakdown last night, and when it was time to get up for work I felt dizzy and glued to my bed",1,didn't go to work today because I had a breakdown last night
I don't have healthcare through work and I can't afford healthcare out of pocket,1,don't have healthcare through work and I can't afford healthcare out of pocket
"My recruiter told me it should be okay (I haven‚Äö√Ñ√¥t been officially diagnosed), but if I go on meds I won‚Äö√Ñ√¥t have a chance",1,but if I go on meds I won‚Äö√Ñ√¥t have a chance
"It‚Äö√Ñ√¥s usually a skill that people are just born with or learn at an early age, but I didn‚Äö√Ñ√¥t thanks to all the stupid things wrong with me",1,usually a skill that people are just born with or learn at an early age
"They tell me that I need to be medically evaluated but, I can't get a drive to get medically evaluated when everything is 30-40 miles away",1,medically evaluated
"I played a sport as a teenager, if I decided to go back to the team now I would make myself physically sick with worry, so much so that it wouldn't be worth it",1,physically sick with worry
"I‚Äö√Ñ√¥m 30 years old, drug free and enjoy the occasional beer",1,drug free and enjoy the occasional beer
"I don't want to work, I don't want to travel, I don't want to go back to college, learn new things, go out, meet people, date, exercise, cook, read books, write, eat, or anything else",1,don't want to go back to college
"I'm trying to plan out treatment but lodging, transportation and funding is difficult",1,trying to plan out treatment but lodging
"I have let myself slip because of health problems and no matter how much I study, I can't get past a B or C on exams",1,"health problems, exams"
"I am 20 years old, I am from Romania and I have ADHD",1,ADHD
At 16 years old I've started to masturbate everyday and at 17 to drink alcoholic drinks,1,alcoholic drinks
I don‚Äö√Ñ√¥t know how I‚Äö√Ñ√¥m going to hide the scars covering my arm during the summer when it‚Äö√Ñ√¥s 100 fucking degrees out,1,scars
Cutting my hand right now cause I know it won‚Äö√Ñ√¥t leave scars like are on my arm,1,scars
"I have been unemployed since December and I was holding on until I got my tax refund so I could see my psychiatrist for new meds, fixing my car, anything until I can get another job",1,have been unemployed
"I‚Äö√Ñ√¥m on meds, trileptal, sertraline, lorazepam",1,"meds, trileptal, sertraline, lorazepam"
"I cannot afford to keep going, and I was hoping someone might have some suggestions or exercises in general to stop feeling sad",1,exercises
"Even if I tried to focus on doing stuff I enjoy doing, I can't do it for long, my head gets dizzy",1,head gets dizzy
I can't read lines in a book without getting my vision blurry and end up forgetting which line I was supposed to read,1,vision blurry
I am disabled but I cannot even get disability,1,disabled
"Right now as I'm in a taxi going home, I drank 10 pills of antidepressants, wanted to drink the entire bottle and pass out on the road peacefully but couldn't get myself to finish the bottle",1,drank 10 pills of antidepressants
Doubt I'll be able to go to work tomorrow because have never drank this much and definitely tried before but couldn't follow through,1,never drank this much
"Since the injury happened at work, I was forced to resign my position in order to get a worker's comp settlement",1,injury happened at work
"Right now it's 9:05 and I've got: 11 caffeine pills and counting 2 Monster energy cans 1 Pepsi bottle 2 Coke cans I heard that if you overdose on caffeine, you could slip into a coma or die, seems reasonable for me",1,11 caffeine pills
":( I was taking Adderall and desipramine before, but last term was rough",1,I was taking Adderall and desipramine
"After school ended, I stopped taking the Adderall, as I noticed that I grew tolerant to it",1,Adderall
"What do I do??? I honestly need an appointment with my therapist today, but I have to wait till the 3rd and I feel like stuff could burst out of me before then that will alert people to my depression which I don't want",1,I honestly need an appointment with my therapist today
And all this is made worse by the fact that I'm not actually diagnosed,1,And all this is made worse by the fact that I'm not actually diagnosed
"My therapist said it's not pathological what I have, but I feel completely alone in my thoughts and feelings all the time",1,My therapist said it's not pathological
"I have avoidant personality disorder and major depressive disorder and over the course of two years lost hundreds of friends, and its just now really starting to hit me",1,avoidant personality disorder
"I have eight months off of drugs and alcohol, if I do either I'll spend at least six months in jail, but I want to so fucking bad",1,eight months off of drugs and alcohol
I suffer from several chronic illnesses and have spent the whole year here,1,chronic illness
"I've been at rock bottom for a while now, and I know that recovering from this depression and involuntary celibacy will be the hardest battle I've yet to fight in my life",1,depression and involuntary celibacy
"i drank too much again and felt suicidal, ended up going to the hospital and passing out in the hospital toilet while waiting for a doctor",1,waiting for doctor
"I know I need meds, but I don't *want* them",1,I need meds
"Today I've had multiple anxiety attacks, breakdowns and panic attacks",1,panic attacks
"This morning I spent about 3 hours straight crying, shaking and twitching",4,crying
"I keep hallucinating that someone I know is standing in the doorway and then my vision goes blurry my head hurts then everything returns to normal, I start crying again rinse and repeat",4,"crying, hallucinating"
Im a 21 year old guy who has become highly addicted to marijuana and alcohol and I feel like Im splitting my personality,1,addicted to marijuana and alcohol
I had a car crash today,1,car crash
"cycle of drugs and eating disorder and sleep and crying , long drives in the dark in the silence , loneliness and screaming",4,sleep and crying
"Over the past 4 weeks, I've become a lot worse, I have anxiety, developed insomnia and I cannot eat",1,insomnia
"I'm not a homeless, heavy drug addict",1,heavy drug addict
"It's like i'm stuck in a tiny, tiny hole and i can barely breath",1,barely breath
"My depression has not lifted, I seem to have a bit more physical energy and motivation but I am still mentally clouded",1,mentally clouded
"Maybe I just have some sort of addiction, but when I'm off of it for even 5 minutes to go to the bathroom or something, I'm reminded of how shitty life is",1,addiction
"After many years of variety of meds for a variety of things (ADHD, depression, sleep, bipolar), I decided to self-medicate with coffee, melatonin, excercise, a therapy light, and running my own business rather than having to follow stupid rules",1,"ADHD, bipolar"
"therapy, I have antidepressants, I've hopped through the hoops of NLP, affirmations, binaural beats, meditation, tried to stop drinking",1,binaural beats
I'm on a new cocktail of meds that keep me stable for 9 hours of the day and let me sleep at night,1,new cocktail of meds
"I can't go to the hospital because that's a huge hospital bill, it's really embarrassing, they'll tie me down and force medication down my throat",1,"huge hospital, force medication"
Ive been on Viibryd for about a year give or take,1,been on Viibryd
"I've read a few forums and have noticed that most people have experienced rapid weight gain with this medication, and no matter how hard they've worked- the weight wont budge",1,rapid weight gain
"Does anyone currently take viibryd? Have you even come off of it, what was it like? I heard the withdrawals are horrible",1,withdrawals are horrible
We tried celexa again- didn't work,1,tried celexa
"I'm failing out of school, I can't start a relationship, my autism is getting worse, and I won't even have a place to live next month when I turn 18",1,autism is getting worse
This took a lot of courage to post and for me to be drunk to want to post it,1,me to be drunk
"But I can just wake up in the morning and be unable to move my legs, and have great difficulty moving my arms as well",1,unable to move my legs
"I was just curious as to what medication/mg are you on? Has it helped you? what other meds have you tried? I'm currently on Effexor XR 300mg, and it has helped me so much!!! but if I don't take my medication at the same time everyday I feel so sick, horrible brain zaps to where I cant even move my head/eyes",1,"what medication, horrible brain zaps"
"I was hoping I wouldn't feel like complete shit because I started Prozac a couple months ago, but here I am!",1,Prozac
So I have rapid cycling bipolar 2 which is a less severe form of bipolar,1,less severe form of bipolar
I'm being partially hospitalized for paranoia,1,partially hospitalized for paranoia
this is gonna be a really rambley post so i am so sorry i'm like really out of it right now i don't know if it's wellbutrin (which i was prescribed like 4 weeks ago) or just me or something but like i've been so fucking weak and shaky,1,wellbutrin
my hands are shaking like i have fucking parkinson's and i have zero appetite whatsoever,1,zero appetite
one day last week i spent the entire night hallucinating shadows and feeling extremely paranoid,1,paranoid
But long story short when things get really bad for me I sometimes get really clumsy and mess up a lot,1,clumsy
Anybody else? I'm an aspiring screenwriter and I write my best stuff when I'm in the dark places my depression takes me,1,aspiring screenwriter
"I need time off to just sort out what I want to do in life, but at work during the week it's all rush rush rush and stress and chores and anxiety",4,stress and chores and anxiety
"For the past week (Maybe more ? Can't remember) I've maybe taken my antidepressants twice instead of every morning, because I'm dumb and keep forgetting or thinking it's fine, and now my head is killing me, I feel like I'm going to throw up 24/7, I've been having nightmares and I basically feel like shit",1,"antidepressants, nightmares"
I drink too much,1,drink too much
I almost feel like I'm addicted at this point,1,addicted
So I'm better of getting full sleep hours and making up for it later,4,full sleep hours
despite trying meds and in therapy,1,"meds, therapy"
and have been feeling unwell since then,1,feeling unwell
"I'm not sleeping, eating irregularly",1,sleeping
Today had to leave work because my depression was so bad that i started having panic attacks,1,panic attacks
"Can't sleep at 3 in the morning, going through withdrawal symptoms because I'm trying to diet again but am addicted to junk food, and just frustrated because I can't enjoy anything in life and everything everyone says just sounds like bullshit",1,"withdrawal symptoms, addicted to junk food"
"I have a medical condition that causes me to faint whenever I experience shock or stress,After much anticipation of going back of school due to loneliness,NO ONE even mentioned it,even though before the holidays I fainted in front of everyone,No one even asked me If I was ok,Not only that,NO ONE has tried to help me with my psychological problems,everyone is just repelled away from me as ""I'm an asshole"",even though no one has seen the true story of me yet,fuck you,teacher,I will heat up a razor-bladed drill bit,and shove it up your sorry ass if I could",1,medical condition
I've had panic attacks before and tried to talk to my mom about it but she just blew it off by telling to watch videos about breathing exercises or some bullshit,1,panic attacks
"But I feel my anxiety creeps in again and maybe I should go back on my pills? They were not ""hardcore"" by any means, but helped ease some of the anxiety",1,pills
I've just been prescribed Citalopram 20mg - started treatment today,1,prescribed Citalopram 20mg - started treatment today
I'm attempting medication finally,1,attempting medication
But even here it feels insurmountable,1,feels insurmountable
It makes eating out really unpleasant too,4,really unpleasant
I only take Lexapro,1,take Lexapro
"It's not an upset stomach, it just feels unwell, and it changes my mood because it's all I can focus on",1,feels unwell
I think the main reason it's so hard for me to overcome my depression is that it's actually a physical illness,1,physical illness
"It feels like having a really bad cold or flu all the time - not feeling like getting out of bed, general aches, grogginess, brain fog",1,"aches, grogginess, brain fog"
I may have to take short term disability while I'm in the hospital and I'm scared and nervous,1,short term disability
"My residing in bed with a mountain of inertia has left me with needing two tooth caps, devolving physical fitness, increasing neuroticism, cynicism, etc etc",1,"neuroticism, cynicism"
"Well it did, to the point where any pressure on my stomach caused me pain and I would have to just lay down until the upset stomach subsided",1,upset stomach
I toughed it out for awhile because i felt so good but it just got to be too much so I stopped taking it about a week ago when it started making me vomit,1,making me vomit
I had been on Zoloft 50mg and even got down to 25 mg for anxiety and depression,1,25 mg for anxiety and depression
So now I'm on 100 mg of pristiq and have yet to witness any change,1,100 mg of pristiq
So basically since last night I have been on the panic attack rollercoaster,1,panic attack
I feel dead and hopeless,4,feel dead and hopeless
"Hi, I've been feeling incredibly tired and lethargic lately",1,incredibly tired and lethargic lately
"I have improved my life significantly over the past two years: I found an antidepressant that works for me, I've gone back to school, I've got a steady job, I've even gone on a few dates, and I adopted a dog to give me a place to focus my attention and love on",1,antidepressant that works for me
out of no where my chest began to tighten and my heart started racing,1,"out of no where my chest began to tighten, heart started racing"
"I am on medication, but yet all day long, I feel panic, trouble breathing and shaking all day for like no reason",1,"panic, trouble breathing"
My meds are fucked I'm a month out from seeing my doctor to get them fixed I see my therapist soon but he can't prescribe shit,1,"meds are fucked, I'm a month out from seeing my doctor to get them fixed"
"I hate that for most of the medications I've tried anyway, it doesn't take away the sad, it merely allows you to function through it",1,hate that for most of the medications
"My family has an extreme history of mental illness &amp; alcohol abuse so it‚Äö√Ñ√¥s not cand land here, it‚Äö√Ñ√¥s depressing as can be",1,"extreme history of mental illness &am, alcohol abuse"
"I‚Äö√Ñ√¥ve tried therapy, medication but nothing is working",1,"tried therapy, medication but nothing is working"
My entire life has been wasted by crippling depression and ptsd and borderline personality,1,borderline personality disorder
I'd stop for a bit and then start crying again,4,start crying
"I kept thinking about killing myself while I was at work, then I'd start crying while thinking of my mom's reaction after I kill myself",4,start crying
I sit here blood on my legs out of the cuts that i madea My shell is breaking I cant do anythind nobody can knwo idon tknow what to do anyt more,1,"blood on my legs, out of the cuts"
Hello i whoud wish if you watch my channel i posted a link on some tips and tricks on how to get out of deppression because i am also deppressed i am bipolar so i thought it can help some people idk check me out,1,bipolar
I stayed in the psychiatric unit of a hospital for a week,1,psychiatric unit of a hospital
"I'm on new meds, I still don't feel any different, I really don't know what to do",1,on new meds
"Um, so I'm 13 and I have depression and anxiety, but I'm only on medication for anxiety until I get my depression medication later",1,only on medication
"The only joy I get is from sex, drugs, and alcohol and only those are temporary",1,"drugs, alcohol, only joy I get is from sex"
I got diagnosed with a pretty serious autoimmune disease about 5 months ago,1,serious autoimmune disease
"As I was trying to fall asleep, I started to hear weird things coming from outside my bedroom",1,hear weird things
"I love all of them very much, but they don‚Äö√Ñ√¥t know they‚Äö√Ñ√¥re talking to a ghost",1,talking to a ghost
"is this a depression thing? is this a medication thing? (i'm on lamictal, lexapro and seroquel)",1,medication
"This year was a shit, the finances in my house were rockbottom, the health problems get bigger by the time and the success is not even around us, but I'm by my own, right? Just had a motorcycle accident the day before yesterday and it was definitely a mistake",1,"health problems get bigger, motorcycle accident"
The doctors have no further suggestions but ECT,1,ECT
I'm sick about everything,1,sick about everything
"I stopped taking my medication impulsively, I was taking depakote 250mg once a day for about 2 months and stopped taking it for about 4 days now",1,medication
Headaches at night I get tired at night but still manage to sleep late Even on medication I still feel the depression and hopelessness strongly,1,medication
I recently got diagnosed bipolar last september,1,bipolar
I was prescribed Mirtazapine some time ago because of depression and insomnia and I have been taking it for a month now,1,"prescribed Mirtazapine, insomnia"
I've been dealing with a depressive episode (biopolar) for a while,1,dealing with a depressive episode (biopolar)
"Recently diagnosed with Dysthymia w/ anxiety, I've been suffering through this for years but only started getting help in the last year",1,diagnosed with Dysthymia w/ anxiety
"I'm on my 4th antidepressant (zoloft, wellbutrin, lexapro, effexor) now with no success",1,"antidepressant (zoloft, wellbutrin, lexapro, effexor)"
They smoke weed and have also told me about times when they've done cocaine,1,"smoke weed, cocaine"
I think I have an addictive personality and cocaine might not be a good thing for me to try,1,"addictive personality, cocaine"
"For the past several years I've started the year either depressed, literally on the verge of suicide, or high as fuck, and the rest of the year always mirrored that, proving my paranoia right",1,paranoia
"But it's 4:45am on jan 1st now and I'm drunk as hell because I ran out of weed so I couldn't sleep and now I'm suicidal as well and I can't help but feeling like 2018 is going to be a whole other year of drugs and booze and depression and it's like, what's the point? Why don't I just end it now? I just want to die lmfao I can't even bring in the new year right, I've screwed everything?? Fuck Where do I even go from here?",1,"drunk as hell, weed"
"How often is it that a suicidal person actually goes through with it eventually? Like if someone was suicidal years ago but had some help and got a little better, how often is it that hey'd have a sort of relapse? Sorry, I'm feeling super hopeless right now and I don't know if I want good news or bad news (to be honest I'm not really sure which is which either)",1,relapse
"Plus, just took a ritalin pill so I'll be fucked after the ride",1,just took a ritalin pill
"But I had a period where for 2 days I had worsening of depressive symptoms, suicidal thoughts and very impulsive - like - uncontrollable anxiety (with constant shaking for 2 days straight)",4,uncontrollable anxiety
I of course didn't bring this up to my doctor and I am now wondering is it possible that the drugs used to self medicate might be causing alternative effects with the antidepressants? The effexor seems to be a better fit for me as I didn't have many side effects but I still had a similar episode I had before,1,self medicate
"It all starts with a painful headache, then horrible thoughts and followed by uncontrollable anxiety that doesn't seem to die down",4,uncontrollable anxiety
I remember I self medicated the second time in hopes it would stop the episode but that either didn't work or made it worse,1,self medicate
My drug of choice is Red Bull,1,drug of choice is Red Bull
"Over the past 4 years I've dealt with many suicides, overdoses and death",1,overdoses
"Just the idea of being able to leave this reality and just be drunk alone at home is comforting, not needing to care or be there",1,drunk
"I just got too drunk, is all",1,drunk
She wasn't just too drunk,1,drunk
"I took my pocket knife, washed it, and started cutting on my right arm",1,started cutting on my right arm
"If I can feel pain, I'm worth living, right? I don't even know anymore",1,feel pain
"I‚Äö√Ñ√¥m about an hour away from the it being 2018 and like every year, I‚Äö√Ñ√¥m alone and a little drunk",1,drunk
"Over the past few years, health and ED fucked up sex life to point wife wont even try anymore",1,health and ED
Past year she has become an online gaming addict and you have to drag her away from the machine,1,addict
Everyone is out getting drunk and being reckless (like every other 19 year old),1,drunk and being reckless
"Everyone is out drinking, smoking weed, blowing off fireworks, and having sex",1,"drinking, smoking weed"
"That was also the year I got suspended for drug use (I attended a boarding school), and subsequently got waitlisted at 5 top 20 schools that I would have got into if it hadn't been for my suspension",1,suspended for drug use
I have been taking Sertraline for 9 months and was on max dosage and after 3 months everything got better,1,Sertraline for 9 months and was on max dosage
"I read about others but I didn‚Äö√Ñ√¥t truly understand how intense they are, my mindset is going back to what is was, I slept 2 hours maximum a night, I have constant brain zaps, sweats",1,"slept 2 hours maximum a night, brain zaps"
Ive recently had the alpha stim bought for me by a parent,1,alpha stim bought for me by a parent
"I need some sort of support or some shit, I‚Äö√Ñ√¥ve been fucked by depression for years and now I found a lump on my testicle",1,found a lump on my testicle
"I hate taking my pills, I feel so numb and dizzy",1,hate taking my pill
"Let me start by saying I'm not an addict, but it was my first time trying opiates",1,trying opiates
"Everything was going fine until I started sweating buckets, getting an intense itch, throwing up, and falling in and out of consciousness",1,"getting an intense itch, and falling in and out of consciousness"
"About a month ago, I was moderately depressed but a video triggered what I thought was euphoria in me",1,euphoria
"At first, it didn't feel like it, I felt realllly good, but then I thought, ""I haven't felt like this, my heart is racing, this must be anxiety"" and then it changed to another anxiety episode",1,heart is racing
"damn, at least some fcking alcohol would have made this shitty, depressing-ass night a little easier",1,alcohol
"that's what everyone else is doing anyway, getting black-out drunk",1,getting black-out
I have several autoimmune disorders (lupus is the main) and have a hard time keeping on weight,1,"have several autoimmune disorders, lupus is the main"
I‚Äö√Ñ√¥m in a lot of pain,1,lot of pain
We were all kind of drunk and my boyfriend's friend asked a friend of mine if he take a shot from her belly button and she said no,1,drunk
"I'm worse off than I've been in a long time, and attempted suicide 4 times in the past 3 months, ending up with two hospitalizations and being committed to behavioral center",1,ending up with two hospitalizations and being committed to behavioral center
I just wanna sleep and never wake up,1,sleep and never wake up
i was only a slefish stoner that smoked everyday,1,smoked everyday
i wake up and i go to sleep crying pretty much every night,1,go to sleep crying
I'm still able to do daily tasks but my minds all ways blank when I do them when I do think it's usually a long thought about deppressing stuff or it's quick thoughts,1,minds all ways blank
Sometimes I get the urge to choke myself with my hands and one time I scratched myself very hard and the next day a scab formed where I scratched,1,"urge to choke myself, scratched myself"
"I've had four heart attacks due to bad genetics and i'm only 25, and i need to know what i need to do next",1,had four heart attacks due to bad genetics
"Now I can't stop thinking about self harming, which I haven't done since I was 15, that was 8 years ago",1,can't stop thinking about self harming
"I can't distract myself from these thoughts anymore, I know I'm going relapse into my eating disorder and I'm just fucking exhausted with this",1,eating disorder
"A lonely hurt in my lower chest, a mild stomachache, and despair",1,"hurt in my lower chest, a mild stomachache"
After multiple admissions to hospital and trying heaps of different medication my doctor has recommended I try TMS,1,different medication
I know there are tons of different kinds of medication so how does the doctor know which one to prescribe? Do you have a say in which antidepressants you're leaning towards? I know some of them have severe side effects so I'm wondering if after they've talked with you to inspect you if they give you a choice from a list they feel is best or if they usually start you off the bat with one kind of medication without questions asked,1,severe side effects
I was planning a tattoo to get that would cover all my old scars,1,cover all my old scars
"‚Äö√Ñ√π When I got home, I got into comfortable pajamas and researched lethal doses of the medicines I have in my cabinet",1,researched lethal doses
I started the new year drunk and now first time high,1,drunk and now first time high
"Pretty much the title (for depression) but I booked it when I was drunk and really fucked up, now I'm not so sure because my anxiety is kicking in",1,booked it when I was drunk and really fucked up
seroquel has helped keep me stabile but instead of getting mania like I used too just tend to be on a consistent level of depression,1,instead of getting mania
It bothers me that you can have fun unless you drink and act dumb with other people,1,drink
"I‚Äö√Ñ√¥ve been seeing the same Psych for years, however am considering switching to a psychiatrist because I‚Äö√Ñ√¥ve been on the same low dose of fluoxetine for years",1,been on the same low dose of fluoxetine for year
"I‚Äö√Ñ√¥ve always been depressed feeling and I self harmed when I was a teenager, but it was never like this",1,self harmed
"I think child birth triggered something because this all started with the intense sadness after having my first son (I‚Äö√Ñ√¥m assuming it was Postpartum Depression, but I never reached out",1,Postpartum Depression
I played the sims had a few drinks and smoked weed and went to sleep at 11,1,smoked weed
"A few weeks ago I noticed I started getting really fatigued, I couldn‚Äö√Ñ√¥t drag myself out of bed, and by late afternoon I was a zombie",1,really fatigued
Is this a type of agitated depression? I don‚Äö√Ñ√¥t have a history of bipolar,1,history of bipolar
"my heart is beating so fast and i feel so worried and anxious, i feel suffocated",1,heart is beating so fast
"The lack of energy, loss of interest in enjoyed activities",1,lack of energy
"In other words, I‚Äö√Ñ√¥ve been self-medicating nightly for 3 or 4 decades, a moderate to heavy drinker",1,heavy drinker
Like seriously I can just be driving and I'll have a breakdown and start crying,4,"breakdown, start crying"
"It‚Äö√Ñ√¥s just a constant state of ‚Äö√Ñ√∫You‚Äö√Ñ√¥re super depressed, isolate yourself from everyone because your a poison, waste your day away, think about progressing in life but of course you won‚Äö√Ñ√¥t do anything, etc I just feel like I have a mild OCD and I can‚Äö√Ñ√¥t stop obsessing over my mental health and how I‚Äö√Ñ√¥m slowly rotting",1,have a mild OCD
5mg for about 3month with no issues for panic/anxiety attack but this week has been the worse for me,1,panic/ anxiety attack
Bonus points if you plead with a cab driver to drop you off at a famous-for-suicides bridge so you can jump off,1,so you can jump off
That‚Äö√Ñ√¥s how they are-I can‚Äö√Ñ√¥t do things my way cause I‚Äö√Ñ√¥m an immature autistic 23 year old who‚Äö√Ñ√¥s only staying with them because they offered me a place to stay while I build up money and looked for housing,1,"an immature autistic 23 year old, build up money"
"Since then, I've been on meds and doing therapy",1,been on meds and doing therapy
"I'm day drunk, miserable, and not feelin the pills",1,day drunk
"I cut my wrists, arms, veins on joints both vertically and horizontally",1,"cut my wrists, arms"
I finally told my parents I was depressed and now they're getting me a therapist,1,therapist
"Hey all, I've been on Lexapro (generic) for a couple years now, no issues",1,been on Lexapro (generic)
I'm concerned with the possibility of seizures,1,concerned with the possibility of seizures
They always say I‚Äö√Ñ√¥m paranoid and that I‚Äö√Ñ√¥m making everything up,1,paranoid
"For about a year and a half now, I've been having these really bad headaches that usually last for days",1,headaches
"- right around 8-9 at night every night I start to get really bored, and I always get the urge to smoke a bowl or drink a few beers just for something to do",1,"urge to smoke, drink"
"I hate my breasts they look fkn huge (But they look average sometimes which is good) I hate my shitty stomach that sticks out too much, I hate my fat arms, I hate everything about my face but I specifically hate my face shape, nose, lips and forehead",1,"shitty stomach that sticks out, hate my breasts"
"Whenever i try to feel better about myself, someone rips me down",1,someone rips me down
I'm 17 and I think i have body dysmorphia disorder,1,body dysmorphia disorder
I fixate on everything and constantly look at the mirror at my flaws,1,"my flaws, fixate on everything"
"Now my question: does any of you have experience with taking those meds while smoking weed? I have not smoked any since i started my meds, but im thinking about maybe having a joint when i get home (im abroad for the holidays)",1,"smoking weed, taking those meds"
I have suffered from my clinical depression for almost one to two years Every day I wake up in misery and tiredness I feel miserable all the time How can people live like that for years???,1,suffered from my clinical depression for almost one to two years
I have Asperger's Syndrome,1,Asperger's Syndrome
"It's been a long couple years and I've really tried, 4 therapists, so many medications, daily exercise, diet changes",1,"4 therapists, so many medications, daily exercise, diet changes"
"*Meds, thanks autocorrect",1,Meds
Questions cloud my mind such as will I ever be the person that I once was? Will I ever feel some sort of acceptance from myself and from others? Will all of this become too much and I end up killing myself because of it? Ive started to self destruct and I am now drinking almost everyday,1,drinking almost everyday
How can i convince him into rehab/further therapy? He's also on meds but they dont seem to work because of drugs,1,rehab
"I'm ALWAYS uncomfortable, Whether it's OCD, social anxiety, or self consciousness",1,OCD
"I‚Äö√Ñ√¥m struggling with alcoholism, depression, anxiety, and self harm",1,alcoholism
"It's so frustrating because I really do consider myself an ambitious and goal-oriented person, but the smallest things (even taking a shower or brushing my teeth) feel physically and mentally impossible at the moment",1,physically and mentally impossible at the moment
All these bull shit new year post makes me sick,1,sick
I'm a 17 years old male and I have been diagnosed with a really fucked up case of ADHD,1,ADHD
"My therapist told me that it isn't depression, but then what is it? I have ALL symptoms, and I'm in a hole so deep I can't see the sun anymore",1,can't see the sun anymore
"Probably doesn't help that I welcomed it with coke, booze and weed",1,weed
But in reality I've been thinking for weeks about where I can cut where no one will know,1,cut where no one will know
"I have such intense flashbacks about the trauma I had through therapy and being held at a hospital where the staff were horrible to the patients, I break down crying",1,"trauma, I had through therapy and being held at a hospital where the staff were horrible to the patients"
"5 Effexor 2nd &amp; 3rd week: 20mg Celexa &amp; 75mg effexor 4th week: 10mg Celexa &amp; 150mg Effexor 5th week: Psychiatrist appointment Now, i'm on week 3 taking 20mg Celexa &amp; 75mg Effexor and i'm starting to get very depressed",1,Psychiatrist appointment
"Hi all fellow friends who are suffering from depression! I have IBS, suffer from sleep paralysis almost every single night, be a paranoiac",1,"have IBS, suffer from sleep paralysis almost every single night, be a paranoiac"
i have 34 375 mg tablets and alcohol,1,have 34 375 mg tablets and alcohol
i just want to know if it will hurt and how long it will take,1,if it will hurt and how long it will take
Most of the time I'm usually either numb or kinda content but then suddenly my chest wells up and shit like this happens and I have no clue why,1,chest wells up
"It started seven years ago, just some muscle aches, swelling, with a dull pain, which I pretended was better after some ibuprofen, but it persisted",1,"muscle aches, swelling"
"I recently opened up to a family member that I take 2 medications for my depression (and for anxiety &amp; PTSD), and I have trouble explaining how they work for me, and how I feel/think/am with and without them",1,PTSD
"I've been on 2 different meds in the past, and they either didn't work, or wore off after a few months so I never went back to the doctor to try others",1,been on 2 different meds in the past
"Within the last nine months, I‚Äö√Ñ√¥ve begun feeling like my blood sugar is low all the time, and I‚Äö√Ñ√¥ve stopped exercising because I felt like I was going to pass out afterward",1,begun feeling like my blood sugar is low all the time
I felt it was needed I take stupid amounts of drugs and alcohol because I don't care anymore I'm resigned that I will take my life through suicide or accidental overdose,1,"stupid amounts of drugs and alcohol, I'm resigned that I will take my life through suicide or accidental overdose"
I only eat 500-800 calories a day,1,only eat 500-800 calories a day
I wear three waist trimmers at all times and exercise 3-4 hours a day,1,exercise 3-4 hours a day
"I'm 5'8"" and weigh 105 pounds but I want to get to 100",1,"5'8"" and weigh 105 pounds but I want to get to 100"
I feel like such a fat and ugly slob and I want to cry every time I look in the mirror,1,feel like such a fat and ugly slob
im sitting in front of a brand new laptop with my wisky in hand and i have no self worth at all,1,wisky in hand
I guess I also kinda drank too much alcohol (which is why I told myself to quit it this year - wish me luck),1,too much alcohol
"Succumbed to alcohol, failing college and getting kicked out my dorm",1,"Succumbed to alcohol, failing college and getting kicked out my dorm"
"Now that I am a bit older and have had the illness for so long, I'm kinda more just okay with it? Like I used to get more triggered and depressed simply because I was self-aware that I had an illness, but now that's gone",1,illness
"Phone calls give me anxiety, I know I'm going to have a bout of PTSD related to driving, I'm going to feel guilty about wrecking my parents' car, but I'm okay",1,PTSD
What was it like? How much did you take? I'm just curious as to what an OD is like,1,curious as to what an OD is like
Pretty sure I spelt that wrong but I was very recently (a few hours ago) updated to 250mg sertraline and I woke up with a horrible migraine and it‚Äö√Ñ√¥s so bad I can‚Äö√Ñ√¥t go back to sleep,1,updated to 250mg sertraline
I've been on a medical/sick leave since my depression has been really bad for the past few weeks (almost a month),1,been on a medical/sick leave
"The SSRIs completely took away my depression, but didn't resolve my anxiety or OCD",1,"The SSRIs completely took away my depression, but didn't resolve my anxiety or OCD"
"About 3 years ago my dad got sick with cancer and went through all the treatments, radiation, surgeries, chemotherapy and eventually when all else failed, immunotherapy",1,dad got sick with cancer and went through all the treatments
Have / had anyone ever been on sertraline (Zoloft) 300mg or more? Did it work better for you? Did any adverse effect happen? Have / had anyone ever been on bupropion XL (Wellbutrin XL) 450mg or more? Did it work better for you? Did any adverse effect happen? (I have known that this medicine can increase seizure risk when in high dose,1,been on sertraline (Zoloft) 300mg or more
I have got 3 panic attacks in the last 5 days,1,panic attacks
"I have been trying to have a baby for the last 4 years and after several miscarriages, and late periods here I am empty handed",1,trying to have a baby for the last 4 years and after several miscarriages
"What's the use in getting me out of this depression and anxiety and possibly being able to get myself another girlfriend if I'm not even going to be able to perform properly anyway? Or even enjoy it? This might be a deal breaker for me so I was wondering if anybody has had any positive experiences with this? Did it pass over time or go back to normal as soon as you quit the drug? Thanks TLDR: Scared of the sexual side effects of Celexa, any positive experiences to ease my worry?",1,Scared of the sexual side effects of Celexa
"I have been on the SSRI ""citalopram"" for about six weeks now and have seen no improvement with my depression",1,citalopram
"Still craving to feel other than numb, still scared that my boyfriend will find out I am cutting again, still picking up that vodka bottle",1,"cutting again, vodka bottle"
"I also haven't slept much yet, I can't sleep cause I keep hearing things which is driving me crazy",1,can't sleep cause I keep hearing things which is driving me crazy
"Even if I really do disadvantage myself in the future, I‚Äö√Ñ√¥ll blame it on my depression and my antidepressants not working, so I won‚Äö√Ñ√¥t feel bad",1,antidepressants
I‚Äö√Ñ√¥m scared that a gunshot wound won‚Äö√Ñ√¥t be fast enough and I don‚Äö√Ñ√¥t have any bitcoin so I can‚Äö√Ñ√¥t order the right drugs online,1,drugs online
"I finally got some form of disability for my epilepsy, it's not much but I am no longer worrying about money",1,disability for my epilepsy
I'm actually legitimately fucking terrified and depressed that the US is ending marijuana legalization,1,marijuana legalization
I think my computer and smartphone addiction definitely adds to my depression but it feels impossible to get my ass out of the computer chair,1,addiction
Increased my Prozac dosage a month ago and now I'm determined to end it all,1,Increased my Prozac dosage a month ago
"The tumour has reduced massively in size, and the parts they were really concerned with appear to be gone",1,tumour has reduced massively in size
After a long struggle I recently decided to seek medical help and was diagnosed with severe depression and anxiety,1,seek medical help and was diagnosed with severe depression and anxiety
I have really bad anxiety to the point where I feel like throwing up,4,bad anxiety to the point where I feel like throwing up
"Any experiences? I am lost and finally succumbed to going to my doctor and he appointed me these meds, I have just started taking them",1,finally succumbed to going to my doctor and he appointed me these meds
"Within a space of 2-3 months I had third degree burns to feet due to accident not my fault, and when I finally got back to work I now have a hernia",1,had third degree burns to feet due to accident not my fault
"I've had a history, not going into it, but I used to have psychotic depression at 21, with a very above average drinking habit",1,"have psychotic depression at 21, with a very above average drinking habit"
The only enjoyment I've had my winter break or the past few years is when I get high with hydrocodone or other pills,1,get high with hydrocodone or other pills
If anyone else has been prescribed Lexapro has it helped you or made your depression worse?,1,prescribed Lexapro
"I've been dealing with major depression and anxiety for some time now, I am using meds and seeing a psychiatrist but it does not help me a bit",1,using meds and seeing a psychiatrist but it does not help me a bit
I had been taking Lexapro for 2 years up until thanksgiving,1,been taking Lexapro for 2 years
"In the interest of staying alive until my new dosage of medication kicks in (and hopefully works), my therapist suggested I stay distracted",1,staying alive until my new dosage of medication kicks in
Some fuckin weed would be a good start tho lol,1,Some fuckin weed would be a good start
My depression is now back with a vengeance and I‚Äö√Ñ√¥m so worried that if my alopecia comes back this time I won‚Äö√Ñ√¥t be able to handle it,1,my alopecia comes back
"I've been going through CBT which has lots of research support, but I always find myself slacking off on changing my behaviours and when I do that",1,going through CBT which has lots of research support
antidepressants just make you numb,1,antidepressants just make you numb
"Can anyone help? need a place to find it, prescription ran out",1,prescription ran out
"On the bad days, I get a sort of ""heavy"" feeling in my limbs",1,"get a sort of ""heavy"" feeling in my limbs"
"Sometimes my fingertips tingle, especially if I end up crying",1,"fingertips tingle, end up crying"
And my muscles will feel sore and jelly-like as if I'd just gotten done with a strenuous workout,1,my muscles will feel sore and jelly-like
There‚Äö√Ñ√¥s this terrible feeling that aches inside my chest,1,this terrible feeling that aches inside my chest
I don‚Äö√Ñ√¥t know if this is some sort of drug reaction or maybe he just has built up anger over today diagnoses?,1,some sort of drug reaction or maybe he just has built up anger over today diagnoses
I was just prescribed it for my severe depression and anxiety,1,prescribed
"I had enough to drink that it doesn't hurt, still know what i have to do",1,drink
So after some deep soul searching the past couple of days i have come to the conclusion that i am still self harming (29/F) but not by cutting myself like i used to when i was very young,1,"self harming, cutting myself"
"I guess my thinking is that if i get myself into fights, i‚Äö√Ñ√¥m going to get hurt and a part of me is hoping to be seriously injured so i can just have a break from life Ô£ø√º√¥√ë Anyone else have any odd things they do during a low period?",1,seriously injured
"I was going to a doctor who just wanted to prescribe medication, but none of it seemed to really help",1,prescribe medication
I changed insurance recently and had to switch doctors,1,switch doctors
"So I scheduled a needs assessment and thought, ""finally",1,needs assessment
A terminal disease looks like it's my only escape,1,terminal disease
Going to focus on getting terminal cancer or maybe sudden death due to heart problems,1,"terminal cancer, heart problems"
I have to make up my mind tonight because this is the only night I‚Äö√Ñ√¥m considering antidepressants,1,antidepressants
when there was a big operation i was injuried with a dislocated shoulder,1,operation
"And I have paranoia too, ever since last year",1,paranoia
I took antidepressant and antipsychotics,1,"antidepressant, antipsychotics"
And this time I take 2 capsule prozac every moening,1,prozac
"The summer of 2019 I started developing severe OCD after suffering from mild, unnoticeable OCD for many years",1,severe OCD
anybody know any sites or location to go for help with seeing a lot of trauma and that the has PTSD from 9/11 as well that are easy get to and join in nyc Brooklyn,1,PTSD
Certain traumatic events happened that had a lot more impact on me than I realized they did in the moment,1,traumatic events
This paired with health issues has me becoming more and more depressed and the good moments are far and between,1,health issues
i‚Äö√Ñ√¥ve been going thru a pretty big rough patch i‚Äö√Ñ√¥ve the last month and so the small amount of time i‚Äö√Ñ√¥ve spent at home has been devoted to either drinking smoking or sleeping so it‚Äö√Ñ√¥s become an absolute disaster,4,"smoking, drinking, sleeping"
After next Monday when I grab something to eat and a beer then I'll go to a place in the hills or somewhere where I won't be stopped and complete the method,1,beer
Soon I'm going to be asleep and forever away from human suffering and be free if any issues for eternity ‚Äö√π¬ß√î‚àè√®,1,human suffering
this is the first time I cut myself and it hurts,1,cut myself
the pain snapped me back to reality and I don't know what to do,4,snapped me back
"the pain hurts, I'm not used to any kind of physical pain and I can't stop crying",1,pain hurts
"All the time I've lost to this disease, the contribution it's made to awful sleep, insomnia, and bad health in general",1,"disease, bad health, insomnia, awful sleep"
"I wonder how many days, or how much time it's stolen and continuing to steal from my life? Do I get to suffer for decades and then die early too, maybe when it's just starting to be light",1,get to suffer
It sucks having problems that damage your mind thrust into your life that are beyond your control,4,damage your mind
I tried to kill myself via partial suspension hanging and all I got was a headache,1,headache
i want to feel true happiness for once and not just happy off drugs,1,drugs
I can't seem to dig out any actual real trauma,1,trauma
"Also asked if I was restless all the time and I said yes, and he told me no I wasn‚Äö√Ñ√¥t because I wasn‚Äö√Ñ√¥t fidgeting at that point (even though I was shaking and playing with my Kleenex) Then my mom mentioned the eating disorder clinic I‚Äö√Ñ√¥ve been going to and he asked my bmi and I‚Äö√Ñ√¥m not allowed to know it, so he made me stand up and started patting me down to get a ‚Äö√Ñ√∫feel for my weight‚Äö√Ñ√π",1,mom mentioned the eating disorder
I was recently diagnosed with mild depression and GAD and have worry reduction group therapy in a few weeks,1,GAD
I have tried monitoring sleep but that has stopped and I am sleeping less,1,sleeping less
That life is this huge hallucination and that this constant pain you feel is a sign you need to get out of the hallucination and the only way to do it is to kill yourself? Because I do,1,"huge hallucination, constant pain"
i just want the pain to stop,1,pain
"I feel sad, anxious, nervous and still have panic attacks",4,"anxious, panic attack, nervous"
I've been to a mental hospital for appointments and medication but I want to be sectioned instead of forced to live in the normal everyday life that everyone else is living,1,"appointments, medication"
"i had a psychiatrist appointment scheduled on the 7th, but my dad found out and is in a fight with my mom about it, who keeps coming into my room to tell me its all my fault because i don't want to try to convince my father that i DESERVE to seek treatment for already diagnosed depression and ocd",1,diagnosed depression and ocd
"Is accepting your depression bad? I‚Äö√Ñ√¥ve tried therapy and drugs, they didn‚Äö√Ñ√¥t work and I‚Äö√Ñ√¥ve found that I prefer myself unmedicated anyway",1,"unmedicated anyway, tried therapy and drugs"
i shouldn't be constantly in and out of mental hospitals,1,mental hospitals
i shouldn't be smoking and swallowing and shooting and snorting whatever i can get my hands on,1,smoking
"i shouldnt have scars all over my arms, legs, belly, chest, and face from cutting",1,scars
im getting a zip of xanax in a few days,1,xanax
the coke and pills will,1,pills
Since so much people have overdosed on this subreddit I‚Äö√Ñ√¥m curious,1,overdosed
I have a bad tendency to use alcohol to numb these feelings and thoughts,1,alcohol
And she has cancer now,1,she has cancer
"Been coming off venlafaxine , it's been 2 weeks now been getting weird zaps, down mood, sex problems, and headaches",3,"down mood, headaches, sex problem, venlafaxine"
"/experiences? Or any advice on how to help Probably worth mentioning I've done mdma a few times in the past month as well, which seems to get rid of the vena withdrawls for a couple of days but they keep coming back with vengeance",1,vengeanc
"Hi! I was previously on 80 mg of Prozac and it helped a little with regulating my mood, but then I think my anxiety got worse because I started having trouble staying asleep and my problems with concentration got even worse",1,anxiety got worse
"Today, however, I suddenly experienced diarrhea and really bad nausea for the first time",1,"bad nausea, diarrhea"
I have a porn and sex addiction that has lead me to chest on my girlfriend,1,porn and sex addiction
"I feel nauseous after taking pill,But i didn't drink from today till now (Sorry, my English isn‚Äö√Ñ√¥t good)",1,taking pill
I have heart disease but Ihave slowly been losing weight and eating better,1,"heart disease, slowly been losing weight"
A few days ago I was diagnosed with depression,1,diagnosed
All i do is get high,1,get high
It gives me this fuzzy feeling I used to feel with my SO,1,fuzzy feeling
"Is it bad that I kind of want to just catch the virus already? I have a lot of health conditions and if I die from the virus, oh well it was tragic",1,"health conditions, virus"
"My odds of getting it are pretty high anyway, seeing that I live in the epicenter of the US outbreak and have to go out in public for work",1,US outbreak
I‚Äö√Ñ√¥m an inconvenience and my pain is over dramatic,1,pain is over dramatic
"Dying by COVID-19 would solve that, honestly",1,COVID-19
"Start shifting personalities and when I interact with my mom or anyone calling me, it's me but not me",1,shifting personalities
"the disease is extremely painful and disabling every day is a battle with pain, and controlling symptoms",1,extremely painful
several doctors have diagnosed me with a neurological disease which they say is untreatable and not curable,1,"diagnosed, neurological disease, untreatable"
I‚Äö√Ñ√¥ve been diagnosed with PTSD recently and they tell me that my depression is from the PTSD but Jesus I feel like I‚Äö√Ñ√¥m just another mark on the books of a fucked up people,1,been diagnosed with PTSD
"I thought my depression had lessened because i was feeling things again, but i have been sober for 2 months now and i think it was probably just the alcohol, because i don‚Äö√Ñ√¥t feel like i have been becoming a lot more numb lately, not being sad feels good at least but i think a lot of the happiness has gone with it, i feel so bored",1,more numb
They found my stash of meds so I can't overdose,1,can't overdose
"It‚Äö√Ñ√¥s next week, but I‚Äö√Ñ√¥ve had consistent panic attacks for the past week and it‚Äö√Ñ√¥s becoming too much",1,consistent panic attack
"Im physically getting ill from it i have had headaches, coughs, sore throats I believe its because i feel down and i hardly sleep because im up all night thinkin about how lonely i am even when im not lonely but on the inside i am lonely",1,"cough, sore throats"
"Of course I want them to wake up, be well again, and for the medical team to strive to save their life",1,medical team
I've been in a therapy for about 2 years now and it seems like I just got worse,1,therapy
I stopped taking my prescription because it didn't work for me,1,stopped taking my prescription
There's always a lump in my throat and I've been extremely dissociative,1,lump in my throat
"This keeps happening, i dont know if its my ptsd or anxiety or a panic attack but i start to think about everything and i begin to panic and i am hyperventilating and feel like im trapped and i dont know where to go or what to do, i want to find support for everything and i just dont know where to go i have no one and nothing in my life i feel so alone and so desperate im terrified Help Please",1,"ptsd or anxiety or a panic attack, i begin to panic, hyperventilating"
"Recently it was suggested that I try TMS (Transcranial Magnetic Stimulation), which has been proven to be effective for depression like mine",1,try TMS
"If I down a bottle of sleeping pills and painkillers, would it take me?",1,sleeping pills and painkiller
"I explained my hurt and still got hurt, so I chose silence",1,still got hurt
I'm so sick of it so sick of it so sick of it so sick of it,1,sick of it
Why can't it just be fucking over? I'm so tired,1,so tired
"When I first set it, I frequently became nauseous and dizzy thinking about my impending mortality, but as I get closer and closer to the day, the less worried and more ready I feel",1,nauseous and dizzy
"I attempt to develop motivation, but my depression and anxiety will team up with the PTSD I incurred from being robbed",1,anxiety will team up with the PTSD I incurred from being robbed
Any chance anyone is up right now? i just cut and tried to take as many anti-depressant meds,1,just cut and tried to take as many anti-depressant meds
It's a constant pain in my chest and I really really wish the attempted OD would've worked but I was too fucking into crying to go find more pills it should've been enough,1,find more pills
"I went back recently and the interaction boiled down to them telling me 1) I was medicated at too young of an age (started SSRIs very young) and therefore my parents raised me incorrectly, and 2) Skepticism that the therapy ever helped me",1,therapy ever helped
"I'm trying to do my best, I'm trying to improve my mental health, I'm taking my medication but I don't think I will ever be really happy, I don't really think I could be usefull for this society",1,taking my medication
"I‚Äö√Ñ√¥ve been on bupropion, sertraline, risperidone and citalopram",1,sertraline
"No dizziness, sleepiness, wooziness, grogginess, horniness, happiness, sadness, gassiness or any other ness",1,"sleepiness, gassiness"
I was hit in a wreak that has made me suffer chronic headaches everyday,1,suffer chronic headaches everyday
"Chronic heavy drinker, binge eater, lack of exercise",1,"binge eater, lack of exercise"
"I have difficulty making plans due to a mild obsessive compulsive disorder, and just finding time",1,difficulty making plans due to a mild obsessive compulsive disorder
I assume that death by virus or something else would be less than suicidal,1,death by virus
"I'm missing work because I just can't be bothered, I don't have health insurance so I've been off medications for about 2 years, I just can't handle this anymore",1,off medications
"Since I started college, my life has gone downhill because of my health",1,health
"On top of depression and anxiety, I also have chronic fatigue syndrome, chronic pelvic pain syndrome, migraines, and porn-induced erectile dysfunction",1,"I also have chronic fatigue syndrome, chronic pelvic pain syndrome, migraines, and porn-induced erectile dysfunction"
I went to a massage parlor where I'm pretty sure an unprotected act has led to me contracting HIV,1,led to me contracting HIV
"But I've been really afraid of the idea that, even tho they try to, they can't really change things or help me in the ways that really matter in the end, like my mental condition, my traumas and the inescapable barrier that is my social class",1,my traumas and the inescapable barrier
Please ffs please i need some kind of drug to fix this shit,1,please i need some kind of drug
I just got better a little bit and now i drinking and crying nonstop what should i do beside cutting myself or drinking alcohol?,4,i drinking and crying nonstop
My severe acne gives me really bad anxiety and makes me undesirable and I've tried getting rid of it but nothing works,1,severe acne
"However I‚Äö√Ñ√¥ve had 3 failed shoulder surgeries since 2016 and my shoulder pain triggers relapses into anger, depression, and feeling bad for myself",1,failed shoulder surgeries
I know people deal with much more serious strokes of misfortune than a bad arm but I often spiral into feeling bad for myself and being mad at myself for the basketball plays that led to the original injuries,1,original injuries
"For the first week I was prescribed 5mg, 10mg thereafter",1,"I was prescribed 5mg, 10mg thereafter"
Why is it the only time i don‚Äö√Ñ√¥t feel depressed is when I‚Äö√Ñ√¥m drunk or high? I‚Äö√Ñ√¥m not trying to rely on these things but damn it‚Äö√Ñ√¥s really hard not to,1,drunk
"I'm always tired, my concentration and memory got worse, what did you do to get better? I'm taking 20 mg lexapro but seems it doesn't work for that, generic wellbutrin 150 mg too, i was exhausted even before taking medications",1,taking 20 mg lexapro
"i wake up unrefreshed every fucking day, it's a nightmare, chronic headache and backache as well every day",1,"chronic headache, backache"
I've tried telling her I can't sleep over because I need my meds and for other reasons,1,can't sleep
""" Or if I tell her that it's my anxiety and ADHD pills she is like ""everyone has some form of ADHD",4,"anxiety, ADHD"
"Due to fact that I have been doing self harm as way to punish myself for about a 1yr now my pesky razors won't make me bleed and bc of the lack of blood my hands and feet are always cold and purpleish, my wrist is partially numb, and I'm always tired mentally or physicall",1,"self harm, lack of blood"
I feel like no matter how great I feel (I‚Äö√Ñ√¥ve been on antidepressants for almost two years now) it‚Äö√Ñ√¥s always in the back of my mind that my parents are suffering from illness and injury everyday and it kills me,1,my parents are suffering from illness and injury everyday
"I have severe severe depression, high magnitude of anxiety, neurotic personality and obsessive thinking",1,"high magnitude of anxiety, neurotic personality, obsessive thinking"
Is this treatment appropriate and normal? Total sessions: 10 days Sessions per day: 2 15 mins each session with one hour gap in between,1,treatment
"I suffer from asthma, bronchopulmonary dysplasia, and a heart condition",1,"bronchopulmonary dysplasia, heart condition"
I've suffered from pneumonia multiple times in the past and had to be placed on oxygen,1,suffered from pneumonia multiple times
Due to medical treatment I have been throwing up for what feels like most of the night,1,medical treatment
When I relapsed on alcohol everything goes to shit,1,relapsed on alcohol
I want to slit my wrists vertically,1,want to slit my wrist
I also have a physical disability,1,physical disability
I have a mental illness called schizophrenia where the brain cognitive is dysfunctional,1,"I have a mental illness called schizophrenia, the brain cognitive is dysfunctional"
"Why can‚Äö√Ñ√¥t I do what I need to do? I remember telling my final therapist how I‚Äö√Ñ√¥d sit paralyzed while my mind screamed at me to do things, and she said I just had to do them",1,paralyzed
"My moods were under control when I was on lithium and zoloft, but the zoloft (50 mg, so not much) absolutely ZAPPED my sex drive",1,"lithium, zoloft"
"Last June, I went off the zoloft and stuck with the lithium and felt fine, but I felt some depression symptoms coming back after a couple months",1,"lithium, zoloft"
They want to send me to hospital,1,send me to hospital
I've also been having dreams about car crashes to the point I'm scared to drive farther than 5 minutes from my house,1,dreams about car crashes
"The first time, I lost nearly all of my memories from the past (retrograde amnesia), so I couldn't recognize most people that I knew",1,retrograde amnesia
I use drugs to cope,1,use drugs to cope
"Weed, Adderall, lean, alcohol, Xanax, Ambien, and LSD",1,alcohol
"Hey, i'm Anwen, I have a dissociative personality disorder aka DID",1,dissociative personality disorder
I have been so paralyzed with depression that I often cannot do basic tasks for myself,1,paralyzed
I had an open cosmetic rhinoplasty 4 months ago and since then I've been experiencing symptoms that have been fairly debilitating for me,1,open cosmetic rhinoplasty
I'm on sleeping pills which is barely helping me get a few hours throughout the night,1,on sleeping pills
How would I know if I have empty nose syndrome or if I should wait longer to see if my issues are resolved naturally? Please help anyone who has gone through something similar or knows someone who has gotten better as I've become a shell of myself,1,empty nose syndrome
"I'm constantly euphoric, spontaneous feeling of deep rage and an impulse to punch and scream",1,spontaneous feeling of deep rage and an impulse to punch and scream
Besides drinking and crying until I pass out,1,"drinking, crying"
I still have no appetite,1,no appetite
I‚Äö√Ñ√¥ve cut myself with many different things over the years,1,cut myself
"I‚Äö√Ñ√¥m addicted, but scared",1,"addicted, scared"
"How do I stop? They‚Äö√Ñ√¥re just cuts I tell myself, but I know there‚Äö√Ñ√¥s some emotional damage",4,emotional damage
Debt + gambling addiction + pure unhappy,1,gambling addiction
"Welp, just got done with another batch of doctors visits and the results are in, I will be crippled for the rest of my life",1,doctors visit
"I would like to say that I was shook, but I knew she has the habit of consuming a lot of sleeping pills just for not having to deal with the daily problems",1,consuming a lot of sleeping pills just for not having to deal with the daily problems
"And then my mate punched me in the face, and now I feel completely demotivated",1,my mate punched me in the face
"It's like, what's the point, y'know? If I have fun, I get punched, if I'm upset, I get punched, if I say the wrong thing, I get punched, if I complain about it, I get punched! Like, what's the fucking point, y'know!?",1,I get punched
"Heck, I've been putting off this post for months now and I stopped halfway my stream of conciousness because there are far more serious problems to discuss about here than some indecision, burn-out and post-breakup trauma",1,burn-out and post-breakup trauma
"It's been the same for 10 fucking years: my parents get drunk, they start fighting and later they start bothering me and my big brother",1,start fighting
I grew up to hate alcohol because I saw my father drunk been horrible to my mother,1,hate alcohol
"I was diagnosed with depression, anxiety and OCD, I was hospitalized for a few suicide attempts",1,anxiety and OCD
"* Some time back, they got their house broken into and while fighting the intruder(s) off, they received an injury in their head",1,injury in their head
Since I've been diagnosed with severe depression in August I tried medication and am currently in therapy,1,"diagnosed, therapy"
"The break-up, depression, moving out, having no close friends at my university, no sure if I even want to study the subjects I'm studying",1,close friends
I don't feel anything anymore and randomly break down and cry,1,randomly break down and cry
Somebody I care very much for has been on escitalopram for years due to crippling depression,1,on escitalopram for years
"Now, for the past week and a half, he's been feeling very emotional and out of control and the past 3 or 4 days he just can't stop crying, even at work",1,crying
"I've been depressed for more than a year now, I am a teenager and self-diagnosed but I'm absolutely sure what I've been going through is depression",1,self-diagnosed
"She's happier after she broke up with me, I feel like its my fault i lost her it probably was, bipolar disorder OCD and anxiety just get to be to much for me and i either say things i don't mean or make dumb jokes",1,"bipolar disorder, OCD and anxiety"
"You used to make me die inside! Well look at me, depressed found people who care; I still sit at the edge of pulling the trigger are letting my car run me over, better yet I should probably just play Russian roulette with a loaded gun! All I do is think of you yet I stand in the place where is doesn't matter and I think today is where I curved my self into hell and you won and the record final broke in two! You where all I have; now I don't even have you, but I'm numb to pain and don't feel the bullet fly through my brain! ~NBC N/P",1,numb to pain
I think being bored 9-5 is even more depressing! Now I'm desperately struggling to keep happy and I have this low to medium level of anxiety that just won't go away no matter how hard I try and think differently,1,"medium level of anxiety, being bored 9-5 is even more depressing"
I've gotten so used to my shitty life and the thought of wanting to die that I can't cry anymore when I'm depressed,1,can't cry anymore
Now i live with my drug addict dad in the hood,1,ive with my drug addict dad in the hood
Feeling like I just want to turn to drugs right now,1,turn to drugs
Is it because I don't do sports? Because I'm so depressed I stay up till 4 every morning crying myself to sleep? I don't get it This last girl left me shattered,1,crying myself to sleep
My remaining parent has been diagnosed with cancer,1,parent has been diagnosed with cancer
In the last weeks my suicidal thoughts have increased by alot and anxiety and an uncomfortable feeling in my chest has increased too,1,"anxiety, feeling in my chest"
Will that do the trick? I could cut my veins off but I'm too much of a pussy to stand the pain,1,cut my veins
"I grew up in a toxic environment, now that I'm older, all the trauma is coming at me like a freight train and I'm just left to deal with it",1,trauma is coming at me
I look like a freak not crying,1,look like a freak not crying
I can't take much more pain,1,can't take much more pain
Add onto that my parents havent allowed me out of the house since I was released from the hospital for being suicidal,1,released from the hospital
"Premise, I have nocturnal enuresis",1,nocturnal enuresis
"I want to stop myself from masturbating, I want to stop myself from watching porn",1,stop myself from watching porn
I spent so long trying to convince myself that there's no huge fucking glaring flaw with my personality that drives people away but I guess the universe just keeps trying to convince me otherwise,1,glaring flaw with my personality that drives people away
"She was abusive, and a huge contributor to my worsening depression",1,abusive
I go to bed and I can't sleep because I am just always thinking about all the bad stuff she has done to me,4,can't sleep
Why would anyone think that I'm pretty or attractive?,1,"Why would anyone think that I'm pretty, attractive"
"Well point being I can‚Äö√Ñ√¥t continue with this wretched disease posing my thoughts, relationships and life",1,wretched disease
"These last couple of days though I just feel so lonely and depressed, I just want to drink constantly, I drank last night and the night before, and it‚Äö√Ñ√¥s only 11am and I already feel like drinking again",1,"drink constantly, lonely"
"Right now, im laying in my bed, legs sore, body numb, and drowning in despair",1,body numb
"I didn't do it for the sake of my mental health, I constantly get verbally and physically abused by those relatives and that has been like that since I was born",1,verbally and physically abused
"I have battling with disease alone, no meds, got therapy just twice because I couldn't afford more, but still they say I have no right to complain since ""they had horrible childhoods and I didn't have to sell anything on the streets""",1,"disease alone, no meds, got therapy"
I haven‚Äö√Ñ√¥t been able to stop crying and the pain has just become unbearable,1,pain
No life will ever make up for the pain I feel,1,pain
Today I could not leave my bed,1,could not leave my bed
"Ok so I'm not gonna lie, I'm drunk, its New Year's day, and I have had a lot of time to self reflect lately",1,drunk
"When I was severely depressed, my therapist recommended using distraction to prevent myself from being consumed by flashbacks of former trauma",1,consumed by flashbacks of former trauma
first they just dont talk to you? im not closee with my family for reasons of physical and psychological abuse i have about 4 or 5 close friends id say and they all know i struggle with depression and are always willing to help etc when i reach out but,1,physical and psychological abuse
i have no more energy to do anything and have no pleasure doing things i enjoyed beforehand like going out,1,no more energy
It feels like there's a weight on my chest all the time and anytime I think about being happy my mind shuts it down,1,there's a weight on my chest
But I just need some way to get rid of the pain,1,rid of the pain
"Sore feet and legs, a bit dehydrated and sunburnt, but still better",1,dehydrated
I mean I see it as weak as a man standpoint but it‚Äö√Ñ√¥s comforting when it can put you to sleep getting all your emotions out and I constantly do it for the comfort I can never get from anybody else,1,weak
"It‚Äö√Ñ√¥s nice and puts you to ease but it seems so pathetic but I can‚Äö√Ñ√¥t stop myself from doing it, I need comfort and I need self reinsurance that I‚Äö√Ñ√¥ll be okay and comforted",1,need comfort
Is this really pathetic? I don‚Äö√Ñ√¥t think of it as a personal stand point but from self judge and trying to be generally not so weak,1,weak
"When my brothers saw that they just tried to help me, and I told them too to fuck off and went outside to punch the wall until my hands started to bleed",1,punch the wall until my hands started to bleed
But I'm sick of feeling like shit all the time,1,feeling like shit all the time
So why did I get cripplingly depressed all of a sudden? The brief period where I was exposed to just a little too much lead as a kid? When I fell on my head and got a crack in my skull at age 2? My parents don't eat that healthy and I didn't start eating right until my teens,1,eat that healthy
"Yes I know I'm stupid, yes i know im slow, yes i know im weak and yes I know this amuses you but can you just please move on",1,"yes i know im slow, yes i know im weak and yes I know this amuses you"
I have newly joined the paralyzed party from a car accident and it‚Äö√Ñ√¥s hard to cope,1,ave newly joined the paralyzed party from a car accident
i tried to rationalise but she just goes that my future would be ruined by my abnormality,1,rationalise but she just goes that my future would be ruined by my abnormality
It's 1AM here and I have a lot going on in my head so I can't really be bothered to sleep anytime soon,1,sleep anytime soon
"Now, I'm scared that he could maybe tell her about my hair-shaving, or that my girlfriend could find my bald photos (4 of them) on facebook",1,bald
"i‚Äö√Ñ√¥m always the one getting put down, bullied, or given a hard time in this household",4,bullied
"People always need to point out how I look, whether it be anorexic when I was sad or chubby when I started feeling a bit happier again",1,whether it be anorexic when I was sad or chubby
"I gave up all the weed and alcohol that I was doing last semester, but it was the only thing that helped",1,gave up all the weed and alcohol that I was doing last semester
"Not control me, not contact me only when he wants something, not judging me and calling me chubby",1,not judging me and calling me chubby
How can I get help and reach out? I am so tired of being tired,1,so tired of being tired
"First, not having autism would be nice",1,not having autism would be nice
"I started self-harming about 2 weeks ago and it was such a bad mistake, it's becoming an addiction",1,addiction
"I almost ended up in the psych ward, kinda voluntarily because they asked me if i want to stay or go home and i said to go home but i kinda regret that now, idk why tbh",1,psych ward
"While they were married, my siblings and I witnessed verbal abuse, threats, dad pushed our mom, mom crying, dad coming home drunk, and even after the divorce they constantly talked bad about each other",1,verbal abuse
"Ironically, this makes me want to self harm, but self harming itself has left me with scars that make me feel worse about myself which, in turn, makes me want to end my life or self harm more",1,left me with scars
"My parents fight all the time, Idk if ive been verbally abused or what but my mother yells at me a lot, typically calls me a little shit",3,"verbally abused, mother yells"
One of my friends who I thought was my friend leaked out that I'm autistic and have ADHD as well as I take medications for that every day,1,"autistic, ADHD"
"Preface, I'm a bit drunk rn, it helps numb this pain",1,"pain, drunk"
I got home in a cab and cried the entire way,1,cried
why not sneak some of my grandpas pain pills while im at it,1,pain pills
"For a long time, I've felt like my problems did not warrant a therapy session, so I am just now taking my situation more seriously",1,therapy session
"I might be able to get on my partner's insurance at some point, but I have no idea when, I'm now terrified of not being able to afford therapy, because I can feel myself getting close to a breaking point",1,therapy
"addicted parents who‚Äö√Ñ√¥ve never been there emotionally for me, abusive relationships, eating disorders, anxiety, depression",1,"anxiety, eating disorder, abusive relationships"
Still i find the relaxing effect alcohol have on me frightening,1,alcohol
I‚Äö√Ñ√¥m just so sick and tired of it,1,sick
"On the last 3 days, I just got emotionally triggerred just by reading a manga that potrays loneliness and pedophilic romantic relationships",1,pedophilic romantic relationships
Both my dad and mom were alcoholics and physically and emotionally abusive in the past,1,physically and emotionally abusive
My mom relies on marijuana and other pain relieving drugs to get through her day,1,mom relies on marijuana
I was in a mentally abusive relationship with a lot of cheating and even my dreams act out me getting revenge,1,mentally abusive relationship
"I have alcoholic dad, he often lies, also he borrowing my money, but never give them me back",1,alcoholic dad
"I feel like the systems in place quite literally fuck you over if you have abusive families, needing their birth certificates to verify things",1,have abusive families
Wherever I go I'm the ugliest person,1,ugliest person
not when i was assaulted (groped) not when i came home crying when i was bullied mercilessly,1,when i was assaulted (groped) not when i came home crying when i was bullied mercilessly
not when I cry to her that nobody loves me (literally says I'm being manipulative when I do and I'm doing it for attention) not when I slashed my thighs when she told me that if I didnt graduate college I would be a loser that relys on welfare homeless and a drug addict,1,a drug addict
I hit my best friend kinda on accident and he hates me now,1,"hit my best friend kinda on accident, he hates me now"
"I got drunker than I ever have in my life and I kind of got taken advantage of, and I really think about it a lot",1,drunker
"How could this person that I thought was my friend let this happen to me? Why is it that everyone was mad at me for crying about it after it happened, why did everyone tell me I was making a scene, telling me I was making it a bigger deal than it really was",1,everyone was mad at me for crying
"About two weeks ago my mom took all my meds away, u know , just in case",1,mom took all my meds away
I‚Äö√Ñ√¥m tired of my dad being a pervert and my mom being oblivious or pretending not to notice,1,pervert and oblivious
"I'm stuck here, feeling miserable, and knowing I have to go out tonight and be social so I don't end up sitting here alone, probably drinking by myself and inevitably hurting myself",1,"probably drinking by myself and inevitably hurting myself, don't end up sitting here alone"
I spent mine crying in a dark house by myself,1,crying in a dark house by myself
"I used to be parts of groups, used to make friends in school, used to have things to do outside the house",1,used to make friends
"but why do I feel so cynical, so annoyed, and so much like crying instead? I wish we were all together tonight",1,feel so cynical
I have been hit hard with what I think is depression (have several symptoms) but it kind of makes me numb and not really care about shit anymore,1,makes me numb
"I used to care about everything a lot and got anxious about everything, overthought everything",4,anxious about everything
I have been feeling low for the past couple days and just felt really anxious and upset on the day of NYE,4,anxious
"Fuck you and everything you stand for: whining, complaining, cynicism, pessimism",1,"cynicism, pessimism"
"I could just get a refound from the store, but I couldn't make a call, instead sit in my room and cryed like a bitch",1,sit in my room and cryed like a bitch
"Ever since i started ive been kicked out of an apartment, failed loads, drunk too much, spent most of my money on shit food and now im waiting at home for my inevitable failure",1,drunk too much
But ever since I‚Äö√Ñ√¥ve been depressed (roughly 5 years now) I‚Äö√Ñ√¥ve been the most cynical person,1,been the most cynical person
I'm stuck in this rut and I can't stop crying it's so hard to type and I'm in so much pain and I can't do this anymore I can't,1,"can't stop crying, much pain"
Then I cry and memories about hate return,4,cry
This holiday was worth than normal and I started to cut again,1,cut again
I don't want to feel anxious anymore,4,anxious
Some part of me wants to say that eventually I won't be anxious; I won't be a shitty person; I'll be better,4,anxious
I can't fall asleep,1,can't fall asleep
"I live in pain everyday, I don't want this life, I really sound like a teenager, huh? Yeah I am but the reason for my decision is not that ' a girl didn't like' or ' I am not enough ' type of thing",1,live in pain everyday
"It's painful, I don't need this",1,painful
"My kids are getting older and don‚Äö√Ñ√¥t really need me anymore, my body aches all the time and when I look in the mirror I see an aging, tired face",1,"my body aches, see an aging, getting old"
I‚Äö√Ñ√¥m getting old,1,getting old
So my New Year's resolution would be to just end all this suffering and commit suicide,1,end all this suffering
"My depression and anxiety was good for awhile, I was on meds but they actually made my down days worse and made me have suicidal thoughts so I stopped taking them but now it‚Äö√Ñ√¥s gotten worse again",1,on meds
"I will be hungry and know I NEED to eat, finally gear myself to the effort of cooking something, barely touch it, then get bored of eating and not want to anymore",1,then get bored of eating
Mine feels like a daily battle and a war of attrition,1,war of attrition
"I know there are parties around where I would be welcome, but I'm tired",1,tired
I'm tired,1,tired
"While there's people out there are legitimately disabled through loss of limbs, MS, Rheumatoid Arthritis, cerebral palsy, etc etc etc! Even though depression isn't a direct physical disability, I just can't pull myself to keep myself going",1,"loss of limbs, cerebral palsy, Rheumatoid Arthiritis"
I don't even have the energy to do anything about this and I'll probably be getting called for work soon,1,don't even have the energy to do anything
Everything I do just fills me the same feelings of saddens or anger I don't know what to do anymore,4,anger
"2017 was too fast and it makes me so anxious about thinking it, i feel like a loser and it makes me wanna cry",1,feel like a loser and it makes me wanna cry
I just want to hide and cry in my room,4,cry in my room
"But to make things worse, I'm just about as depressed as ever in terms of not wanting to do anything, escape sleeping, thinking about death, etc",1,escape sleeping
"I don't know how I'm paying my bills, I won't be able to go to my doctors because there goes my health insurance (guess I could apply for Medicaid idk) and just that feeling like I have no idea what I'm doing with my life",1,"doctors, health insurrance"
I'm suppose to go hang out w a friend tonite and I'm nervous I'll be in a terrible mood around him because of this,1,terrible mood
I just want to sleep,1,just want to sleep
"And no, the big rock doesn't fucking break the chest ending my disgusting endless painful life, it stays there laughing at me when I'm crying",1,ending my disgusting endless painful life
then i look at the pills,1,look at the pills
There are times where I'm so down I just want to cry,1,just want to cry
all I can think of doing is cutting myself,1,cutting myself
"I‚Äö√Ñ√¥m here, laying in bed, browsing this sub while occasionally checking Snapchat to see all of my friends out having the time of their lives",1,laying in bed
"So here I am, in this shithole apartment, with my mother sleeping in the bed next to mine so I can‚Äö√Ñ√¥t even get up to have a smoke without waking her",1,shithole apartment
"A big wave of sadness just hit me like a ton of bricks and I don't even know why, I think I'm just gonna cry this on out",1,gonna cry this
"I just want to cry, all I want is a damn cry, I cant cry, nothing will come out, im full of pressure that wont release, I wouldnt mind passing peacefully in my sleep tonight",1,damn cry
I normally can ignore it but sometimes it just gets too much and I end up like I am now crying at my desk with no real reason why,4,crying at my desk
Im so tired of this,1,so tired of this
I keep doing self destructive things,1,self destructive thing
"I could struggle until my limbs bleed, and I still wouldn‚Äö√Ñ√¥t be able to reach it",1,struggle until my limbs bleed
"Then when others try to suggest it‚Äö√Ñ√¥s from lack of trying, well it feels like they‚Äö√Ñ√¥re rubbing salt in the cuts that the shackles have dug into my limbs",1,shackles have dug into my limbs
"I cannot name a single good thing about myself-I am not smart, not charismatic, not good looking, not a good person, not got social skills, got no talents or skills, I am bad at everything I've ever tried in my life",1,"not smart, not charismatic, not good looking"
I‚Äö√Ñ√¥m so tired,1,so tired
I want to leave this place I'm tired of it,1,tired of it
"Every time I vent I feel a little better because I've gotten something off my chest, but then I feel worse the next day because I just made their day worse by talking to them about my depression",1,something off my chest
"I've been having some very dark thoughts about hurting myself and I find them to be quite troublesome, they just seem to pull me into an even darker place",1,hurting myself
"I feel completely numb, like I'm going about my day in a daze",1,numb
"Hi all, been having on/off therapy past 3 years for anxiety+depression and more recently for PTSD",1,PTSD
I'm about to cry for no reason,1,cry for no reason
It hurts so much,1,hurts
"All the shit in my life, the pain, the abuse, the rape",1,"the abuse, the rape"
Help me Ive lost almost all feelings and I am unable to cry anymore,1,"unable to cry, lost almost all feelings"
Im having panic after panic attack,1,panic
"I start to feel better overall a d stay away from self destructive things, eat really healthy, and exercise",1,self destructive things
"My therapist might tell my parents about my past cutting (Ive avoided it for over a month just so i have proof that I ""stopped"")",1,cutting
"when something bad happens I rarely cry, I do feel aching in my heart and know that its sad I just don't feel like crying is the right way to react",1,aching in my heart
I know emotions and know when I should be doing them but i cannot cry when I'm sad and I rarely laugh when I'm happy,1,cannot cry
My OCD has started destroying my life again,1,OCD
"So Tl:dr: used to cut, 2 years later, need to cut more than ever and can‚Äö√Ñ√¥t really properly focus on normal things",1,need to cut more than ever
"I have days where I'm in a slightly more positive mood, but generally I just feel pretty apathetic about everything, lethargic and extremely self-critical to the point where it stops me doing things",1,"lethargic and extremely self-critical, feel pretty apathetic about everything"
My boyfriend told me that I am pretty and beautiful on the outside and when I'm in a great mood but my moodiness and attitude make me ugly,1,my moodiness and attitude make me ugly
I‚Äö√Ñ√¥m 16 but I‚Äö√Ñ√¥m in the last month of my year group and I look about 14,1,look about 14
"Not my music, my clothes my humor, my personality, my appearance",1,"my clothes my humor, my personality, my appearance"
The only thing I‚Äö√Ñ√¥m motivated to do in life right now is lay in my comfy bed and watch Netflix,1,motivated to do in life right now is lay in my comfy bed and watch Netflix
"Rather than spending my 2018 a fat lifeless deadbeat, I finally made an appointment to inquire about anti depressants",1,fat lifeless deadbeat
"My motivation to change anything meaningful in my life doesn‚Äö√Ñ√¥t stick, so I stick a needle in my arm and inject it",1,so I stick a needle in my arm and inject it
"Will a fresh start change the way I look or change how attractive I am? Will a fresh start make me more likable? More outgoing? More equipped to make friends and meet new people? The truth is, it doesn't matter how many fresh starts I am given: I will always, fundamentally, be the same person, and I will continue to let forces outside of my control define who I am as a person",1,Will a fresh start change the way I look or change how attractive I am
"Not everyone can come forward, I apologize for not being priveleged enough to reach out and get a diagnosis",1,I apologize for not being priveleged enough to reach out and get a diagnosis
I decided im going to resort to just weed at first but if that doesn't work try something harder until it either works or i od and die but if nothing ends up working ill probably end up killing myself,1,weed
I don't know what I'm doing anymore I ran out of meds and the sudden realization that I can't ever live a life I even remotely like without them I dont like being chronically depressed I dont know what it feels like to not have it I'm so tired,1,dont know what it feels like to not have it I'm so tired
"I‚Äö√Ñ√¥m destined to be left behind, bedridden",1,bedridden
Any other late night r/depression browsers using reddit to avoid going to sleep because of the dread you feel for tomorrow? :),1,to avoid going to sleep because of the dread you feel for tomorrow
*that's all the pill - turns me into a fucking zombie,1,that's all the pill
God saw me and laughed as He kicked my brain-dead mind into this world,1,kicked my brain-dead mind into this world
While I'm seeing a professional I would like to find someone who had similar experience maybe? How to start loving yourself? I have this huge problem where I hurt myself when someone hurts me emotionally to the point where I can't take it anymore,1,hurt myself
"Help? (I'm a 20 year old male and no, I don't have my whole life ahead of me because I'm too crippled to do anything even at this age) Edit: *wasn't, not want and I made a few typos that I can't change now",1,crippled
But now? Now I feel low,1,feel low
No energy,1,No energy
"Your gut microbiome and brain chemistry and diet are intricately related, and the modern diet of toaster waffles, fried chicken, and bread/cake may be a major cause of many health issues",1,gut microbiome and brain chemistry and diet are intricately related
"I didn't sleep long enough last night, just a measly 7 hours and I woke up, exhausted but as I sat trying to get my day started I just got this urge to clean",1,exhausted but as I sat trying to get my day started
I‚Äö√Ñ√¥m trying all my tricks to get me out of this depression episode but I just can‚Äö√Ñ√¥t find the energy to do more,1,an‚Äö√Ñ√¥t find the energy to do more
I'm just tired,1,tired
"Do you feel different? Do you feel like they change you? Do they help? I‚Äö√Ñ√¥m asking because after years of refusing medication because I felt like I could beat depression on my own, I‚Äö√Ñ√¥ve reached a point where I‚Äö√Ñ√¥m scared of my state of mind and that I need medication",1,cared of my state of mind and that I need medication
"The truth is I just want to stop and sleep , I'm feel done with everything and it feels like I'm getting paranoid that my friends are noticing and deciding to remove me from the situation",1,paranoid
I used to take benadryl regularly for sleep so my tolerance is pretty high,1,sed to take benadryl regularly for sleep so my tolerance is pretty high
"I‚Äö√Ñ√¥m unwell, and I can‚Äö√Ñ√¥t sleep because of this horrible headache and rating thoughts",1,can‚Äö√Ñ√¥t sleep because of this horrible headache
I'm not attractive,1,I'm not attractive
I've become worse and just lie in bed all day now,1,become worse and just lie in bed all day now
"I've been able to keep myself from harming myself or doing drugs for a while now but something just snapped in recent months that's making me just irritable, impatient, and wanting to spiral out of control again",1,harming myself or doing drugs
"Im autistic, with disabilities and unable to go out on my own",1,"autistic, with disabilities and unable to go out on my own"
"The meds, the therapy, the physical activity",1,"the therapy, the physical activity"
I sleep 12 hours a night but I also dream very vividly,1,sleep 12 hours a nigh
I cried myself to sleep every night and wished I would die over my meaningless woes,1,cried myself to sleep
"But in the end, it's 2018 and instead of working on my art and bounding with people over shared experiences, I haven't taken a shower in 6 days",1,haven't taken a shower in 6 days
"I feel like I want to die but I'm too lazy to really do anything about it, so I just keep living and distracting myself from my reality",1,feel like I want to die but I'm too lazy to really do anything about it
I feel like I‚Äö√Ñ√¥m not even a functioning human at this point,1,not even a functioning human at this point
"Nothing brought on this panic attack, I've just been awfully down",1,Nothing brought on this panic attack
"then think that if you had that motivation, that you don't have any interests anyways so it would just be a waste then go right back to bed",1,"just be a waste then go right back to bed, you had that motivation"
"Yet I find myself so paranoid and hateful of myself, why do I deserve this life I have? Sometimes I just wanna scream, feeling like I‚Äö√Ñ√¥m trapped in another person‚Äö√Ñ√¥s skin, I feel like all my accomplishments are fake and I‚Äö√Ñ√¥m a useless slab of meat who‚Äö√Ñ√¥ll eventually die",1,paranoid
"I dont want to feel my lungs fill up with water and not be able to breathe, i dont want to feel cuts all over or a rope around my neck or anything else",1,"feel cuts, rope around my neck"
"The way I see it, my life is more suffering than joy, and that's probably not going to change",1,suffering than joy
"We spend most of our time doing things we don't want to do: working, cleaning, driving in traffic, feeling hungry, experiencing physical discomfort, etc, etc",1,experiencing physical discomfort
It seems I've finally come to realise that I've become a monster i thought i was originally preventing becoming one but really i became one a long time ago,1,monster
My whole body feels so tired and just wants to rest,1,body feels so tired
"If anyone knows anything about using hydrogen sulfide and any discomfort associated with it, I‚Äö√Ñ√¥d appreciate learning about it :) I‚Äö√Ñ√¥m so exhausted guys, I just wish I had someone to talk to but I feel like I just get this weird feeling that stops me from talking about it to a specific person",1,using hydrogen sulfide
"I would love a hug right now, it would relieve the pain a little bit to be honest, it would be a nice distraction at least, I feel like I‚Äö√Ñ√¥m shaking because of my episodes and stomach pain",1,episodes and stomach pain
I want to cry but I literally can't find tears,4,want to cry
"A shrunken pain builds up in my heart, a heaviness in my chest",4,heaviness in my chest
"The occasional sting on my arm, reminding me of my hardships",1,sting on my arm
I‚Äö√Ñ√¥m also an antinatalist,1,antinatalist
And I‚Äö√Ñ√¥m also a nihilist,1,nihilist
"I sometimes overflood with emotions, i feel more anxious around this time",1,"feel more anxious, overflood with emotions"
i go through every day with so much pain and tears and pretend everything is alright,4,so much pain and tears
I panic because I didn‚Äö√Ñ√¥t hear what they said even though I thought I was listening,1,panic
What part of my behavior is due to mental illness and what part is due to being lazy I shit on myself all the time,1,"being lazy, shit on myself"
I feel like I don't have time for anything and I feel tired all the time,1,tired
"I'm on meds, I'm in therapy, I'm resilient",1,"on meds, in therapy"
This thought gives me rest when I'm really anxious,4,anxious
"Sometimes I just feel I am losing my mind, too poor for medical help or anykind of help talking with others doesnt work",4,"losing my mind, poor"
I've been going to sleep at around 6-6:30 so I don't have to eat as much at dinner and I can fall asleep before my brain goes sicko mode and wander down a dark path of self hate and anxious thoughts,1,"anxious thoughts, self hate"
I thought about picking up self harm again after I've been clean for nearly a month,1,self harm
my mentally unstable brain decides suicide is the answer to any situation big or small and i‚Äö√Ñ√¥m tired of it,1,tired
"I wanted to be able to push through all the pain that I‚Äö√Ñ√¥ve been in for so long and I wanted to believe that it could get better for me, but the waiting isn‚Äö√Ñ√¥t worth it",1,pain
It‚Äö√Ñ√¥s not getting better and I‚Äö√Ñ√¥m too weak to keep dealing with this day in and day out,1,weak
Your body is as though it doesn't care that they look exposed and scared and weak in the eyes of those who want to harm it,1,exposed and scared and weak
It's gotten worse and I've been through so much pain I just want it to stop I just don't know why I'm alive I just wish I'd died when I had tried,1,"gotten worse, pain"
"I just keep thinking about how long i have left in life and I am already exhausted I'm only 24 and I'm tired of living , i don't have a big problem but i keep overthinking how exhausting living is and how many years i have to live i for some reason don't accept living, I'm sure it's just thoughts that comes out of bordem but I want to know if you can relate",1,already exhausted
that‚Äö√Ñ√¥s why i often resort to cries for help,4,cries for help
I hope I continue to feel pain so I can make up for the shit I caused,1,feel pain
I was diagnosed with borderline disability and it's making me suicidal and homicidal,1,diagnosed with borderline disability
So sick of lying all the time and telling every one I'm fine every fucking day because I'm not at all,1,sick of lying
I constantly just feel drained and tired of everything and I rlly see no point in carrying on,1,feel drained
And they just can‚Äö√Ñ√¥t tell that I‚Äö√Ñ√¥m really sad I don‚Äö√Ñ√¥t want to say depressed because that‚Äö√Ñ√¥s a really strong word but I‚Äö√Ñ√¥m tired of feeling empty on the inside I feel like there always a gag in my throat and a drill in my stomach i wouldn‚Äö√Ñ√¥t say I‚Äö√Ñ√¥m anti social I can talk to people but whenever we get semi close I feel like I‚Äö√Ñ√¥m always going to mess it up,1,"gag in my throat, drill in my stomach"
"Every single breath hurts my body, it‚Äö√Ñ√¥s like I‚Äö√Ñ√¥m struggling to breathe even though it‚Äö√Ñ√¥s basic instinct",1,Every single breath hurts my body
"The stress, the boredom, anxiety, adhd, the feeling of not want to do anythinf at all",1,"anxiety, adhd, the boredom, the feeling of not want to do anythinf at all"
"you all know that one word, the one that's frightening and unbearable to say or even type",1,frightening
"Over the years, I've been called lazy for wanting to lie in bed, a baby for breaking down and crying, and selfish for wanting any time to myself",1,"wanting to lie in bed, lazy"
I‚Äö√Ñ√¥m tired of this life I‚Äö√Ñ√¥m laying here in bed crying shutting my eyes as hard as I can hoping the darkness will erase my existence,4,crying shutting my eyes as hard
"Now after doing some stuff for myself got a little back to my feet I still feel sad but what changed is when something bad that I don't deserve happens I get so mad, when someone wrongs me I want to punch the shit out of him, when someone gets something that I deserve I get so frustrated to the point of crying in front of everyone",1,get so frustrated to the point of crying in front of everyone
"I'm sitting in my bed, unable to sleep, and hitting a burnt vape",1,sitting in my bed
"I‚Äö√Ñ√¥m feelin stressed, tired, sick, and sleepy all at the same time",1,tired
"Hit my head multiple times, cried, shouted",4,"cried, shouted"
I‚Äö√Ñ√¥m honestly so lazy and not motivated to do anything and I could be doing everything I can to make my life better but it‚Äö√Ñ√¥s like I don‚Äö√Ñ√¥t want to it‚Äö√Ñ√¥s hard to explain but I‚Äö√Ñ√¥m depressed and hopeless,1,lazy and not motivated to do anything
"Which is scarier than feeling depressed, because it was the emptiness that drove me to start self harming years ago and I desperately do not want to go back to that place",1,self harming
I used to binge eat to fill the void or starve myself out of punishment or watch youtube vids to fill the void or got drunk to feel numb or sleep to escape,1,"starve myself out of punishment, got drunk to feel numb, sleep to escape"
I'm also super lazy and procrastinate hardcore,1,super lazy
I'm sitting on the dark shaking,1,sitting on the dark
My feet hurt I'm exhausted and just want to lay on the ground and hope for sleep,1,exhausted
I‚Äö√Ñ√¥m too tired to go on anymore,1,tired to go on
Feel too tired even to play video games,1,tired
Just living right now is painful,1,living right now is painful
I can't talk about it with anyone I know and I'm so fucking sick of life,1,sick of life
"So today at work i had a mental breakdown, i cant stop feeling so",1,mental breakdown
sad! Suddenly my suicide thought keep pop up in my head and i keep falling apart,1,i keep falling apart
I cry every night and feel so alone,4,"cry every night, feel so alone"
"Everyday looks the same, I go to school, I work, I procrastinate, I stress, I cry, I sleep, I repeat",4,I cry
"I convinced myself not to die but I‚Äö√Ñ√¥ve never truly felt at peace, life for me is just exhausting attempts at constantly distracting myself from the depressive thoughts that I just can‚Äö√Ñ√¥t get rid off",1,life for me is just exhausting
I feel like it's okay to hurt myself,1,it's okay to hurt myself
"My eyes feel tired, I feel physically exhausted",1,physically exhausted
I sleep in my free periods at school and I sleep when I get home at 2:30pm,1,sleep in my free periods
I have so many voices yelling in my head wanting to come out I‚Äö√Ñ√¥m just stuttering when I trying and let them I feel insane,1,yelling in my head
I literally am out of energy to give and everything is going to shit again,1,out of energy
My meds make me feel less and less like me every day and the void inside me is just getting bigger and bigger ever day,1,My meds make me feel
"My go to during breakdowns has been clawing at my arms, some bad enough to leave scars",1,"clawing at my arms, leave scars"
I‚Äö√Ñ√¥m so exhausted with life,1,exhausted with life
"She found me and grabbed me and I kept yelling ""god please help",1,grabbed me
"5 more of them came, tackled, and beat me to shreds",1,beat me to shreds
"Poor, bald, fat, short, and alone",1,bald fat short
"This morning I heard my roommates and their friends taking about how awkward and ugly I am, laughing hysterically",1,ugly I am
"very ugly ,short,unproportionate body,weak eyesight,bad in studies and sports,",1,"ugly, short"
I tried a lot to talk to girls but they hate to even look at me because I am awfully ugly,1,awfully ugly
"The next day they called me ugly, fat, gross, slut and disgusting",1,ugly
"Trying, failing, and succeeding at coping",1,failing
"I'm pretty obese, and my roommate tells me that I need to lose weight",1,pretty obese
I feel like a failure in everything I do,1,feel like a failure
i guess its good because my fat ass shouldnt eat this much,1,my fat ass shouldnt eat this much
"I get degraded by other men for not having had enough sex, not seeming masculine enough, and while I understand men are supposed to be strong, few people understand that men have feelings too",1,"not seeming masculine enough, degraded by other men"
I mean if I had a regular sized head and wasn't short I'd probably be modeling and getting paid for lookinggood and exotic,1,egular sized head and wasn't short I'd probably be modeling and getting paid for lookinggood
my bodybuilding genetics and frame are top tier but im just so small and top light,1,so small
"Then, on the way to the pub, a group of girls basically called me unattractive",1,girls basically called me unattractive
My friends were just bullies who abused my kindness and lack of courage,1,bullies who abused
It sucks because a flaw about your personality can easily be fixed and I doubt it has a strong impact,1,flaw about your personality
Being reminded constantly of body flaws is the worse in my opinion because that can just ruin someone completely,1,body flaws
"What sucks even more is that, you can be confident in your own skin and as soon as someone points out a flaw, that thought stays with you forever and will never escape your mind",1,points out a flaw
I'm 14 and I've been depressed since my dad died when I was 11 I've never had friends I'm unattractive never even hugged a girl I've been bullied since the 4th grade and to top it off my will probably send me to a military school I don't know what to do,1,unattractive
"Some days I hate my body, and as much as I try to love it and do what's best for it-- my depression won't let me",1,hate my body
"I‚Äö√Ñ√¥m unattractive, shit at speaking to girls",1,shit at speaking to girls
The voices start yelling ugly words at me digging at my festering wrists,1,The voices start yelling ugly words at me digging at my festering wrist
Does that make sense/is that normal? I was raped a few years ago but have never spoken to someone professional about it,1,raped
"Back in school the only time I would get attention is if someone wants me to do something, or for bullying me",1,or for bullying me
To kill myself if im ugly?,1,ugly
"if only to prove to my children, cursed with these genetic tendencies of mine, that life is worth living",1,genetic tendencies
My scars and cynicism are just a little too hard for anyone who tries to stay around too long,1,scars
"I got slimmer, got more muscle, haircut and all",1,got slimmer
"Started cutting around 12, the same time I had my first flashback to the first time I was raped",1,raped
I just need to find the right meds,1,meds
"I'm a pathetic, disgusting excuse for a person and nobody, not even me can stand being around me",1,pathetic
I can‚Äö√Ñ√¥t believe how fucking dumb I am,1,dumb
I was molested when I was younger which definitely doesn‚Äö√Ñ√¥t help but honestly I just wanna kill myself cause of my current situation,1,molested
"Even before then, all I can ever remember knowing was abuse",1,abuse
"I can't do anything right at all, I'm ugly, I'm talentless",1,ugly
"It beats me down, demanding more than I could ever give",1,beats me down
I‚Äö√Ñ√¥m too ugly,1,ugly
I‚Äö√Ñ√¥m too dumb,1,dumb
A fucking stain,1,stain
empty and alone man i just want someone to love me dude but im ugly and fat and worthless and no one is ever going to see im worth the chance,1,"ugly, fat, worthless"
I wish I was more charismatic and not weird around strangers and I wish I wasn‚Äö√Ñ√¥t so nice,1,more charismatic
Deep down maybe it is just a series of self inflicted devilish mistakes in manipulation and childhood traumas of sexual and psychological bias,1,manipulation and childhood traumas of sexual and psychological bias
I hate myself so much It hurts I hate my body Life is suffering I feel deprresed and angry And there is person i hate so much i fucking hate him omgg,1,"hate my body, hate myself so much"
I was brutally raped for 2 months,1,brutally raped
"I was bullied through out my school years, especially in high school",1,bullied through out my school years
"I‚Äö√Ñ√¥m too lazy, too tired, can‚Äö√Ñ√¥t focus on anything or anyone other than myself",1,too tired
There was no physical evidence and so to press charges they need me to testify in court,1,no physical evidence
"Regardless of the verdict, I will have made my disgusting and horrible actions known to the public so history cannot repeat itself, and little girls will be safe from the predator who stole so much from me",1,predator who stole so much from me
"That's all I really needed to say, just kind of sick of going all day without being so much as acknowledged by those around me",1,"kind of sick, acknowledged by those around me"
"I'm revolting in the inside and the outside, the more I look at myself the more I want to tear my face off, I deserve to die like the horrid monster I am",1,tear my face off
He also verbally berates me and physically biass me,1,verbally berates me
I have no money and due to my autism and physical disability‚Äö√Ñ√¥s I can‚Äö√Ñ√¥t work,1,autism and physical disability
"Im ugly , no one likes me im a loser and im just always sad and i cant do anything about it",1,"ugly, always sad"
I am a weak and small person that know one respects,1,am a weak and small person
I am treated like shit and abandon by society,1,am treated like shit
"I'm at the point where I'm fine with accidents that can happen, where it be I'm driving and a truck speeds and hits me, riding on train and exploding, walking on the sidewalk and hoping a car would hit me or I get snatched and be killed, walking alone late at night and some thugs beat me up",1,get snatched
I feel very ugly and I don't want to show my face,1,"feel very ugly, don't want to show my face"
"What if my parents die? What do I do? I don't know, I feel hideously ugly",1,feel hideously ugly
I have no one I can talk to I couldn't even text the sucide hotline or contact a school counselor because my anxiety make me want to peel my skin off when I try,1,want to peel my skin off
I‚Äö√Ñ√¥m now in 11th grade and school has never been worse I‚Äö√Ñ√¥ve already had 2 pretty serious breakdowns and I‚Äö√Ñ√¥m only 6 weeks in,2,school has never been worse
What I can't get passed is being useless and having no skill whatsoever,2,can't get passed is being useless and having no skill
I'm sick of failing in life again and again and again I'm sick of people calling me crazy I'm sick of being treated like crap I'm sick of life,2,sick of failing in life
)All we do is go to school to get a career we don‚Äö√Ñ√¥t like and work to pay bills,2,work to pay bills
) College just makes me very depressed I feel like I can‚Äö√Ñ√¥t succeed in anything and that I‚Äö√Ñ√¥m wasting money,2,wasting money
I wasn't able to go to school today because it was really hard to get out of my bed,2,wasn't able to go to school
"The poor will not make it in this country, suicide rates are already rising and have been for the past 20 years",2,poor will not make it in this country
"I'm exhausted the whole time, and it's hard to concentrate, but I can do it",2,hard to concentrate
"Instead of dealing with reality and building my life in my country, I just lie on my bed doing nothing for years/months with no job, education or even goals",2,no job
I failed two courses last semester,2,I failed two courses last semester
"I start college in two weeks, and now I won't have a paycheck coming every week, but I can't bring myself to care all that much",2,now I won't have a paycheck coming every week
My job sucks my college degree is useless around here I live an hour from my nearest friend,2,job sucks
Earlier this year my uncle was looking for someone to work for him,2,my uncle was looking for someone to work for him
I'm still very sick from losing my job a day after Xmas as I mentioned in my last post I feel really pathetic and more jealous of my brother in law yes I got problems but I just want everything he has but now I don't have any no income idk what to do with my life now so have a happy mother fucking new year,2,"very sick from losing my job, no income"
"the same place, the same motherfucking job, no gf, not enough cash, the worst thing which is i left my studies, oh, and the same bullshit everyone tells me: Everything will be fine, it's just a bad day, at least you have good health (i wish",2,"same motherfucking job, not enough cash, no gf"
I haven't been earning income from welfare since November so I'm really quite poor,2,haven't been earning income
"And because Im depressed, I cant focus on my work",2,cant focus on my work
"Not many years later, they have jobs, girlfriends, confidence, their own homes, and even traveling",2,"they have jobs, their own homes, girlfriends"
"I took it because what other choice did I have? My professor knows I work two jobs, commute an hour to school everyday and an hour home, and suffer from bipolar disorder, depression, and anxiety",2,"work two jobs, commute an hour to school everyday"
I got incredibly depressed around March and suffered a breakdown and dropped out of school,2,dropped out of school
"Now what? Days are a fucking blur and all I'm thinking about is the next time I'll be suffering, whether it be dealing with terrible bosses at an underpaid, over stressful job, dealing with angry people, or worrying about not doing the shit I should be",2,"terrible bosses, underpaid, over stressful job"
"Essentially, I can't accomplish anything unless it pertains to a greater purpose than simply enjoyment, or if I have made myself accountable to someone else, and even then I have trouble finishing tasks",2,trouble finishing tasks
"Could I have some advice, please? I am saddest about my lack of curiosity",2,lack of curiosity
"The fall semester was one of the worst experiences of my life, and I barely passed my four classes",2,"fall semester was one of the worst experiences of my life, barely passed"
I never failed but just passed with minimum grades,2,never failed
I only get myself to study before exams by 2-3 hours when I panicking like hell and keep hitting myself,2,study before exams
"I blame weed for all my troubles, losing my job and my ex, having no savings",2,"losing my job and my ex, having no savings"
"I am a male and am 16 years old, I took biology, chemistry, maths and philosophy for my A levels, and I don't know what to do",2,took biology
"I had in mind that I would become a doctor, but then I read, that they have to mostly spend weekends working and work overtime",2,spend weekends working
does anyone here know any way a freshman can get a job in california,2,freshman can get a job
I dropped out of one of the best colleges in the country last semester because I had no motivation and couldn't focus on schoolwork for the life of me,2,"dropped out of one of the best college, no motivation"
god im so fucking disappointed in my inability to draw decently or good at all,2,disappointed in my inability to draw decently or good at all
"I'm smart, I haven't taken the SAT yet but my PSAT score was 1300, I do well on tests, A average, but I am failing 2 classes this year because I dont do my homework",2,"A average, failing 2 classes this year"
Just got back the results after retaking a test and scored another F,2,scored another F
"I'm not very smart and I have to take English 48 in the community college I go to since I failed Freshman English twice, had to retake Sophomore English and struggled through all my other English classes",2,not very smart
"The context of my problem is that I'll be looking for an internship in April of this year (my very first job), and I'm unsure if I can match up to the competition and impress a potential employer",2,unsure
I recently (6 months ago) finally got a job after over a year of unemployment but im working huge hours and 6 days a week,2,working huge hours
"Not only that, its a stressful job too",2,stressful job
com/r/depression/comments/5jquj6/i_failed_another_college_class_and_i_dont_know/ But basically I am 23 years old and a computer science major and I have recently just failed another semester of college and told my mother about it,2,failed another semester
Sometimes I feel motivated in the morning to improve my life and that I would build up on my resume by trying to learn a new programming language or by working on an app or some coding project I can put on my portfolio but whenever I get stuck I end up losing my will to continue and go back to having my existential crisis,2,existential crisis
"I've had literal months to finish these two assignments for college (UK college, I'm 17, doing a fashion design course) and I've barely started due to a mixture of depressed feelings and fear of getting the work wrong and being thought of as an idiot",2,fear of getting the work wrong
"Does anyone else have an issue of your depression turning you towards bad habit and behaviors that prohibit growth healing and success? I feel like every few months I have an episode and I act out, I start being late for work or calling in more, feeling like they won't fire me or if they do who cares I can get other jobs",2,being late for work
My dream is to be a professional singer or actor,2,dream is to be a professional singer
"Yet, long before that (Perhaps for the past 2 or 3 years), I've been really declining, just barely passing my classes and even failing calculus twice",2,"just barely passing my classes, failing calculus twice"
"I‚Äö√Ñ√¥m currently getting a marketing degree, but I‚Äö√Ñ√¥m honestly not too sure what I will do with it",2,marketing degree
I‚Äö√Ñ√¥m 22 now and I‚Äö√Ñ√¥ve been kicked out of two universities,2,kicked out of two universities
"Everything that I tried, I failed",2,failed
"I've got fired from my part-time job, what kind of bastards firing his own staff on the end of a year? Now I'm a poor-sobbing girl who has no money, no future, haven't got any decent jobs, even got no friends and never beloved by my fucking family",2,"got fired from my part-time job, poor, no friends, fucking family"
About people about things about university and assignments,2,university and assignments
"i had some old roomates that i thought were friends that screwed me out of alot of money and stiffed me with a ton of dept and i managed to get an ok job and blew it somehow, got let go the month before i woulda been able to make any real change toward looming bills and collection calls",2,alot of money
"with no income i cant afford medication or the ambulance bill and someone smashes into my car (im ok) but why now! i finally get unemployment insurance and it only barely covers rent, guess food is optional",2,"no income, unemployment, the ambulance bill"
Everyday I feel miserable about my family being poor,2,Being poor sucks
I feel ashamed everyday because of our poverty,2,poverty
I'm tore between wanting to do things &amp; not wanting to do them at the same time,2,wanting to do things
I couldn't meet the deadlines,2,couldn't meet the deadlines
I can't revise,2,can't revise
It was a mistake to try and go to university,2,as a mistake to try and go to university
I'm going to fail these exams,2,fail these exams
I‚Äö√Ñ√¥m a 3rd (final) year law student in the middle of tons of essays due in 10 days and it‚Äö√Ñ√¥s making me unbearably sad and lonely,2,3rd (final) year law student in the middle of tons of essays due
"I have nothing to show for it, I'm at the same position i was last year, Same job, no SO, and still depressed",2,Same job
But I might lose that because I'm getting kicked out of university and i have to convince them that I'm poor and I have a mental illness just to be spared,2,getting kicked out of university
"I have a degree in Education, but it only took me my last semester to realize how I had made the biggest mistake of my life",2,degree in Education
"When I was in my student teaching, I was teaching seniors (which was bad enough)- but then my mentor teacher bullied me and long story short- I absolutely don‚Äö√Ñ√¥t want to teach anymore",2,teacher bullied me
"I'm tired of wage slavery, individualism, materialism but it's all we have today",2,wage slavery
"I remember the first time I ever had suicidal thoughts, it was 4 years ago and I was living away from home for university",2,living away from home for university
I got a good job delivering but quit it almost two weeks ago because I'm a bitch and was having an anxiety attack,2,good job delivering but quit it
My old roommates are holding some of my stuff hostage until I pay them a certain amount of money,2,certain amount of money
"i‚Äö√Ñ√¥m 26, will turn 27 this coming year, and i live at home and don‚Äö√Ñ√¥t have a college degree",2,college degree
i have a part-time job and struggle to even get through 4 hour shifts,2,have a part-time job
Money is the root of most of my problems,2,Money is the root of most of my problems
I am currently working 3 jobs,2,currently working 3 jobs
My girl and I have been fighting financial struggle for about 7 months now,2,financial struggle
We are not going to have rent and our roomates are going to kick us out,2,not going to have rent
"Failing at college because the lack of motivation/anxiety, but mainly because I can't force myself to do anything more than be there",2,Failing at college
"I have no money for a therapist, but I want to end all of this",2,no money
"Graduated from a shitty uni with shitty degree to a shitty job market so I've been jobless for the whole year, relatives makes fun of my unemployment, ended up obese from my dependency on food as an emotional comfort, contemplating suicide a few times from all this",2,"shitty degree, been jobless for the whole year, unemployment"
I graduated college this year and thought for sure by now id at least have a start date for a new career,2,graduated college this year
"in fact, my temp job laid me off and before then they were cutting my hours",2,before then they were cutting my hours
So now im unemployed and have no hopes or a job atm,2,unemployed
"i don‚Äö√Ñ√¥t know a whole lot, haven‚Äö√Ñ√¥t even finished school",2,haven‚Äö√Ñ√¥t even finished school
I will just waste my parent‚Äö√Ñ√¥s money with college,2,waste my parent‚Äö√Ñ√¥s money with college
"I left my job 2 weeks ago, but no one has called me back about my resume",2,"left my job 2 weeks ago, but no one has called me back about my resume"
Get good grades (did really bad last semester since depression was just too bad),2,did really bad last semester
I am so fucking depressed it‚Äö√Ñ√¥s like everybody around me gets their shit together everybody eventually seems to get what they want except from me I seem to lose everything that makes me happy I am 22 never had a girlfriend all I ever had gotten from a girl was a kiss and then she dumped me! I hate my life and I can‚Äö√Ñ√¥t find a job either to have my own apartment I live with my aunt and uncle and hate every second of it I wanna get out and I can‚Äö√Ñ√¥t afford it I don‚Äö√Ñ√¥t know what to do I don‚Äö√Ñ√¥t believe in miracles anymore!,2,can‚Äö√Ñ√¥t find a job
I know it's the holidays and no one is hiring en masse yet,2,no one is hiring
"I have to work New Years at my busy ass restaurant and half my staff call out, very thing that can go wrong at work is, my family and friends are all celebrating and enjoying themselves, and I know I might lose my manager position because I can‚Äö√Ñ√¥t get other my anxiety and stress",2,"go wrong at work is, lose my manager position"
"t with her at work at least but now I‚Äö√Ñ√¥m outside, crying my eyes out and wondering if I should just slit my wrist after work",2,should just slit my wrist after work
I've failed 3 of my classes,2,failed 3 of my classes
"The thing is, my grades have gone from As to Ds and Fs",2,grades have gone from As to Ds and Fs
I keep asking for extensions but not fulfilling them,2,"asking for extensions, but not fulfilling them"
"2017 has been the worst years of my life, school is fuckinh hard, i ended a long relationship with my girlfriend, not being invited to any parties or hangouts and spending the majority of the year alone",2,school is fuckinh hard
we humans work our asses off 24/7 for fucking jackshit,2,we humans work our asses off 24/7 for fucking jackshit
"excuse me for my profanity here but i‚Äö√Ñ√¥m being serious, what actually is the point of this torturous cycle called ‚Äö√Ñ√∫life‚Äö√Ñ√π? all i‚Äö√Ñ√¥m willing to do right now is jump off an overpass because i can‚Äö√Ñ√¥t do it all over again",2,torturous cycle
"Everybody‚Äö√Ñ√¥s busy living their lives while unemployed, depressed me can‚Äö√Ñ√¥t stop thinking of dying",2,unemployed
I graduated in 2010 with high expectations from my folks,2,graduated
"It's like this: when I can't leave my bed, when I'm crying all the time, when I'm constantly late to work, when I haven't showered in weeks, I can tell myself: these are very clear, objective signs of depression",2,constantly late to work
"I‚Äö√Ñ√¥ve made an annual 11,000 dollars for the past four years until I quit my job",2,quit my job
I dont really regret it because it was shitty retail slavery but holy shit I just want to be rich,2,shitty retail slavery
My job sucks,2,"job sucks, job sucks"
"The bosses are total unprofessional cunts, they are uncouth and rude, they yell at everyone",2,unprofessional
I work at a tv repair company,2,work at a tv repair company
I need advice,2,need advice
No dreams or goals,2,No dreams or goals
"/don't want to do anything, but I have to do work",2,to do work
"I‚Äö√Ñ√¥ve always had depression, and it‚Äö√Ñ√¥s gotten really bad this year",2,really bad
"It‚Äö√Ñ√¥s affecting every aspect of my life, I‚Äö√Ñ√¥ve pushed most of my friends away, barely been talking to my family, my finances are a mess, and worst of all, my performance at work has gotten really bad",2,finances
"My boss is very hands off, so no one knew how behind I had gotten, what a mess I‚Äö√Ñ√¥d made of my work",2,boss is very hands off
"Let them know that it‚Äö√Ñ√¥s not just my work that has suffered, but my finances, soicial life, family life, health, everything",2,finances
Specially job-wise,2,job-wise
"I don't have any kids, relationships to manage, projects or hobbies, and only about 20 hours of work a week",2,20 hours of work a week
"I made a mistake in choosing my current course, I've wasted 4-5 years in it, I realised 2 years ago that my real interests lay elsewhere, but it cost my family a lot to get me into this course",2,made a mistake in choosing my current course
its been hard financially out here even working 2 jobs,2,"been hard financially, working 2 jobs"
rents due and i have exactly enough to cover it but still need to pay my other bills which ill have no money for and wont have shit for money when i fly out,2,"other bills, no money"
"Got that job, didn‚Äö√Ñ√¥t fuck up that date, realized how important grades were, wasn‚Äö√Ñ√¥t addicted to porn, didn‚Äö√Ñ√¥t drive everyone away",2,grades
I just left a happy but low paid job which I excelled at for one with better money and better prospects,2,low paid job
Doing school work increases my appeal for suicide but i really am trying to push through this,2,Doing school work increases my appeal for suicide
"I‚Äö√Ñ√¥ve mentioned it a couple times on here lately, but my depression has been ruining most parts of my life, including job performance",2,job performance
I‚Äö√Ñ√¥ve got a meeting in the morning with my bosses about my poor performance and I think I‚Äö√Ñ√¥ll be fired,2,be fired
"I have to admit I broke down a bit, had trouble getting sentences out, but I tried my best to explain how depression was affecting me and my job performance",2,job performance
"They were very kind and understanding, but still said I need to either resign or they will have to start the termination process",2,"start the termination process, resign"
I recently changed out of a job I loved because of bad management,2,"out of a job, bad management"
ive attempted suicide 6 times in the space of (almost) 2 years because of school,2,because of school
"I‚Äö√Ñ√¥ve been working on my 3rd year uni law essays every day for over a month, sitting at the same desk reading the same words writing the same thing on the same screen",2,"3rd year uni law, work"
"I wake up, work, go to bed",2,"work, go to bed"
"I‚Äö√Ñ√¥ve been having panic attacks every day, feeling depressed all the time because I feel like no matter how hard I try, I‚Äö√Ñ√¥m going to fail and disappoint everyone, I‚Äö√Ñ√¥ll never get a good job and people will think I‚Äö√Ñ√¥m a layabout",2,fail
"The essays are awful, no matter what I do to try and improve them, they‚Äö√Ñ√¥re just bad, I think I‚Äö√Ñ√¥m going to fail this year and it will be a waste of thousands of pounds and 3 years of my life",2,fail
I dropped out of collage after the first semester and now I just work to keep myself afloat mentally,2,dropped out of collage
"My friends have always neglected and judged me, but there is nowhere else to go, and in a high school environment, I don‚Äö√Ñ√¥t want to be that ‚Äö√Ñ√≤lonely kid pretending he didn‚Äö√Ñ√¥t exist during recess‚Äö√Ñ√¥",2,high school
"I don't have an appetite, even though I feel hungry all the time",2,don't have an appetite
"I am stressed because student loans kick in this month ($515 a month), and I cannot afford to visit my family doctor because of $ I owe from previous visits",2,student loans
I work at a pizza place and I am probably my bosses worst employee ever,2,"work at a pizza place, worst employee ever"
When I take the phone I mess up the order probably 50% of the time,2,mess up the order
I should do him a favor and quit cause its inevitable that ill get fired,2,get fired
I've become so comfortable with failure that I can't even use the fear of it to motivate myself any more,2,comfortable with failure
I'm so accustomed to procrastinating that it feels like success to only miss a deadline once,2,miss a deadline
I'm in 40k debt with a shit grade,2,40k debt
"Financial shit is what got me out of the cheapest university that I could go into, and it's what's keeping me from even going to community at the moment",2,"Financial shit, out of the cheapest university"
"I have job experience and I'm not unemployed, thank god for that, but I'm just feeling depressed and reminiscing about my past and what I could've changed about it, although, there was little room for it",2,unemployed
Because of it my doctors have removed me from any school and I'm to tired to do most things,2,removed me from any school
"Lately I've been panicking over the realization that I'm dumb as a brick, and I haven't achieved anything in my life",2,haven't achieved anything in my life
My teen years were spent playing videogames,2,teen years were spent playing videogames
I have no career direction,2,have no career direction
"When I was a kid I loved to write little short stories and draw random stuff, wherever my mind was inspired to go",2,loved to write
Just a complete failure,2,complete failure
this shit will never work because I won't let it WTF! deserve to die,2,will never work
"I'm graduating from college this year, and I'm not ready",2,graduating from college this year
"I study character technical direction at an art school, and my portfolio is not where it needs to be for job opportunities",2,"study character technical direction at an art school, portfolio is not where it needs to be for job opportunities"
Feel like I‚Äö√Ñ√¥m under an immense amount of pressure lately and have a hard time finding my way out/seeing an end to it,2,"immense amount of pressure, hard time finding my way out"
"I've stopped going to school, it just isnt worth it for me and doesnt make sense, now im gonna go into therapy but i dont think its gonna be that big a help, im only doing this for my family, if they were not there for me, id probably be drinking and fucking murdering out there until i'd finally die, this just sucks and i dont really know what to do anymore",2,stopped going to school
I imagine myself progressively doing worse and worse things until I reach my rock bottom,2,progressively doing worse
Hey I‚Äö√Ñ√¥ve been depressed for almost 3 years now and in the process of doing so I‚Äö√Ñ√¥ve failed almost all of my college classes and am being dismissed,2,"failed almost all of my college classes, being dismissed"
My only saving grace as a human is that I still work full time,2,still work full time
I hate my job,2,hate my job
I just feel like a failure,2,failure
"The timing couldn't be worse, as I'm about to start talking classes for my GED, which I will need to talk because I fucked up in high school by being lazy and not doing my homework",2,fucked up in high school
"I'm also returning to school tomorrow, which I fucking hate",2,returning to school
I likely failed at least one of my exams,2,failed
"If I am, then my dream career is a bust",2,dream career is a bust
I moved a way for school and I had a hard time adjusting to this new life and making friends,2,school
"At school, Some students bullied and teased a lot",2,"At school, Some students bullied and teased"
So I‚Äö√Ñ√¥m in my 12 std I‚Äö√Ñ√¥m 17btw and I lost I‚Äö√Ñ√¥m my academic performance I barely know anything exams at March idk shit here I‚Äö√Ñ√¥m starting to learn the basic first chapter and there are 2 books for each subject Maths Chemistry Physics,2,barely know anything exams
"To top it all off, I have no money and no food in the house",2,have no money and no food in the house
But the main reason for my pain is money,2,main reason for my pain is money
How working full time @ 24 won't allow me to survive on my own,2,working full time @ 24 won't allow me to survive on my own
"I can say i'm blessed, I'm 20 with no bills, free college tuition until i'm 25, and a full time 5 x 8 full benefit job",2,"no bills, free college tuition until i'm 25"
I want a job to lower my depression,2,want a job to lower my depression
Has anyone else had to deal with depression and needing time off of work? Should I just explain to my manager exactly what is going on? He knows I get into depressive episodes like this and has been sympathetic before,2,"needing time off of work, Should I just explain to my manager exactly what is going on"
I‚Äö√Ñ√¥ve posted a couple times on here the last week about how my depression has gotten a lot worse and it‚Äö√Ñ√¥s effected my job performance,2,effected my job performance
I had a meeting this morning at 8am to discuss it,2,had a meeting this morning at 8am to discuss it
"Well, they said I could either resign or they would start termination procedures",2,they said I could either resign or they would start termination procedures
"Reporting in front of the class is always a nightmare, I always get very nervous and always forget the things i'm supposed to say",2,"Reporting in front of the class is always a nightmare, always get very nervous and always forget the things i'm supposed to say"
I'm not yet in college though but it feels like that i am already on the wrong track,2,not yet in college though but it feels like that i am already on the wrong track
I applied for other jobs and already got those rejection letters in the mail which only made me feel even worse,2,rejection letters
We had a 2 hour delay this morning in school and I came in with all my homework done but I still have to make it through swim practice and work,2,school
"I've almost failed 3 classes the past 3 school years, and I'm on the brink of failing another one",2,failed 3 classes the past 3 school years
I can't afford a college education,2,can't afford a college education
"There's no point I'm not smart or anything, my health insurance went up like crazy this year, I spend 90% of my incoming trying to keep up with debt",2,spend 90% of my incoming trying to keep up with debt
Why do some people have more money than they will ever spend in two lifetimes while others can barely make ends meet? Life is not fair!! I have been employed in government service for 20 years and still struggle financially,2,have been employed in government service for 20 years and still struggle financially
I wish I was in a financial place that would let me move out of Michigan,2,wish I was in a financial place
I didn‚Äö√Ñ√¥t sleep very well last night and I returned to work after several days off and it has thoroughly and completely exhausted me,2,"returned to work after several days off, it has thoroughly and completely exhausted me"
I graduated from a good US with a masters in mechanical engineering,2,masters in mechanical engineering
I watch a lot of my peers who cheated their way through grad school get jobs and a decent salary,2,"get jobs, a decent salary"
"I'm supposed to study for a French test, but I can't concentrate for shit",2,supposed to study for a French test
It's amazing people find ways to kick others when they're down,2,ways to kick others
"And normies have stupid advice like ""just kick them out of your life"" yeah I'll take homelessness over abuse right? Unemployed, no drive, constantly compared to ""successful"" people and you wonder why I have sucidial thoughts",2,Unemployed
I‚Äö√Ñ√¥m starting college this year but I‚Äö√Ñ√¥ve been battling to go to college for years,2,been battling to go to college for years
My dreams and aspirations are becoming more clear and I‚Äö√Ñ√¥m able to see what I want to do,2,dreams and aspirations are becoming more clear
"It wasn't terrible, but I don't really like the people I have to work wIth and I honestly don't even know if I can do the work",2,honestly don't even know if I can do the work
I have determined that I‚Äö√Ñ√¥m just anxious about my return to college and maybe going through a career midlife crisis,2,"just anxious about my return to college, maybe going through a career midlife crisis"
I really wanted to join the national guard last year,2,really wanted to join the national guard last year
"Now, I space out a lot in the middle of class, I just want to sleep all the time, and I don't work as hard as I used to",2,work as hard as I used to
"&amp;nbsp; I have tried to ""finish"" it, but it's just too difficult",2,"have tried to ""finish"" it"
Trying to finish the video just proves itself to be too much of a task,2,too much of a task
"I dont want to go to school,but i also dont want to miss the lessons",2,"dont want to go to school, but i also dont want to miss the lessons"
I've never had a job for more than a year,2,never had a job for more than a year
I am embarrassingly behind in my bills,2,embarrassingly behind in my bills
"Yesterday, I just needed one break from work, first time to ever do that and was told I needed to ‚Äö√Ñ√∫toughen up‚Äö√Ñ√π",2,just needed one break from work
"I can't keep myself frantically busy all day obviously, but the moment I stop my brain takes off into bad territory and digs up bad stuff",2,can't keep myself frantically busy all day
I was never meant to do anything but work a dead end job living paycheck to paycheck,2,work a dead end job living paycheck to paycheck
"Back to group work, trying to make acquaintances, perform my best",2,perform my best
"I don't work, I've quit college right after joining ( this past fall ) and I very rarely get out of the house",2,"I don't work, I've quit college right after joining"
"I fucked up, and now i can't go back to college, don't have the money or the grades",2,"can't go back to college, don't have the money or the grades"
It's my first job interview since I got fired from my old job and checked into a mental institution/rehab February 2017,2,I got fired from my old job and checked into a mental institution/rehab
I want to get a job that is enjoyable but I don't know what to do beside accounting and I don't really find accounting that fun or have any passion towards it,2,don't really find accounting that fun or have any passion towards it
"I've sunk 80k into my current career path, for a total of 120k in loans",2,for a total of 120k in loans
I have one semester left to complete and I should be looking forward to it but I'm dreading it instead,2,one semester left to complete
I have work deadlines and shit I should have done over the holidays,2,have work deadlines
I don't have any savings and I can barely pay my bills every month,2,don't have any savings
Does anyone have advice for finding and sticking to hobbies,2,finding and sticking to hobbies
I need to work so I earn income,2,earn income
My question is about whether it would be wise to go to University despite suffering with this condition and not knowing when or if it will get better,2,would be wise to go to University
"You always see people on reddit saying people should join a club or something, they say it so lightly, they don't have any idea what joining a sports team or something is like for someone who isn't normal",2,joining a sports team or something is like
"I can't fathom having the energy to work, go to school, take care of myself, dedicate time to friends, hygiene, cooking, cleaning, planning, and more all in one day, every day",2,go to school
"However, as I entered my mid-20s and entered a serious relationship, I felt competing priorities and wanted to potentially pursue career paths that had more stability and less time away for things like touring",2,"wanted to potentially pursue career paths, serious relationship"
"For example, I assume that I'm going to suck at a job and never get promoted, so I don't try hard because I view the effort as futile",2,going to suck at a job and never get promoted
"I'm really concerned if it is because I lie in bed too much or if it's something else? I have been out of school for a while but I'm thinking just like you gain muscle when you work out, I am losing muscle because I am not doing normal human functioning? This is making me worried",2,been out of school for a while
"Long story short,my family's in debt big time because of my big brother's college education,but he's staying at home unemployed even though he's 23",2,my family's in debt big time because of my big brother's college education
"I'm 18 and I'm really lost at life, almost dropping out of high school due to the complete utter unmotivation to study whatever comes",2,almost dropping out of high school
Since it was my exams I just thought it was because of a fear of failing but even after receiving ok results I felt like utter shit in fact I felt like shit for at least 3 months after it,2,fear of failing
I can just tell I‚Äö√Ñ√¥m the loser of my school,2,loser of my school
At this point it is almost certain that i am going to get kicked out of college within a few month's so I'm planning on leaving on my own terms soon,2,going to get kicked out of college within a few month's
"I'm currently underemployed as a sub teacher, but hardly do that",2,underemployed as a sub teacher
I‚Äö√Ñ√¥ve recently become homeless do to losing my job,2,recently become homeless do to losing my job
"i'm a freshman in college and although i have good grades, i can't help but feel as though i'm going to be a failure in the future",2,failure in the future
"My brothers build computer for a living, my sister is great at coding, my cousins are engineers, and I can barely get a mini drone to work",2,and I can barely get a mini drone to work
"I lost my job last year, and I've been on unemployment",2,lost my job last year
"I go back to school tomorrow, I absolutely hate my school but it‚Äö√Ñ√¥s my last semester before I graduate out of high school",2,"go back to school tomorrow, I absolutely hate my school"
I have exams in 4 days,2,have exams in 4 days
"I haven't been studying at all this christmas, because every day I can't seem to motivate myself to do it",2,because every day I can't seem to motivate myself to do it
I hate waking up every morning for school,2,hate waking up every morning for school
"I did well in high school, but ever since I got to college, my grades and my mental health have taken a dip",2,since I got to college
"I am studying something I realized now I dont want to study, and on top of that I have no idea what else to study",2,"I dont want to study, and on top of that I have no idea what else to study"
"Really have been struggling with everything lately, and I come into work today and my boss tells my I am no longer meeting expectations and fires me",2,"come into work today, my boss tells my I am no longer meeting expectations"
"So I'm fucked because I can't afford any of my medications because I'm a poor American and thus don't have healthcare and can't afford medication, I don't have a car and there a no therapists near by me that I can walk to or ride the bus too",2,can't afford any of my medications because I'm a poor American and thus don't have healthcare
"I'm also semi-seriously making career / retirement plans, and thinking about the futures of my parents and niblings and sister and in-laws",2,also semi-seriously making career
"On NYE, I downloaded a habit tracking app",2,habit tracking app
I feel a great deal of stress with my work and having this heaped on top certainly doesn't help,2,feel a great deal of stress with my work
"But because of the particular struggles I've had throughout my life combined with the crippling depression and anxiety I experience everyday, I can't think of a way to put my capabilities to good use",2,can't think of a way to put my capabilities to good use
I failed my geometry class (i'm in 11th grade btw i should've taken it last year but that's a whole 'nother story,2,failed my geometry class (i'm in 11th grade btw i should've taken it last year
Plus I‚Äö√Ñ√¥m kicked out with no job and no school,2,m kicked out with no job and no school
I'm 23 *5 ft 7 * Receding hair * Gotten ugly (used to be very handsome and have women constantly flirt with me) * I got fired from my job * I've destroyed my brain through abusing internet/video games - can no longer think anymore,2,got fired from my job
"* I've blown all my money on gambling and prostitutes * I have a terrible OCD/body dismorphia problem that makes me obsessed with working out / eating healthy (to the point that it is damaging my life + * This has made me lost the majority of my friends) * I've never had a gf * i'm also pretty bad socially, often quiet and shy (Social anxiety) I want to just kill myself Everyday I have thoughts saying just do it, do it, i want to die",2,blown all my money on gambling and prostitutes
"But my parents ? They have been home for about 2 months now, without a job, always nagging and yelling at me",2,without a job
I don't want to get back to school yet,2,don't want to get back to school yet
I have about a week until I'll be kicked out to find a job because my brother can't afford to have me and I've applied for liturally about 40 jobs and my cv is as solid as someone without experience can be,2,be kicked out to find a job
I can't keep spending the majority of my fucking life miserable doing things I don't want to do this job is a hell hole,2,this job is a hell hole
"One class, an elective for my minor, completely took my by surprise",2,"One class, an elective for my minor"
I have an essay that is due tomorrow and I haven't really started and I'm afraid I will lose power because I live in New England where the huge fuckin snowstorm is and I know my teacher will not take that as an excuse because he's a fucking asshole,2,have an essay that is due tomorrow
I'm 24 and I can't just quit a good job because it feels horrible,2,can't just quit a good job
I work part time and go to university full time,2,work part time and go to university full time
I hate staying at University accommodation,2,hate staying at University accommodation
"why care about my health? health problems can cost money, and money problems can easily become an issue for my family and not just me",2,money problems can easily become an issue for my family and not just me
I‚Äö√Ñ√¥ve been dealing with depression for five years and I‚Äö√Ñ√¥m honestly sick of the crappy grades I get,2,honestly sick of the crappy grades
"Where I could be me and enjoy my usual stuff like music and anime, where I don't have to perform to get a decent salary, where I can just live",2,don't have to perform to get a decent salary
"For the first time in my life, I failed a test",2,failed a test
"Sitting in my dark room, listening to the depression playlist crumbling under my own expectations because I AGAIN underestimated how long this Uni work will need",2,AGAIN underestimated how long this Uni work will need
"Since I finished high school like 4 years ago my sleep is seriously fucked up, I just can't fall asleep before 5-6am and then it's extremely difficult to wake up and get out of bed before 3-6 p",2,finished high school like 4 years ago my sleep is seriously fucked up
"I was just fired from my job, literally half an hour ago",2,just fired from my job
"I'm really struggling at college, I've gotten to the point where some days i just stay in bed all day and miss class",2,"really struggling at college, I've gotten to the point where some days i just stay in bed all day and miss class"
I'm insanely lonely I try to make friends by joining clubs and volunteering but that does not really seem to help,2,try to make friends by joining clubs and volunteering
I have to find a job but I have no car,2,have to find a job but I have no car
"I cannot do anything without screwing it up, I just got suspended from school",2,got suspended from school
Most of my adult life I can't seem to hold down a full time job,2,can't seem to hold down a full time job
I can't seem to focus at all and i find it difficult staying in work,2,I can't seem to focus at all and i find it difficult staying in work
I can barely go to school because of how much I feel hated,2,can barely go to school because of how much I feel hated
"Back I highschool, I was pretty much the ""King of The Nerds"", as it were",2,highschool
My senior year of highschool was the year I grabbed life by the balls and made it my bitch,2,highschool
"I can't hold a job, I can't drive",2,can't hold a job
I already switched course &amp; school ( Electrical Engineer to IT ),2,"already switched course &amp, school ( Electrical Engineer to IT )"
I don‚Äö√Ñ√¥t like wasting my father‚Äö√Ñ√¥s money to nothing,2,don‚Äö√Ñ√¥t like wasting my father‚Äö√Ñ√¥s money to nothing
Plus I'm unemployed,2,Plus I'm unemployed
I am constantly getting suspended from school,2,constantly getting suspended from school
"All my teachers can't teach for shit, the principle of my school hates me for laughing, my mom won't let me quit my piano lessons (which I'm losing motivation for and gives me anxiety), I'm having such a hard time socializing at church, I just feel like an idiot, I can't do anything right,",2,quit my piano lessons
"I'm being abused everyday at home, it's impossible to afford a personal room and my only chance to get out of here is doing very well in college but it's so hard",2,being abused everyday at home
"What can I do? Whatever is a good advice, the abuse and thw pressure of succeed are killing me, if quit college things will be worse for me at home",2,"if quit college things will be worse for me at home, the abuse and thw pressure of succeed are killing me"
"Do I go back to school and try to get an actually useful degree in STEM, even though I fucking failed calculus twice the first time around? Do I pursue teaching at the high school level? Do I consider trade school? The military? I don't fucking know anymore",2,"get an actually useful degree in STEM, even though I fucking failed calculus twice the first time around"
My grades were shit because I barely studied,2,grades were shit because I barely studied
"For years I had been telling myself that I would never be smart enough to get a scholarship, I would never go to university, I believed I would never succeed academically",2,"had been telling myself that I would never be smart enough to get a scholarship, I would never go to university"
Anyone else share similar sleeping patterns? Not to mention I have exams in two weeks which is brilliant,2,Not to mention I have exams in two weeks
"Whatever I do, I'll just feel like a failure",2,failure
I always feel like a failure and a disappointment to anybody who is unlucky enough to know me,2,"failure, disappointment"
"I keep wasting money on stupid shit to try and do something (miniature wargaming, d&amp;d, etc",2,wasting money
I had to drop out of grad school after getting straight failing grades,2,failing grades
I have thousands of dollars in medical debt associated with my mental illness and my only means of work is to take my clothes off and grind on strange men,2,medical debt
If I'm not smart enough to get into grad school I don't want to live anymore anyways,2,not smart enough to get into grad school
"I'm having burnouts right now trying to catch up with deadlines, practical stuffs and I can't do my own study sessions and on top of that I just found out that my aunt is dying (she's in stage 4 pancreatic cancer) and the doctors told us that they can't do anything anymore",2,"catch up with deadlines, practical stuffs, study sessions"
"Hi guys, Just wanted to know - do any of you have really awful/vivid nightmares when sleeping? I find mine have been getting worse and worse as my depression ebbs and flows: A lot of times they involve me being back in high school or college and forgetting classes to go to, or being in high school at age 30 while everyone else is in their teens",2,"back in high school, forgetting classes"
I also dream about my job and stuff sometimes too,2,job
"Fucking getting straight As for twelve years, spending your time working your ass off to exhaustion doing volunteering , dragging your body to SAT practice everyday for 9 hours a day, the fucking perfect essay and for what? I dont care anymore I‚Äö√Ñ√¥ve spent my entire life trying to be perfect which caused my depression in first place and where did it get me? I don‚Äö√Ñ√¥t care anymore, I‚Äö√Ñ√¥m not going to try anymore the only thing I wanna do is overdose and die alone in my room",2,SAT practice
Im literally not good at anything,2,not good at anything
Im 19 and I still live off my parents money,2,live off my parents money
I have no job,2,no job
I'm a 23 year old unemployed woman still living with my mom,2,unemployed woman
I gave up my job to go back to school full time after the birth of my youngest,2,gave up my job to go back to school full time
I am a senior in high school and have been miserable for as long as I can remember,2,senior in high school
"I hate school, and I‚Äö√Ñ√¥m in an apprenticeship that my dad talked me into which I have never been into construction and now I know I absolutely hate it but my dad won‚Äö√Ñ√¥t let me quit",2,hate school
""" What's the point? The only reason I won't take my life is because I don't want to leave my mom with my student loans but I just wish I could end it all",2,student loan
"I can‚Äö√Ñ√¥t do this anymore, after moving to 3 different high schools in my last year of school, two core classes of mine are failing grades (one 20 and one 55) and I don‚Äö√Ñ√¥t know what to do",2,failing grades
I come from and live in a country where things are too hard and over half the population is unemployed and suffering mentally,2,unemployed
"I'm so stupid, I'm always failing at tests, while others are taking great marks",2,failing at tests
I'm always so bad at learning how to do things properly,2,bad at learning
"I have lived in isolation from the world, i have no friends, bullied at school and work, bad father who beaten me and yelling at me always and now i am 21 i stay at home",2,"unemployed, dropped from uni"
"Now to the point i want to run from home tonight even my country Bulgaria, i have no money so i have to live first in forest and then i have to be homeless in another country",2,"homeless, no money"
I worked two years for getting a university at Japan (literally I saved my whole salary without even buying clothes to myself for being able to cover tuition fees) and now I got declined,2,got declined
"My family is in a financial crunch, but they give up everything for me",2,family is in a financial crunch
I don't know what I'm gonna do if I don't perform the way I should,2,perform the way I should
"Stupid fucking cunts who are blowing this disease out of proportion have led to our clients not getting enough business to give us their business, therefore they've had to let me go with a few of my colleagues",2,blowing this disease out of proportion
Buried in medical debt,2,medical debt
"I was struggling even when things were going well, but now I'm out of straws to grasp at",2,struggling
No luck job searching and I want to die but i don't have the stomach to end my own life,2,job searching
And the conversation turned into me wasting my potential (all in love),2,wasting my potential
"Recently I‚Äö√Ñ√¥ve lost everything I‚Äö√Ñ√¥ve got no job no money, I pushed all my friends away and pushed away a girl who loved me and would do anything for me",2,"no job, no money"
I‚Äö√Ñ√¥m loosing my apartment,2,loosing my apartment
My job is constant and I‚Äö√Ñ√¥m hardly home,2,job is constant
"Last year I told my parents I wanted to drop out of university, and they forced me to stay, threatening to kick me out of home, get rid of my computer cellphone, basically destroy the things I love the most",2,threatening to kick
"I‚Äö√Ñ√¥ve failed multiple classes and this semester I only have 6 credit hours, still well on the way to failing",2,failed multiple classes
I used to be perfectly normal and then Physics hit me,2,Physics hit me
"I feel like a failure in my job, a failure with money a failure in general",2,failure with money
I'm broke and can't handle an ER bill,2,can't handle an ER bill
"Since i was a kid i am in obsessed with computers and art, but my parents think that they have no future prospect whatsoever",2,no future prospect
And now i'm 6 year deep in college and failing here and there,2,failing
Everything was going very well until I wanted to make an order for things I already got paid for,2,got paid for
Had to miss class because of this and honestly I'm really worried about failing,2,"miss class, worried about failing"
I‚Äö√Ñ√¥d pay for a therapist if I had the means but I can barely afford to feed myself right now,2,can barely afford to feed myself
"Two teachers barked at me while strongly implying that I was fucking dumb, I studied for several hours for a test and I ended up failing miserably while most of the class (who didn't study at all) found the test super easy",2,"teachers barked at me, failing miserably"
"So currently I feel like that I'm just a dumb idiot and that everyone else is simply smarter than me, and the sole reason as to why I succeeded until now was because I cared about my grades but many didn't",2,cared about my grades
"Not myself, not others I'm gonna fail out of the online school I was pressured to get into, because I can't make myself try, because I'm pretty universally and consistently useless Anytime I can die would be great, the sooner the better",2,"fail out of the online school, pressured to get into"
"I hate school so much, I hate everything about it",2,hate school so much
"I hate all kinds of work too, I‚Äö√Ñ√¥m so fucking tired of all off it, having to work hard and try all the time and its still fucking useless, I still cant do jack shit and I‚Äö√Ñ√¥m a completely useless piece of human garbage",2,hate all kinds of work
I'm really worried I will never receive them or that they are fake because I paid a lot for those and there are my only hope at a peaceful death,2,paid a lot for those
I was worried because I've been coming in late or on some days not at all,2,coming in late
"I'm not sure which is a bigger black mark on my resume/needing a future recommendation for a job: not showing up to work because I'm having a depressive episode, or ending the internship to spare them from further episodes",2,ending the internship to spare
"My parents know I'm not doing good in school, but I could never tell them about what happened",2,not doing good in school
"I just turned 26, I wanted to do something with my life by now, I can't even handle a ft job and my adulthood has been a clusterfuck of mental illness and grief",2,can't even handle a ft job
I need to be on drugs but I'm terrified of them bc I'm so low functioning that my life will be ruined if they make me any worse,2,low functioning
"Was freaking out yesterday, broke crap and screamed and cussed about his money problems and stuff, then calmed down",2,"broke crap, money problems"
I get off of work in three hours,2,get off of work
I drop out of med school because the stresses from the break up became way too much to handle,2,drop out of med school
I‚Äö√Ñ√¥m gonna just get back on with things and work and get another job and earn as much money as possible and I‚Äö√Ñ√¥ll eat and workout and I‚Äö√Ñ√¥ll do everything I planned to with this year,2,"get another job, earn as much money as possible"
I have no college degree and have had 7 jobs in the last 3 years,2,no college degree
"I could pick up more shifts to work all weekend for pennies to try and slowly pay a tiny bit of everything off, but I won't be able to make enough to pay everything",2,pick up more shifts
My credit is terrible and I'm several grand in debt,2,"credit is terrible, grand in debt"
"They hired me at $14 an hour which is nice, though I wasnt any good at all",2,hired me
I started my current job almost a year ago when I was in a really good place mentally,2,my current job
No one loves me and I'm too scared to tell my therapist because I can't go inpatient again or I lose my job,2,can't go inpatient again
The lack of sleep caused my grades to plummet as I can never focus in class,2,"lack of sleep caused my grades to plummet, never focus in class"
I'm getting really bad grades in a class I used to be really good at,2,bad grades
I am going to fail my senior year and become such a disapointment to my family,2,going to fail my senior year
Was going to graduate soon but haven't been able to keep up w/ school since Jan,2,graduate soon
I‚Äö√Ñ√¥m 20 years old unemployed and just got an email saying I might not be able to stay in university next year,2,unemployed
I can‚Äö√Ñ√¥t find a reason to continue being in this useless place we call school for my ‚Äö√Ñ√∫education‚Äö√Ñ√π,2,useless place we call school
I cant concentrate on my work,2,cant concentrate on my work
So I finally quit after 5 months,2,finally quit after 5 month
I have no energy to study or try,2,no energy to study or try
"I feel worthless, I can't get a job to make a living and not have to share a bathroom with rats covered in rat feces",2,can't get a job to make a living
"I feel like this is a result of my genetics, my economic background, and my lack of learning things throughout life",2,lack of learning things throughout life
"My first thought is why bother apply for other jobs when I have the reason on my conscience? Second, if I do try again, then I better embrace the bias hateful questioning about my termination",2,questioning about my termination
"I'm suicidal because, of, I failed graduating many times, school",2,failed graduating many times
"For one month, I‚Äö√Ñ√¥ve entered a downward spiral, amplified by events such as the rejection mentioned earlier, or not being able to give the license exam two days ago because of some stupid policemen who told me that I ‚Äö√Ñ√∫didn‚Äö√Ñ√¥t pay the license tax‚Äö√Ñ√π correctly",2,not being able to give the license exam
"school has been very hard for me, I constantly feel tired, my marks got worse, I lost all motivation to keep going",2,"school has been very hard for me, my marks got worse"
"I had to take a few months off work due to the season ending , also had pyschosis and other shit",2,had to take a few months off work
I went back on Monday for training and it made me so depressed,2,training
"I never fit in group convo's, I'm always so quiet, it's nearly impossible for me to care what these people talk about",2,never fit in group convo's
I began losing control of when I eat in August due to job stress,2,job stress
I really don‚Äö√Ñ√¥t wanna go and feel like I made a mistake applying,2,made a mistake applying
high school is so hard right now and I feel like I can barely keep up while my peers seem to be doing so easily,2,high school is so hard right now
"I tried making progress on my thesis from a few weeks back but it has been so difficult, not just in a mental state",2,tried making progress on my thesis
"I am scared sh\*tless because I know one of the professors can be ruthless and heartless, can only imagine how heartbreaking it will be tomorrow",2,the professors can be ruthless
Does anyone else really not want to deal with the future but also want to know what it holds? :(,2,really not want to deal with the future
Fuck canada student loan,2,canada student loan
"How do I get past my own body protecting me and keeping me alive? I have nobody to talk to, no job skills, and no highschool diploma",2,"no job skills, no highschool diploma"
I still manage to be on time and try but I honestly just dislike the work,2,dislike the work
"There is no doubt that I've definitely lost a lot of years to those same things, but I feel like a large portion of my life has been wasted in school",2,large portion of my life has been wasted in school
"Of course there is a lot of useful things schools teaches that can be applied in every day life, but school has become the worst part of my day, which is especially troubling since it takes up such a large part of it",2,school has become the worst part of my day
"You'll probably have it in most school systems regardless of country, but American school are just such a shitty environment for people who have mental issues",2,American school are just such a shitty
I work part time only because I'm self studying because i want to get into uni,2,"work part time, self studying"
I don't have a job because my depression is crippling,2,don't have a job
It's been 6 months since I left my last job which I was there for 3 years until it got to the point where I couldn't take it anymore,2,couldn't take it anymore
"I barely graduated high school due to too many absences, and two semesters into college I‚Äö√Ñ√¥m taking a medical leave of absence because I‚Äö√Ñ√¥d fallen behind on coursework, past the point of being able to catch up",2,barely graduated
"I got the call that im going back to work starting Saturday, but whats the use? Unemployment didnt pay enough to make rent and bills, social assistance wont help me BECAUSE im recieving Unemployment, and i was given the ""you have 14 days to pay your rent or i start the eviction process"" notice from the landlord",2,"Unemployment didnt pay enough to make rent and bills, notice from the landlord"
"After waiting for a late payment of Unemployment to come in, and my husband and i taking everything of value to us (PS4, Switch, and even his guitar) to the pawn shop, we're a solid $60 short on rent with no income in sight for the remaining days we have to pay",2,no income
"I failed my first math test, I haven't started my senior project, behind in everything else",2,failed my first math test
I guess you could say it's to the point where it's affecting my attendance at work,2,affecting my attendance at work
"I have a stutter and after learning that I wont grow out of it, I feel as if I would never achieve my dreams due go my lack of ability to fluently speak",2,lack of ability to fluently speak
I lost one of my jobs because the place closed and so I'm having to burn through my savings to cover everything,2,"lost one of my jobs, burn through my savings to cover everything"
"This month I've got the rent covered but now don't have enough money for the power bill, my car payment, and my car insurance ad again I'm left panicking and stressing about where I'm going to get the money and what's going to happen",2,don't have enough money
"She's not a counsellor, but can deal with academic issues (which I'm having because of the big sad), and refer students onto mental health services",2,academic issues
I have been looking for a job for almost three months now and have been unsuccessful,2,looking for a job for almost three months now and have been unsuccessful
"I hate my job, but I need to keep having income so that I can support myself",2,hate my job
But is starting to become so hard to get out of bed that I am continuously late to work,2,continuously late to work
I need to do good so I can go to a good university after I graduate from this shitty community college and after studying my ass off I thought I actually did well on my midterms but I just barely scraped by,2,graduate from this shitty community college
I had to go on a subreddit and beg for money,2,beg for money
I lost my job,2,lost my job
"Basically I‚Äö√Ñ√¥ve always been a little listless and sad, even in elementary school",2,even in elementary school
I have been put on a 30 day performance review and probably getting fired,2,probably getting fired
"My math subject at school failed, i keep thinking i wont graduate, i have no energy to go to school anymore so i fake everything and go to a nearby computer cafe even though i only have enough money to commute to my school",2,failed
Got rejected twice today lowest score in my class and lost my last friend i could talk to,2,lowest score
My parents say that if i dont get good enough grades they will kick me out ive tried tinder in search of maybe someone i went to 11 likes but found out the hard way people could unlike you,2,kick me out
"as I was getting ready for an interview for a new job, i was thinking ""what if i kill myself? wouldn't that be easier?""",2,getting ready for an interview for a new job
I know it‚Äö√Ñ√¥s not much but as a student living on his own for the first time and being diagnosed with anxiety and depression (I haven‚Äö√Ñ√¥t gone out in more than a week) actually getting out of bed to do something feels like an accomplishment as I would normally starve in my bed wondering why I even exist in the first place,2,as a student living on his own
I have been looking for work since November,2,looking for work
"I have had several interviews, but literally have been told multiple times that I was their second choice I am completely out of money",2,"had several interviews, out of money"
I an about to be homeless,2,about to be homeless
"All the interviews that I got, I was rejected",2,interviews
I can't afford food and even the subreddits that claim to offer help just delete my posts because I lurk and my account doesn't have hundreds of karma,2,can't afford food
I'm about to lose my home and I have nothing left to sell to try to hang on to it,2,have nothing left to sell
Last year a lot of things happened that made me spiral into a terrible depression and lost my job because of it,2,lost my job
how am I supposed to show my face in school tomorrow when even my best friends hate me now? I‚Äö√Ñ√¥m failing chemistry,2,failing chemistry
"I live in SE Michigan, drive for money (can't afford a living), and have been studying to get a certification for IT so I can maybe get a job at a geek squad",2,"studying to get a certification for IT, get a job at a geek squad"
Also been looking at getting a job as a Pharmacy tech,2,looking at getting a job as a Pharmacy tech
"I have goals and dreams, but whenever the wave comes I am reduced to nothing",2,goals and dreams
"She cannot work, remember things consistently, or think",2,remember things
"First of all, I hated both schools generally",2,hated both schools
"I can't do school work good anymore, which worry's me",2,can't do school work good anymore
Pretty sure no one will respond,2,no one will respond
"As for me, I'm spending it alone in a NYC apartment that doesn't belong to me",2,spending it alone
I work full time as a valet and go to school full time,2,"work full time as a valet, go to school full time"
"No more school, no more work, no more swim, no more relationships",2,no more work
"So, in Spain psychiatrist are expensive, i have to save a lot of money and see if that shit help, because i need fucking help",2,expensive
"I'd like to look into them, but I have multiple learning disabilities and mental illnesses over here",2,have multiple learning disabilities
"Now I'm struggling to ""get back on my feet"" I asked my father for help and was gifted 300 for past Xmas' they missed, bought a chevy blazer that'll fall apart any day now and I work for shipt",2,back on my feet
"I‚Äö√Ñ√¥ve been pressured to take a 2nd job in October because they hated how I don‚Äö√Ñ√¥t get 40-60 hours a week at least; they don‚Äö√Ñ√¥t want me going to therapy unless it‚Äö√Ñ√¥s immediately after a work day so my therapy doesn‚Äö√Ñ√¥t conflict with their ‚Äö√Ñ√∫valuable time‚Äö√Ñ√π, and I get praised for doing things their way but scolded for doing things my way",2,"been pressured to take a 2nd job in October, get praised for doing things their way but scolded for doing things my way"
Things have been looking up somewhat recently - I graduated college and am currently looking for a full-time job - but the fact that I will always struggle with this disorder and find it difficult to interact with others makes me profoundly sad,2,looking for a full-time job
I am searching my ass off in google and it looks like these world wide approved drugs (also known as reversible MAOI's) are not available in the USA,2,approved drugs
I'm on reduced work hours til I get better,2,on reduced work hours til I get better
Is there any way I can just keep getting refills without having to keep visiting my Dr to renew the prescription? Is there a reason why I need to keep seeing this psychiatrist just to sit in a waiting room for 2 hours just to say hey I need refills?,2,renew the prescription
"I have no aspirations in life, I don‚Äö√Ñ√¥t want anything at all, currently just going with the flow and seeing what comes up",2,have no aspirations in life
"I had been feeling ok after I got a job and even better when I would play music, but I've lost my spark",2,got a job and even better when I would play music
i have a metric fuckton of homework to catch up on that i really have no motivation to do,2,homework to catch
all of the adult figures i have that once believed in me (all at school [teachers] due to how unstable my parents are) are genuinely disappointed with me,2,teachers
For about 4 years on school days I‚Äö√Ñ√¥ve set about 30 alarms from 5:55 to 7:20 because of this,2,school days
"I‚Äö√Ñ√¥m getting kicked out of crisis housing for having my dog which they knew about, on the property",2,kicked out of crisis housing
I have a 3500$ medical bill thay beeds to be paid off and i don't have thst kind of money,2,medical bill
When I found out I was devastated and wanted to switch schools for next year also,2,switch schools
I was kicked out of school young and I lost all my friends with that,2,kicked out of school
Ive had a number of job changes and have moved between cities this year,2,"a number of job changes, moved between cities"
"Honestly I'm so tired of living life through failing at everything, I'm not good at anything and I fail to understand why and how people think and learn about everything in such a pragmatic and methodical way",2,failing at everything
This dec was also the first time I've felt so down in my life because of so many trials and problems at home and school,2,problems at home and school
I hate myself to the point where getting off the bus for school gives me so much anxiety I could start crying,2,getting off the bus for school
"I'm on my own, and put myself thru a auto school and I'm barely doing that",2,on my own
"I dont have alot of friends left because I get very paranoid and anxious because those I went to school with whom I thought were my friends turned out to, well, not be my friends at all",2,"went to school, I thought were my friends"
College going shit,2,College going shit
I've read a couple of chapters and this is probably the first self-help book that is working for me,2,self-help book that is working
"Stupid shit like trying to lie to an easy-to-lie-to teacher that I did my hw, using someone else's project in ceramics class and getting sent to the office, and trying to steal a piece of candy off my teachers desk",2,"teacher, hw, office"
Well I have a lot of work to do,2,lot of work to do
My depression has gotten so much worse the past couple weeks and I‚Äö√Ñ√¥ve been trying to hide it as best I can at work,2,at work
We were all going to the same school,2,same school
No job money or friends,2,No job
The legal fees appear to be leaving me bankrupt,2,bankrupt
"Tomorrow I go to work and will be miserable for 8 hours, and hoping that they fire me so I can finally have an easy way out of here",2,work
I find that I never really trust my own opinion I'm always seeking validation from others,2,"trust my own opinion, seeking validation"
"Driving a frozen-windshield car, commuting to my icy-road job, buying food, even taking a shower are all mountainous, painful ordeals",2,commuting to my icy-road job
Why is it so damn hard to find any sense of purpose? I wake up every morning feeling like a disappointing peace of garbage who can't accomplish anything and it's eating away at me,2,hard to find any sense of purpose
"Been through a devastating medical issues, three close friends died recently, lost my job and my health care and the fucking holidays are shit",2,"lost my job and my health care and the fucking holidays are shit, three close friends died recently"
"I just turned 20 in mid December, I don‚Äö√Ñ√¥t have a job, I don‚Äö√Ñ√¥t go to school and my girlfriend (of two years) that told me she wanted to be together forever and even shared a dog with me has been ignoring me since Thanksgiving",2,"don‚Äö√Ñ√¥t go to school, my girlfriend"
"I posted on reddit my gofund me and all, I just need a month till i start my job",2,till i start my job
"I stop myself from going to places and talking to people, just to feel miserable afterward, then I bask in my misery",2,"then I bask in my misery, stop myself from going to places and talking to people, just to feel miserable afterward"
I know that I Was alienated by other people since middleschool and I newer really learned to interact with others,2,middleschool
"""You're weak"" ""You will fail your exams again"" ""You work in brainless job"" My first real job experience in amaon and im blamed, it was hard for me to convince myself to work there, thats what you get when your parents are rich and successfull ""Your girlfriend is ambitious and she will leave you again"" ""You're wasting your time"" ""Building future with your gf is like building sand castle, it will be disappear sooner or later"" I was also blamed hard that in going to my gf home for 2days(she has christmas 6th), i promised her and also planning to go with her to wedding of her cousin, but its not okay for them Give me gun please, i cant handle, im going right now(last day) to that ""brainless"" job and im on fucking edge",2,You work in brainless job
"I get envious of my peers in college who are successes, envious of Youtubers with thousands of subscribers sharing their experiences traveling the world, and their awesome hobbies, etc",2,"envious of my peers in college who are successes, envious of Youtubers with thousands of subscribers, sharing their experiences traveling the world, and their awesome hobbies"
I'm at work right now and my co workers are having fun and laughing and i can't even find the will power to join in,2,at work right now and my co workers are having fun
Things aren't the same and will never be the same even with medications I don't want to leave her because when I get glimpses of her old self it completes me,2,I don't want to leave her
I've been having frequent breakdowns at school and I feel like most of my friends are getting sick and tired of me,2,been having frequent breakdowns at school
"My mum, dad and step-mum won't leave me alone and they constantly make choices for me and it's starting to get to me",2,constantly make choices for me
The problem is that my mom and I are both powerless because my dad has us under his money,2,dad has us under his money
"So I'm starting to come up with coping hobbies, and I wanted to record myself talking about my depression but I feel like if I do it out loud that people in my room will think i'm a pussy",2,starting to come up with coping hobbies
it‚Äö√Ñ√¥s to the point that I‚Äö√Ñ√¥ve accepted it and it‚Äö√Ñ√¥s stuck in my head that money is the only thing that matters to me because I don‚Äö√Ñ√¥t feel love like I used to,2,money is the only thing that matters to me
"He's lost about 5 jobs over the past month, through no fault of his own",2,lost about 5 jobs over the past month
Today he got called into the office,2,he got called into the office
Our boss told him that he needs to get at least one of the eight certifications by beginning of February or he will be let go,2,"boss, eight certifications"
"My depression started around 3 years ago during my sophomore year in high school, and I‚Äö√Ñ√¥ve tried to suppress it as much as possible, but unfortunately it still plagues me in small instances while being in my second semester of college",2,"sophomore year in high school, but unfortunately it still plagues me in small instances while being in my second semester of college"
It took me a long time to realize that I spoke all my thoughts trying to get the inability to have a conversation out of my system,2,inability to have a conversation out of my system
Then a poor family wouldn't have to worry about me,2,poor family
"I reached my limit, nothing helps anymore, I tried everything I could get my hands on",2,tried everything
"I'm just a big fat dumb loser, but it doesn't matter anymore, because tomorrow I'll put an end to all of this",2,big fat dumb loser
"No friends, no career and no passion for anything",2,"no career, no passion"
I'm pretty sure I'm depressed but my parents don't believe in mental health and I'm too afraid to like go to a school counselor cuz my parents will ground me for just wanting attention or something,2,"school counselor, parents don't believe"
"I have a fear of commitment, and committing to that decision is something I just can‚Äö√Ñ√¥t do",2,committing to that decision
"everything makes me anxious, i enjoy nothing, my academic life is shit, i feel like i have nothing to live for anymore",2,academic life is shit
"Moving away from friends and attending a new school has hit hard, I haven't been able to connect with many people",2,new school
"I've gone from an A student, to a B student, to a C student, and now im having trouble bringing myself to do any schoolwork at all",2,schoolwork
"Born in a poverty that I never asked for, born with shitty parents I never asked for, born with looks/body/health that I never asked for",2,"poverty, shitty parents"
"I can‚Äö√Ñ√¥t handle this drag we call life, going to school every morning, going home and studying, dealing with my father, it‚Äö√Ñ√¥s all just too much",2,"school every morning, studying"
I've lost every job the same way,2,lost every job
I do have some pressure to be smart from peers and even teachers,2,to be smart
"Likelihood is She doesn‚Äö√Ñ√¥t want me and would be better without me Don‚Äö√Ñ√¥t speak to my mother, she doesn‚Äö√Ñ√¥t want me My sister and I barely speak My father and I aren‚Äö√Ñ√¥t the closest My brother and I barely speak My friends barely speak to me now My job is going nowhere My debt is going nowhere Nobody wants me around",2,"debt, job is going"
My siblings are completely self successful and on their straight path to be coming everything the world wants them to be but me? I‚Äö√Ñ√¥m stuck in reverse,2,successful
"I was too scared to ask help but u help me to realize life doesn‚Äö√Ñ√¥t end, when u lost money‚Äö√Ñ√¥s",2,when u lost money
I also opened about me being stressed over school and how i want to give up,2,stressed over school
"I'm homeless, living in a shelter right now",2,"homeless, living in a shelter"
"And right now, although I'm still employed, I have seriously considered quitting several times, and what's my reason? I'm tired of work",2,I'm tired of work
Who do I blame? Is it my fault? I can't help but feel like I failed,2,feel like I failed
"And all I can think while I'm watching them is I'm 26 living with my mum working minimum wage, I've had sex like once in the past 3 years and it was awful because my dick decided it doesn't like working about 6 years ago",2,working minimum wage
"I work full time, come home and go to bed",2,work full time
I'm in my last year of uni and I'm just sick of this lonely little loop I live in,2,uni
"Wake up, go to the gym, go to uni , study, come home read, watch stuff, eat",2,"study, come home read"
"I don't want to commit to a corporate job like everyone around me, after uni straight away",2,don't want to commit to a corporate job
"Maybe I am a failure and maybe I never will amount to anything, but how will I know if I never try or believe in myself",2,failure
"And somewhere along the line of my first real week of days off, I realized that all I did was work and I was just curled up in bed every second I was not working",2,all I did was work
"It seems petty that I have to post on a forum to announce my own suicide, and not to mention that if I really wanted to die, I wouldn't be attention-whoring myself, but I would at least want to say goodbye to this world that I've lived in as a respectable leave-off, almost like a resignation letter in a job, even if it was just a single post on the internet",2,almost like a resignation letter
I feel like I'm failing at everything,2,failing at everything
"All we do is go to school, learn and work till we die",2,"go to school, learn and work till we die"
I think my music is my escape from all of this bullshit in life,2,music is my escape
"Im 22 and never got into any relationship lol , i feel like a loser honestly",2,feel like a loser
I feel like a failure whenever this happens and I don't know what to do,2,feel like a failure
I have quit a lot of things because of that mix and I haven‚Äö√Ñ√¥t accomplished the things I want to accomplish coz of it,2,accomplish
I can't enjoy anything because everything has lost all flavor and meaning to me,2,everything has lost all flavor and meaning
I feel like I have nothing left to look forward to in life,2,nothing left to look forward
"I‚Äö√Ñ√¥m tired a lot of the time, I haven‚Äö√Ñ√¥t been eating enough and I‚Äö√Ñ√¥m scared for the future",2,scared for the future
I hope I die on my way to work today,2,die on my way to work today
"well fuck me, guess i failed even at that",2,i failed even at that
Yeah my plans ended up falling through cause I make poor decisions at times,2,poor decisions
Now I have nothing to look forward too,2,have nothing to look forward too
Everything disgusts me and nothing interests me,2,nothing interests
"Don't feel like doing anything tbh, but I know sitting around dwelling on it will probably make me feel worse",2,Don't feel like doing anything
"I so don't have the energy for this, but 15 people (family and really REALLY close friends of mine- my support network) are coming",2,don't have the energy
"As I get set to go to bed at 6pm on NYE (the first %#&amp;$ing NYE I got off from work in years and can't find any plans), I've come to realize that this year, the holidays have done nothing but make me angry",2,have done nothing
"Is there any way of making this feeling stop ? (yes, I tried playing the same games I used to play but it just doesn't feels the same",2,playing the same games
"I go out five or six nights a week, work full time, have sex yet I still feel hollow",2,work full time
I've lost most of my appetite and have no desire to do most things at this point,2,no desire to do most things
Completely isolated and failing every aspect of my life,2,"failing every aspect of my life, isolated"
Literally have nothing to live for,2,nothing to live for
Suddenly I have no desire to do anything,2,no desire to do anything
"First of all its my first reddit post and i do not speak english so expect alot of mistakes in writing Im 22yo male with full time job, own house(rental), own car, no depth, alot of friends(male and female) yet i still feel sad and empty most of the time",2,full time job
"Every day just feels the same, get up, go to school or go to work, get home, go to sleep, wash rinse repeat",2,"go to school, go to work"
"Im feeling drained, depressed, and overwhelmingly bored",2,"feeling drained, overwhelmingly bored"
"I feel like I can rationally look at the world My problem is I'm so bored of everyday life and routine and there's really no way out of it, it's how society is built",2,bored of everyday life
I am just mediocre at best when it comes to anything,2,just mediocre
I've been making mistakes on the most simplest thing,2,making mistakes on the most simplest thing
There's just no motivation to accomplish anything and I can't really see the point of anything,2,just no motivation to accomplish anything
"no friends/relationships, not good at anything, don't really have hobbies, just nothing",2,"not good at anything, don't really have hobbies, just nothing"
I'm so pissed off about how dumb I am,2,so pissed off about how dumb I am
"Usually about my personal life, and how much of a failure I am",2,and how much of a failure I am
everything seems hopeless and quaint I don't know why I've been dropped in this life and expected to make something happen for myself I just don't have the options or resources to make things work for myself at this point it makes no sense to try and hope effort make a difference for me,2,don't have the options or resources to make things work for myself at this point it
i know running away from your problems is bad but i need to get out of town i need to go on a trip i need it,2,but i need to get out of town
I know that I am disappointing myself and I know that I am capable of so much more,2,disappointing myself and I know that I am capable of so much more
"What do you think about anti depressants? Do they work, are they bs, do they only trick you into feeling better at the beginning? Want to know people's take on meds",2,Do they work
"One of the remarks I had come back to was ""Oh hey *forgottensteamuser* is going to shoot up the school",2,is going to shoot up the school
"I feel guilty for spending money to have some ladies in to do that when I am able bodied and have working limbs and all, but I feel like I can just breathe and relax looking around",2,guilty for spending money
I'm missing school again,2,missing school
What if my mind goes blank and I can't speak? How did you guys deal with this?,2,What if my mind goes blank and I can't speak
I guess this justify my expensive bills from my shrink,2,justify my expensive bills from my shrink
"There's nothing I want to do, I don't enjoy anything anymore, so I just occupy myself with meaningless bullshit to help the time pass",2,don't enjoy anything anymore
I wish there was something to fight for other than a paycheck at the end of the month,2,paycheck
"I'm researching into the different kinds of antidepressants and found that Wellbutrin seemed best fit for my case except for the issue of it causing a person to become more anxious? Has wellbutrin worsened your anxiety/make you more anxious? I have depressive episodes where I can't get out of bed, feel numb towards emotions, want to be left alone/don't want to talk to people, unproductive",2,unproductive
But I also feel like I have high anxiety? But the anxiety usually comes as a result as the unproductiveness (i,2,unproductive
It‚Äö√Ñ√≤s so maddening to feel like a loser,2,so maddening to feel like a loser
I have just been such a disappointment to everyone around me and I just don't know how to fix it all I feel its all because of me I feel like the biggest failure to have ever existed I am also having like self-harming thoughts like I want to cut my wrist to relive all the pain I am going through could someone help me out please,2,feel like the biggest failure
It's been hard trying to focus for the past few days at work and I feel like I'm not productive at all,2,I'm not productive at all
I've always had an insecurity and inferior complex when it comes to my definition of success,2,definition of success
"I don't have any skills, talents, accomplishments, or any real hobbies",2,"talents, accomplishments"
"I don‚Äö√Ñ√¥t know what to do, how to be happy",2,what to do
I'm having such a hard time dealing with lack of focus in my entire life,2,having such a hard time dealing with lack of focus in my entire life
"I'm tired, I'm trying so hard, I want to be happy but I don't know what to do, I have no one to talk too and no matter how I try it seems like I can never be better or good enough",2,can never be better or good
Nothing aint fun nomore nothing excites me nomore nothing to look foward to nomore life aint fun nomore so whats the point of staying?,2,"nothing excites, fun nomore"
I'm sick of failing in life again and again and again I'm sick of people calling me crazy I'm of being treated like crap I'm sick of life,2,sick of failing in life
"I've been trying to find healthier ways to cope, and have failed",2,have failed
"Now, I've suspended my studies and live at home doing fucking nothing all day, distracting myself from thoughts of self-harming",2,suspended my studies
"Let's have some fucking fun, do stupid shit, life is boring af, so let's just make fun of it",2,life is boring
"Eventually I‚Äö√Ñ√¥ll settle down into a meaningless, soul sucking job, just like everyone else, and wait patiently for death like a good boy",2,soul sucking job
My brain is fucked I have no chance my family is fucked my life is fucked I have had poor health since childhood and still do,2,"poor health, poor"
Everything's been all over the place lately and I feel i have no future,2,have no future
I get bored or lose interest &amp; will feel sad out of nowhere,2,"lose interest, get bored"
I'm just constantly losing and whenever I do win it's only for a millisecond,2,constantly losing
"So sick of feeling useless and alone, so sick of never being happy or feeling ok",2,never being happy
I‚Äö√Ñ√¥m so bored with life,2,so bored with life
I‚Äö√Ñ√¥m almost 30 and life has lost all purpose,2,lost all purpose
"I‚Äö√Ñ√¥ve had severe lack of interest in activities, emotional numbness, suicidal thoughts, and other stuff for the past 2 months or so",2,"lack of interest in activities, emotional numbness"
I really want to get better and i hope that this is the first step to that for fear of the alternative,2,really want to get better
I am so unhappy,2,so unhappy
"I don't like celebrating my birthday anymorex, not since I was 19",2,don't like celebrating my birthday
"We'll be buying cake for me and another girl whose birthday was earlier this week but it makes me extremely anxious just to have ppl know it is my birthday because I just don't enjoy living anymore, I have no friends in this city, I isolate myself more and more everyday, and I feel that makes me look pathetic and sad before everyone's eyes",2,just don't enjoy living anymore
Now at lunch the only person that didn't have an activity planned with the school(just like me) left class leaving me alone again :) :),2,left class leaving me alone again
"I have no job, no money, no passion or motivation, no coping mechanisms, and generally no happiness",2,"have no job, no passion, no money"
"Nothing is interesting, nothing brings any pleasure or joy",2,nothing brings any pleasure or joy
It feels like I can't make progress,2,can't make progress
theres no point in living the monotony of life,2,no point in living the monotony of life
"I have zero hope for the future, nor goals or dreams",2,nor goals
"Just having the most basic lifestyle takes so much fucking work, just leaving the house to go to school is too much So many possibilities, so many diseases you can have, so many things a person can judge you for, so many things that you can do wrong Why can‚Äö√Ñ√¥t I just be normal?",2,leaving the house to go to school
"i woke up still depressed and crying again, not wanting to get out of bed or do anything, let alone go to uni and do my work/study",2,"go to uni, my work/study"
All my friends and family are so confused by my increasingly poor life decisions lately and I never have a good excuse,2,poor life decisions
What am I supposed to tell them? That I‚Äö√Ñ√¥m so upset that it feels impossible to prioritize even the most important tasks,2,feels impossible to prioritize even the most important task
I'm considering jumping off the only skyscraper in my city when I finish the game because there will nothing else to make me happy,2,finish the game
Fuck everything I‚Äö√Ñ√¥ve worked so hard and prayed so much and it‚Äö√Ñ√¥s all still going so bad,2,worked so hard
"I was sexually abused as a child, there I said it",2,sexually abused as a child
"The thought of going through yet another year in poverty, loneliness, hatred and sadness is almost too much for me to bear",2,"poverty, loneliness"
"I'm in my senior year of college now, and am still trying to shake these memories",2,in my senior year of college now
I have no motivation nor intention to progress in my life,2,no motivation
"I'd say my existence is more so comparable to a tumor, I am not productive and only produce negative effects on others that unfortunately have the unbearable pain that comes from interaction with someone like me",2,not productive
I‚Äö√Ñ√¥ll be graduating hs in a few months and I‚Äö√Ñ√¥m scared because I know I‚Äö√Ñ√¥ll fuck up my whole life with my shitty decision making why the fuck did I have to be alive,2,shitty decision making
Every time when I think about myself I see a failure that will never be able to do anything good,2,never be able to do anything good
Whenever I try talking about my problems no one seems to care and just counteracts it by saying how they have it harder,3,no one seems to care
"I‚Äö√Ñ√¥m trans, gay, a person of color, mentally ill, and I feel like I‚Äö√Ñ√¥m living on borrowed time",3,gay
"No love, just bias",3,no love
"I‚Äö√Ñ√¥m a failure at school, I‚Äö√Ñ√¥m a failure at my job, I‚Äö√Ñ√¥m a failure at keeping a relationship, I‚Äö√Ñ√¥m a failure at making friends and I‚Äö√Ñ√¥m a failure at being my own fucking gender",3,failure at making friends
i see people who have dropped me out of their life be really really happy,3,people who have dropped me out
I feel empty; the sort of empty where I feel as if I'm an intruder of my own body and mind,3,empty
I‚Äö√Ñ√¥m school people throw shit at me and you know what I do nothing like the pice of shit I am,3,people throw shit at me
"I just fucking hate my life but have to keep fucking acting like everythings fucking fone and happy i cant bring myself to fucking tell anyone how depressed i am but i can post it here and tell you guys, you are my only escape from reality and the only thing that makes me feel less lonely",3,"the only thing that makes me feel less lonely, hate my life, escape from reality"
"I have been bullied and told I was playing the victim card my entire life, nobody wants me to live so why am I still here? I will never find a boyfriend or girlfriend and being broken with a useless set of cards keeps me from being even slightly successful",3,boyfriend or girlfriend
"It makes me feel like I won't be able to find new friends in the future, because people see me as different, and they treat me in a more childish or condescending way",3,people see me as different
"It‚Äö√Ñ√¥s only freshman year and already I‚Äö√Ñ√¥ve been bullied, cut from every team I‚Äö√Ñ√¥ve tried out for, my grades are slowly falling, my homecoming date literally ditched me for another guy, and I‚Äö√Ñ√¥m being made fun of dating because she‚Äö√Ñ√¥s only a year younger than me",3,homecoming date
"I just feel like shit when I wake up, when I go to sleep, when I interact with friends, it's so painful to exist, I can't keep going on like this, my life is pointless as it is now, and I don't have any motivation to change it, I just want to stop",3,interact with friends
i am the only one who failed out of the grade in my class and now im all alone in a new class full of failures like me and i really dont know what to do,3,all alone in a new class
All my high school friends are heading back to college soon which is going to leave me completely alone,3,completely alone
"have no friends, nobody to talk to, and dont know how to get it out",3,nobody to talk to
"I've had past relationships ruined, jobs, family ties",3,"relationships ruined, family ties"
"It happens at least twice a week: some jerk cuts me off when I'm talking or a coworker simply ignores what I just said, and I instantly start hating on myself",3,coworker simply ignores
I could lose my one true friend who knows about my depression and be truly alone,3,truly alone
i know my family is so disappointed and fed up with me,3,family is so disappointed
i‚Äö√Ñ√¥m also struggling with a severely broken heart from an on-and-off 10 year thing and i‚Äö√Ñ√¥m realizing now that this person wants nothing to do with me in their life even though i love them more than anything,3,broken heart
I just spent new years eve alone on a rooftop,3,alone
"Things may not be any better just because another 24 hours passed, but to everyone who also spends the night alone: I wish you a great year and good luck for the things you're going to attempt!",3,alone
I'm so lonely,3,"so lonely, lonely"
I feel so alone,3,"alone, alone, I feel so alone"
I‚Äö√Ñ√¥ve wasted my teenage years,3,wasted my teenage years
"This time of year when I most crave for social interactions, friends, even family and none of them responded",3,crave for social interactions
"Sometimes depression hits me at the worst times, so there are times where I can't really talk to people for a bit because everyone could be at work or asleep",3,talk to people
"The stress of college, my anxiety, my loneliness, no one likes me at school even though I do try, people hate me when I haven‚Äö√Ñ√¥t done anything to them, parents that won‚Äö√Ñ√¥t help me, an emotionally abusive father, I‚Äö√Ñ√¥m in an online relationship that seems bleak more and more everyday, my boyfriend is out with all his friends and I‚Äö√Ñ√¥m here alone in pain",3,loneliness
"How do I tell my parents? This has been eating away at my happiness, everytime I think of my future this feeling of guilt and depression looms over my head like a tsunami",3,tell my parents
"I've been depressed all of my adult life and I worry if I get better from this, what if I do not like the new version of myself? I guess I don't know what part of my personality is a mental illness and what part is actually who I am, and so if I tame the mental illness then what if I don't like the version of me that's left? Has anyone felt like this, and if so how did you approach the recovery process? I cannot afford medication or therapy so I am in the process of making my own plan of action to help me out until I can find a therapist on a sliding scale (the waiting lists are a bitch where I live for this sort of thing)",3,adult life
It‚Äö√Ñ√¥s hard to get over a breakup when your dad doesn‚Äö√Ñ√¥t let you go out to stay busy with your barely existing friends,3,barely existing friends
It‚Äö√Ñ√¥s hard knowing your friends/peers are doing just fine with you isolating yourself,3,isolating
All my relationships fail because I'm just not emotional and block everything out,3,relationships fail
I know I'm not alone but I just feel so isolated in myself,3,so isolated
College is easy for sex but I was struggling,3,sex
"Now that college is done, I regret it and my wasted youth",3,wasted youth
"I went from optimistic to very depressed, self hating, isolated",3,isolated
I miss some of my ex gfs but all of them ghosted me,3,ex gfs
Im really lonely,3,really lonely
My parents only keep me around so I can attend college but if I don't I'm out,3,parents only keep me around so I can attend college but if I don't I'm out
"It's the early morning, I'm thinking about how my coworkers are all jerks",3,thinking about how my coworkers are all jerks
"I really hate them, they make my life miserable",3,really hate them
I am an international student and have not seen my family in three years,3,have not seen my family in three years
"But I know that it'll probably end the same as all the years I spent at community college did, with nothing of significance happening and not making any friends",3,mot making any friends
Im having problems talking about how i feel with my friends and i feel like people are using me,3,people are using me
"I had an awful time in high school, I didn't have friends, I pushed everyone away, I didn't date anyone or go to dances or kiss anyone or have sex and now I'm 20 and I wish I had fun when I was younger bc I can't figure out how to now and I don't know how to tell any future partner I may have that ""oh yeah I'm 20 whatever years old and I've never kissed anyone"" how fucking embarrassing",3,I didn't have friends
At some point I thought that I could motivate myself by using it as a prompt to improve social interactions,3,social interactions
I have social anxiety and lack of discipline and I don't know how to improve,3,social anxiety
"I never leave my apartment unless I have to go to work an I typically work late at night so I don't have to talk too much to people, then after work I go grocery shopping at the Safeway, go home, repeat",3,talk too much to people
Which in return has caused me to lose a lot of relationships and trust for people,3,caused me to lose a lot of relationships and trust for people
"Heck, I‚Äö√Ñ√¥ve even lost my relationship with my own mother because of this",3,even lost my relationship with my own mother because of this
"They care,even if they don't talk to me a lot and I'm an idiot",3,even if they don't talk to me a lot and I'm an idiot
i look at my peers and almost all of them are more socially active than i am,3,more socially active than i am
i'm not a member of any clubs nor do i feel particularly interested in joining them,3,not a member of any clubs
i feel like i'm not as employable as my peers and it really frightens me,3,i feel like i'm not as employable as my peers and it really frightens me
"My dad just wants me to ""get better"" and stop living off him, which is ok",3,"My dad just wants me to ""get better"" and stop living off him"
"I'm in a bit of a pickle: new country, no job, no friends, too cold to go anywhere (no car) and nothing to do",3,no friends
"my family, my friends, all lose their trust in me, I'm just not cut out for anything I don't think the world has a place for me",3,"family, my friends, all lose their trust in me,"
"my girlfriend left me, etc",3,my girlfriend left me
Tried to go into work and had a panic attack and had to leave,3,panic attack
"I dissapointed my dad yet again, I might loose my dorm room if this financial shit doesn't work out, and I need a 3",3,dissapointed my dad yet again
"Begged and pleaded, but she's with someone else I work with after nights of flirting",3,but she's with someone else
My boyfriend resents me for moving in with him,3,boyfriend resents
Other times I dream about moving away from home and I struggle or my car breaks down and I cannot get it fixed,3,moving away from home
I'm so alone,3,alone
I have social anxiety and i am social akward,3,social anxiety
i am unemployed i dropped from uni,3,lived in isolation
In middle school I had some issues with social integration,3,social integration
That's how I got isolated,3,got isolated
Talked to my mom today about a test I have today that I was stressing over,3,Talked to my mom
I block all my problems out and just isolate myself,3,isolate myself
My parents are disappointed and angry at me,3,parents are disappointed and angry
I mean I'm going to live in my parents basement until I die so what does it matter if I'm gay or straight,3,gay or straight
"I feel like such a disappointment, my life is going nowhere, I wake up and I have to face that I'm a faliure compared to my sister and brother every single day",3,compared to my sister and brother
"My parents were always coercive, and I was timid",3,parents
I feel like killing myself each because I‚Äö√Ñ√¥m not good enough for my parents,3,not good enough for my parents
And I just feel like I‚Äö√Ñ√¥m the one home and depressed holding my parents down,3,holding my parents down
"I hate the idea of my family and friends having to deal with the fallout, but I really can't see a future for myself",3,family and friends
but i still have some good moments also i havent lost my apetite instead i binge hard :'( and sometimes i think maybe i am just faking i might have a depression just to avoid responaibilities,3,avoid responsibilities
I opened myself up to somebody for the first time in years and ended up getting my heart broken amongst one of the worst depressed periods in my life,3,heart broken
I have a girlfriend,3,have a girlfriend
I have a very hard time reading emotions and connecting with people in the first place,3,hard time reading emotions and connecting with people
"No one in my family is doing anything to help me, I just want to drop out, but I can't because I want to make them happy",3,my family
"This is almost directly related to my social anxiety and lack of self confidence,this has been making me more and more scared to talk every minute of the day,I am now training myself to take deep breaths and slow down my speech,and have the whole sentence I want to say displayed in my brain before I say it,but even if I do all 3,there is still a 50% chance that I would mass up and look like I am going to vomit,and I can't just take random deep breaths and sudden slow of speech in a presentation,right? Please help,I am scared to shit now",3,social anxiety
He told me that he lost someone important to him and he's been feeling emotionless since,3,lost someone important
"i may seem happy but thats just an act, if people saw who i really am theyd put me away in some hospital",3,people
I feel very alone around the holidays and try to make an effort to be with people because if I don't then I start a pattern of self-deprecation and self-hate and thoughts of suicide start to creep in,3,very alone
"What is even more depressing is that I care about being of age to do this, and being able to just do it alone",3,alone
And I felt empty,3,felt empty
"Why is depression treated? Why is it not usually left well enough alone if its symptoms are seen but someone isn't a danger to others? (This goes to the extent of ""danger to self"" where things like involuntary holds and medication come in",3,danger to others
"Anyway, I stopped both SSRIs 1 week before the test (now is 10 days without them) and I don't feel any different, in fact if anything, I feel happier, but the most striking was my marked increase in my libido and the capability to ejaculate once again :) When I was on the SSRIs I had turned into an asexual creature and if I ""force"" my self to have sex or watch porn I had a half - @ass erection and (kind of whiskey d!ck) and more often than not I had to fake and orgasm (using a condom) or if by any chance I can finish is after a long ""banging"" and with an almost painful spasms of my legs, really weird sense",3,"force"" my self to have sex"
"I'm alone on my fucking computer, as usual",3,alone
"While I work two jobs, I isolated myself, and as a result, practically have no friends left",3,isolated myself
"This year, I have a terminally ill family member and I'm struggling to find a place to live as I'm being kicked out of my old place",3,ill family member
"I‚Äö√Ñ√¥m also lonely because I don‚Äö√Ñ√¥t have any friends except for my fianc‚àö¬©, but family isn‚Äö√Ñ√¥t around",3,lonely
Maybe I'm better off being alone forever,3,alone forever
"Now I'm alone, suicidal and worse than last year",3,alone
So I just sit home alone,3,alone
"If everything you know of the enemy is that they have no mercy, that they are ruthless, and that they will do nothing but torture you, and you find yourself surrounded by them, history shows us that people in such a situation would often choose to take their own life rather than suffer such a fate",3,they have no mercy
"I'm the only person he talks to about it, and it's good that he can at least talk to someone, but I think he should tell his parents so he could try to get professional help",3,he should tell his parents
"im so lonely and i have no one, i cant stop thinking",3,so lonely
I'm not allowed to see my kids and I feel like a giant burden on my friends whom I live with atm,3,burden on my friends
People really don't give a shit what I have to say about anything,3,People really
My SO has been pulling away from me and left me all alone last night because she didn't want to sit home with me and had already made plans with someone without me and didn't even mention anything until she was leaving,3,pulling away
I sat home alone and drank myself sick until 3:45 when she finally came home,3,drank
I have never felt so alone in my life and maybe not as low as this in a long time,3,alone
It will be the year I will stop bothering everyone with my existence,3,bothering everyone
"When I look at all the problems I have to face and all the issues I've got; my crippling anxiety issues, my huge insecurities about every part of me and my overwhelming jealousy leading to loneliness and isolation it all just seems impossible and pointless trying to fix it",3,"loneliness, isolation"
I keep thinking my friends are planning to hurt me,3,my friends
Several times I‚Äö√Ñ√¥ve thought I was going to be publicly shamed by my closest friends,3,my closest friends
I don‚Äö√Ñ√¥t know who I can trust anymore,3,trust anymore
"it makes understanding social cues, empathizing with others (IE understanding why you made someone upset), and social interaction in general very difficult",3,understanding social cues
"When compounded with existing depression, it makes me feel profoundly isolated sometimes",3,feel profoundly isolated
"Whether I have consciously or unconsciously pushed people away, I am now here alone",3,"pushed people away, alone"
"Who do I have? Help me in hell, my friend (my friend) I won't shed a tear Let them see me in pain again Hello, from the dark side in Does anybody here wanna be my friend? (my friend) Want it all to end Tell me when the fuck is it all gon‚Äö√Ñ√¥ end? Voices in my head Telling me I'm gonna end up dead So save me, before I fall So save me, I don't wanna be alone So save me, before I fall So save me, I don‚Äö√Ñ√¥t wanna be alone",3,my friend
I don't feel like I have anyone to talk or turn to without feeling guilty or like I am making a meal out of how i'm feeling,3,anyone to talk
I hang out with my friends I still feel lonely I dont move from my bed I still feel lonely people talk to me I still feel lonely,3,feel lonely
"I‚Äö√Ñ√¥ve changed so much since I‚Äö√Ñ√¥ve gotten depression, I stop caring about school my relationships with my friend, I stopped caring what peaple think about me (witch can cause me to an asshole) before depression I thought I wouldn‚Äö√Ñ√¥t even touch alcohol and now I‚Äö√Ñ√¥m starving to do shrooms (don‚Äö√Ñ√¥t drink that much) I used to get decent grade and try now I‚Äö√Ñ√¥m just passing bc my teacher are rounding up my makes to 50, I‚Äö√Ñ√¥ve recently stopped cutting but only bc I have nothing to do it with and my gf doesn‚Äö√Ñ√¥t want me to",3,"I stop caring about school my relationships with my friend, I stopped caring what peaple think about me"
"I'm 26 years old, I think I'm beautiful and I look younger, but I've been in severe depression for over ten years because of family losses and my borderline disorder, and I think I was born mentally ill",3,family losses
"I just want her to have peace, but I don't want to let her go",3,don't want to let her go
"I've had depression for as long as I can remember and I can't make any lasting friendships, let alone date anyone",3,let alone date anyone
"But since my relationship ended 8 months ago, I've been stuck in this horrific cycle of absolutely loathing myself, feeling heavy/tired and totally unmotivated to do anything",3,relationship ended
"I guess that's just important info, i'm hella depressed, I don't enjoy anything anymore, I don't want to talk to people, friends have started leaving me because my disorder is getting worse, nobody knows or understands my disorder, I hate my situation overall and I genuinely want to die",3,friends have started leaving me
"None of that is even possible though, because he's gone",3,he's gone
I am 22 and have never had a girlfriend and have been rejected countless times,3,never had a girlfriend
"Yesterday my girlfriend dumped me, it was genuinely sick, we had been dating almost 7 months and when she dumped me she laughed and smiled and treated me like shit",3,she dumped me she laughed and smiled and treated me like shit
My relationship was toxic as it felt as though I was the only one trying as I clinged onto the thoughts that she would be the one who help me to get out of depression,3,relationship was toxic
"I have no friends, live miles away from any family and at the age of almost 28 have nothing to live for",3,have no friends
At this point I have stopped trying to open up to my friends,3,stopped trying to open up to my friends
everything was fine (I just loved her company) until 2 weeks ago she started dating and I never really see her anymore and is now about to move away,3,I never really see her
I lost my girlfriend of almost three years,3,lost my girlfriend of almost three years
I don't have any friends to get drunk with tonight,3,I don't have any friends to get drunk with tonight
This year it's my friends moving away,3,my friends moving away
I am 27 Male and separated from my wife,3,separated from my wife
"I mean, this person is with his/her loved one, people she cares about",3,this person is with his/her loved one
All of my friends are out partying right now and I'm at home getting lectured by my family on my negative attitude,3,my friends are out partying
I'm 23 I live with my grandma she hates my guts I want to move out but it's going to take some time before I save enough money,3,live with my grandma she hates my guts
"I just came to the realization that none of my friends, or I could say, past friends, didn't wish me a merry christmas",3,none of my friends
I broke up with her and was genuinely happy,3,I broke up with her
"tl;dr friends ditched me, depression is coming back",3,friends ditched me
Me (19M) was just cheated on by my girlfriend (19F) of two years,3,just cheated on by my girlfriend
So now I have gone in one year from being kind of cool with everyone then being really awesome and fun and everybody liked me and I was invited to everything to now not being invited to anything and none of the people that were my friends caring to ask me to hang out,3,none of the people that were my friends caring to ask me to hang out
"Even my boyfriend thinks I'm toxic and I can't count the amount of times I've hurt him, my family, the people I care about over the last year",3,the people I care about
"To be rather blunt, I'm single, stuck living with parents and working shitty hours",3,single
"I don't have any friends, I've never been in a proper, loving relationship and I'm a socially awkward loser",3,socially awkward
He had already broken up with me 3 months ago saying that his feelings for me were fading away but he already had a plain ticket to come see me for November,3,broken up
i have liked her for so long,3,liked her
I don't know how I should place it but it seems like everyone of my friends have that one they can go to And every time I think I have found that one in my life they always stop answering completely and i don't know why or they just change and they will be complete asshole too me and I'm just tired of it I'm tired of not having anyone in my life I have been battling depression for about 3 years now and there is nobody there is nobody that has comed so close to be that I have told them and they didn't left after and I just think my life is just a pass time no meaning,3,tired of not having anyone in my life
"I think if I fuck up and constantly bug her about things, that she'll be closer to the door",3,constantly bug her
"I feel lonely and unloved, like I could say nothing to everyone I know and they would never think to talk to me or start any conversations",3,feel lonely and unloved
It doesn't help that I'm 19 and have basically zero dating experience,3,zero dating experience
Caused me to be really rude to my parents and got in a huge fight with them and then they got in a huge fight,3,rude to my parents
My friends all decided I wasn't worth their time last night,3,friend
Realized they might not really be true friends,3,friend
I got my gf pregnant,3,got my gf pregnant
"She's 4 weeks pregnant and already thinking about ""medical abortion""",3,4 weeks pregnant
Although I can never go into relation with her she is my cousin( my other grandma's daughters daughter) I don't know if it's legal to marry your cousin or other shot like that,3,my cousin
"My friend has depression and anxiety as well, though not as bad",3,friend has depression
"I was already hangry, had made myself some chicken in the oven, but set the heat too low, so it came out frozen",3,it came out frozen
"But now I feel the opposite, like I'm just a dick, I never want to hangout with my friends and these are guys I have been best friends with since I was 5",3,hangout with my friends
Recently even the thought of having a social interaction is so scary that when it actually happens I feel like I seem distant and uninterested causing people to dislike me,3,social interaction is so scary
Its like I just want to be left alone but I know that is not how I want to live my life,3,want to be left alone
"In just 3 minutes it's my birthday my girlfriend broke up with me in Christmas, I'm so hurt I don't wanna do anything, I feel like such a pathetic wuss I just can't anymore",3,my girlfriend broke up with me in Christmas
I dont to get into many details but I hate that today the people you think you can trust are actually the people doing damage they have no respect for you or for themselves for that matter they instead walk all over you I've had seven people I call friends walk all over me and I'm getting tired of it why even try getting along with people if there going to lie and betray you there definitely not friends I got rid of them but now I have 0 friends and I feel suppressed I'm tired of being treated like dirt by peoples even though I'm just like most everyone and im ussually friendly unless treated like dirt by people,3,"friends walk all over me, have 0 friends"
"I've never been in a relationship, only been on a date twice, I don't even have that many friends",3,never been in a relationship
"Just a rant I cant feel anything, I've felt shitty for years, my mom was diagnosed with cancer 4 years ago, and my dad is mostly gone a lot",3,dad is mostly gone
I just want to hear it from you,3,want to hear
"I fell in love, and I tried to push out that thought",3,fell in love
"She was probably just using me, she most likely cheated on me multiple times - certainly once since she gave me chlamydia",3,cheated
"they are the best at talking, we share so much in common; music, conversation, sex",3,best at talking
"I have tried to coax her into adopting a hobby like drawing, just anything to use her time constructively, but to no avail",3,to no avail
It's like she set the bar so high that all I can do is just stare at it,3,she set the bar so high
She broke up with me because of that a week ago,3,broke up
"I made her feel worse, it's my fault she broke up with me",3,broke up
Then I talked to her yesterday morning and I haven't talked to her since but she has seen my message,3,I haven't talked to her since but she has seen my message
"At first, it was because of family problems I ended up hating wanting money or needing it so I created a lifestyle for myself in which I don't use money or ask my parents for it",3,family problems
My life has always been sitting behind a screen watching people enjoy life and thinking to myself that once I get a bit older the family problems would be gone and the coast would be clear but I was dead wrong,3,family problems
"I can't really see a way out of the situation I'm in because weither its now or in the future, I will have to be in situations where the same family problems still present themselves",3,family problems
I am 25 years old now I stay with my parents and I quit my job have a beautiful son but I am so lost I can't get her out my head I think about her 24/7 all my family have her on Fb so I see everything all the time,3,think about her 24/7
"I have two best friends and we all hang out together, except most of the time I don't want to hang out because I just can't bring myself to be around people and they are very introverted so I get worn out easily",3,two best friends
They know that majority of the time I'll refuse to hang out so they just hang out without me most of the time,3,hang out without me
I've been seeking happiness in someone and it just seems like she is getting colder and colder,3,she is getting colder and colder
Some days I just feel so unloved after trying so hard to start a conversation with her,3,unloved
All of my friends were his and our closest ones were with him when I broke up with him so they're taking his side and won't talk to me,3,broke up
"I got nothing, family hates me, no friends, extremely introvert and extreme anxiety with depression i can't fucking take any of this shit anymore",3,family hates me
"And I need to let her go, I need to let her out of my toxic orbit",3,need to let her out of my toxic orbit
She filed for divorce and is currently dating another man,3,dating another man
I still miss her like crazy,3,miss her
"Today, I miss her, I fucking miss you! I miss being able to end my night with your voice",3,miss her
I just miss my friend right now,3,miss my friend
I love her to death I don't want to force her to accept any decision I make I just need help in trying to get her out of her depression,3,love her to death
"I ended up isolating myself in my room by not leaving often and my friend that stayed for the summer happens to be the one that loves belittling me, so they loved to see this",3,isolating
I'm at the point where eating is very hard for me to do,3,eating is very hard
"I know my life could be worse and I have a great girlfriend and i love her, but she has friends, and everyone around me has friends and its been like this for as long as i can remember, I've been alone",3,"have a great girlfriend, love her, she has friends, alone"
"At this point there's nobody who can help me other than myself, but it's going to be a long and lonely road",3,long and lonely road
"It feels like she was my last chance at happiness, and that I am doomed to be alone forever",3,doomed to be alone forever
I'm a lonely person but right now I don't have any friends or at least anyone I hang out with or talk to on a regular basis,3,lonely person
My mom killed herself,3,mom killed herself
My mom killed herself and she was the only person who was really ever in my life,3,mom killed herself
"I'm afraid to make new friends because I don't think anyone will like me or that the new friends would eventually leave me, too",3,afraid to make new friends
"I just couldn't stop myself from checking it all the time, from looking at my ex and his new girlfriend's profile pics",3,looking at my ex and his new girlfriend's profile pics
A bit of a background - about 4 months I moved with my partner pretty much half way around the world,3,moved with my partner
"parents and relatives, every gf i had ended up breaking up with me",3,"relatives, every gf, ended up breaking up with me"
Whenever I think about ending it all I think about my parents crying over my body,3,think about my parents crying over my body
I hate my mom for trying to help me with shitty advise that just makes me feel worse,3,hate my mom for trying to help me with shitty advise
I thought this girl was going to be the answer I was looking for,3,thought this girl was going to be the answer
I just wanted to tell someone and my friends don't give a fuck,3,wanted to tell someone
"can figure out what i may have done to trigger it, but 5 of my closest friends from high school have stopped responding to my calls or texts",3,5 of my closest friends from high school have stopped responding to my calls or texts
She's gone and I fucked everything up,3,She's gone
I'm just falling deeper and deeper into a hole and this is the only thing I can think of to do at this point,3,just falling deeper and deeper into a hole
It breaks my heart we don't talk anymore,3,we don't talk anymore
"I'm tired of girls flaking on me, I'm tired of fake friends, I'm tired of getting fucked up, I'm tired of not knowing who I am, not fitting in, tired of being that stupid degenerate future dropout, I'm so fucking sick and tired of so many things",3,"girls flaking on me, not fitting in"
Now I'm just lonely and I have no one to talk too,3,"lonely, no one to talk too"
I can‚Äö√Ñ√¥t imagine a worse way to end the year than to lose my best friend,3,lose my best friend
2017 has been such a tough year for me anyway but to lose someone whom I trusted and loved and who had supported me through it all has left me crying for hours,3,lose someone whom I trusted and loved
I feel like no one really wants to be friends with me for myself,3,no one really wants to be friends
Like all my so called friends take advantage of me,3,friends take advantage
"I fucked up the end of high school, fucked up relationships with family and now I feel like I've got no friends",3,fucked up relationships with family
I noticed recently that struggle to make friends and really dont want another gf,3,struggle to make friends
knowing less people means there are less people to hurt me,3,hurt me
"Most people seem to fall within the norm and have socialized support when growing up, I've had none of this (Nor have I been parented properly, I've just been expected to ""Fall into place"") as I have social anxiety and very rarely have had any discussions with people other than online and even they are limited",3,Nor have I been parented properly
shes gone shes fucking gone she left me and its all my fault because i cant get a fucking grip on my shitty brain,3,she left me
i cant handle being all alone,3,alone
"I lost my friends, my love, and myself",3,"lost my friends, my love"
I feel so empty,3,feel so empty
"Bad family, just got out of a bad relationship, have always been bad at making friends (serious social anxiety)",3,bad at making friends
This ain't abnormal but I stay in contact with toxic people because I'm just desperate for that human warmth,3,toxic people
"I‚Äö√Ñ√¥m watching tv and I really miss him, we hardly see each other because we work different shift times",3,miss him
All I want is for people in my everyday life at school to care about me,3,want is for people
"I don‚Äö√Ñ√¥t really have any close friends, I hate my family, I haven‚Äö√Ñ√¥t been intimate with a girl in 6 years, and i just feel like a complete outsider everywhere I go",3,"I don‚Äö√Ñ√¥t really have any close friends, hate my family"
My fiancee just broke our engagement and emigrated to a different country after we found out I have no inheritance,3,fiancee just broke our engagement
"How do you guys deal with this little panic you have when you meet a friend/friends that you have bad pasts with? Like, they've hurted you before, you still have to socialize with them because of group work or whatever",3,friends that you have bad pasts with
I'm tired of being bullied on a daily basis by the people who should make me feel safe,3,being bullied on a daily basis
Of course I can live without you,3,live without you
"In new year¬¨¬•s eve my family comes to my granfother¬¨¬•s house to have dinner, but that¬¨¬•s not good or fun, that¬¨¬•s sad and terrible",3,family comes
So theres this friend of mine that ignores my texts mid conversation then texts again like nothing happened,3,friend of mine that ignores
Am i really over reacting or is this a relationship i should end?,3,relationship
"I'll still be lonely, will have no one to talk to and afraid to leave my house",3,"lonely, will have no one to talk to"
Mine seems to be being ignored or when I have reason to believe i might be abandoned by someone,3,abandoned by someone
"Who's else is gonna spend their new years eve alone? My friends promised to come over to my place, I even cooked the food, got some drinks for us all",3,new years eve alone
"Smh, and they all ignore all my messages",3,ignore all my messages
It all started when I was around 12-13 years old when I found out I was gay,3,found out I was gay
I just want to get comforted by someone (I would prefer my crush lol) I dont want to sound desperate but is here anyone who can try to make me feel better? My emotional pain has grown by alot recently and often times I just want to die but I cant kill myself because I dont want to hurt my close ones,3,want to get comforted by someone
"Now I'm alone, no one seems to care about me, not even my family",3,"no one seems to care, not even my family"
"If she replies with just emojis it shows she doesn't want to carry on the conversation, because it's a shitty conversation, your not like other people",3,she doesn't want to carry on the conversation
I fucking hate that woman who calls herself my mother,3,my mother
Been feeling detached all my life from everything that make people happy,3,detached
"I'm supposed to have the time of my life now, but all I have are constant compulsive suicidal thoughts, loneliness/isolation issues, not being able to etc",3,loneliness/isolation issues
"I'm 21, both parents dead, no family support, just friends, my brother abandoned me and left me out in the cold and kicked me out and cut me off because I was out drinking as a teenager",3,"both parents dead, no family support, just friends, my brother abandoned me"
Severely depressed and isolated,3,isolated
Not when I have been isolated for years,3,isolated
"No family, no friends, no life",3,"No family, no friends, no life"
This isolation is making me want to cut myself more,3,isolation
"It's like I'm always sad because I don't know how to make myself feel better so I rely constantly on other people and since it pisses off my friends I turn to strangers on reddit, and if I'm not sad then I'm making low-effort shitposts Fuck my life xd‚Äö√ë¬¢ I'm going to read this in three years and wonder what the fuck was wrong with me at 16 But fine whatever I'll take my depression meds and get off of reddit now",3,"rely constantly on other people, it pisses off my friends"
I use to be a very antisocial person spending all of my free time alone either watching tv or teaching myself instruments and in high school I became really close to a group of three making us 4,3,group of three
"But what did they do, pushed me away and said we don‚Äö√Ñ√¥t like being with you when you are sad because it brings the rest of us Down",3,pushed me away
"I feel bad for everyone that deals with me, because more often than not they think I hate them, and that just makes me hate myself even more",3,feel bad for everyone that deals with me
"I don't know how to live with others, or how anyone does it",3,don't know how to live with others
"Time to talk to someone who knows how to respond, and hear me blabber on my meaningless bullshit",3,talk to someone
Bf just told me he feels no connection anymore and that he doesn't think he will ever love me the same again,3,"feels no connection anymore, will ever love me the same"
"But a lot of people don't care about you, they care *of* you",3,people don't care
"If they aren't the kind of person who talks and listens to you, then I feel like that means they only care of you",3,aren't the kind of person who talks and listens to you
"I been dealing with depression for almost 3 years and with happened this year, finding out my gf cheated on me, bad relationship with my dad, and losing motivation and passion in what I do, had set me over the edge and caused me to have trust issues with other people",3,"gf cheated on me, bad relationship with my dad, trust issues"
"Not entierly alone, I have my boyfriend and cats",3,alone
Those friends I have are busy today and I have asked multiple times if anyone was going to throw a party on NYE and never got an answer,3,"friends, never got an answer"
"Stuck in a shitty abusive relationship, always cold, nobody likes me nor do they care about me",3,"shitty abusive relationship, nobody likes me"
I never asked to be born,3,never asked to be born
So today is New Years I told my mom to come home as soon as possible but she came after midnight I was alone at home since 5pm I was so fucking alone I latterly have no friends like no friends but i do have boyfriend he lives far away I‚Äö√Ñ√¥m in a long distance relationship he‚Äö√Ñ√¥s busy he never understands me or may be I‚Äö√Ñ√¥m fucked up anyways after 1am i cried so out loud I feel I‚Äö√Ñ√¥m not the Same person I use to be i feel so alone but still I don‚Äö√Ñ√¥t wanna die I just want something to hit my head so bad so i can forget everyone I had in my life,3,"have no friends, long distance relationship"
i was crying front of her with anger I said that i wish i die she said ok die lol hahahaha i use to think that parents are everything nah nah may be these two could be a people who can destroy your life well may be one day that one person come and he‚Äö√Ñ√¥ll change your life,3,"parents are everything, people who can destroy your life"
No friends,3,No friends
No siblings,3,No siblings
I dont want to make them sad and to think that they're responsible for they're son death,3,son death
"However, I still go through episodes of just feeling completely alone, sad, and suicidal",3,completely alone
"But unfortunately, none of my family or friends can really understand it",3,none of my family or friends can really understand it
I look for you everywhere I look for you in everyone I never thought two years Could feel this long,3,look for you in everyone
"Hiya redditors of r/depression, as a person who suffers from depression and social anxiety, I know what it‚Äö√Ñ√¥s like to feel lonely, particularly on big holidays like these",3,what it‚Äö√Ñ√¥s like to feel lonely
", today around 23:00 I had a big fight with my mother, I made joke about her loud chewing and she flipped out",3,"had a big fight with my mother, made joke about her loud chewing"
"Now I'm sitting in my room crying and listening how she wants to throw me out of the house, how she is screaming at my father",3,"she wants to throw me out of the house, screaming at my father"
With my parent's that will get divorced soon,3,my parent's that will get divorced soon
With my mother that cheated on my father,3,mother that cheated on my father
"My life is terrible, I've been super depressed, and I have no real friends",3,have no real friends
"Why is it the two worst, most hurtful relationships lasted years, while the ones that feel that they have the most love and promise a real future fall apart in an eye blink",3,"two worst, most hurtful relationships lasted years"
"I feel cursed to either live in misery, or except fleeting happiness, followed by loneliness",3,"feel cursed, loneliness"
I guess no one really does care,3,no one really does care
"To being with my family on this night, they invited me, there's was gonna be cake, minimal drinking, new people to meet, and still said no",3,"my family, they invited me"
That have never had a fun New Years? No one invites me to anything and it just feels fucking horrible,3,No one invites me to anything
"I feel lonely because it's another NYE and it just reminds me that I've gone another year without finding anyone to connect with, share life with",3,feel lonely
It feels like nobody cares anymore,3,nobody cares anymore
"I wanted to be with my GF for New Year‚Äö√Ñ√¥s Eve, and she doesn‚Äö√Ñ√¥t want to",3,wanted to be with my GF for New Year
"Anyone else spending the night alone? I'm just gonna fry me up some pork chops, smoke some bud, and play video games",3,spending the night alone
"All I ever wanted to do was make people smile, and all I get back are lies and false promises",3,make people smile
Where do I even go from here? It‚Äö√Ñ√¥s barely been an hour and I‚Äö√Ñ√¥ve been crying saying a final goodbye to the girl I love,3,saying a final goodbye
I believe I'm not homosexual but I think about him a lot recently,3,not homosexual but I think about him a lot recently
I get my mother telling me that I need to get away from it,3,my mother telling me that I need to get away
I guess I've just lost confidence after this girl I put so much into sort of rejected me without asking her to go out (friend zoned me and has really sloppy replies now when I can see she is replying to others),3,lost confidence after this girl I put so much into
I just feel like I may never be accepted,3,may never be accepted
getting depressed -&gt; cutting to feel better -&gt; mom get disappointed/angry -&gt; felling worst -&gt; wanting to kms -&gt; mom gets depressed by it -&gt; gets depressed -&gt; etc,3,mom get disappointed
Feeling depressed and sad all the time and when i'm talking to my friends about it they seem to ignore it and talk about something else,3,talking to my friends
i‚Äö√Ñ√¥ve grown distant with my friends and i‚Äö√Ñ√¥m going to try to not do that anymore because i value them so so much,3,distant with my friends
I have shut down my Snapchat and instagram accounts so I don't see shit that will bring me down even more,3,Snapchat and instagram accounts
I broke down in front of 200 people and nobody could get me to calm down for 30 minutes,3,nobody could get me to calm down
My last friend moved all the away across the goddamn country and my family thinks I'm a loser and embarrassment,3,friend moved all the away
"I feel so lonely, lost, scared and confused",3,feel so lonely
Not a day goes by that I don‚Äö√Ñ√¥t think about when my mom tried to end it back in March,3,mom tried to end it
"Seeing all the people kissing their loved ones, people partying, etc",3,Seeing all the people kissing their loved ones
This year I lost 4 pets including one last week and my group of friends turned on me and set out to ruin my life,3,lost 4 pets
Just had a close friend completely block me and as the title suggests he was a furry,3,close friend completely block me
He recently came out as a furry and I was fine with it but recently he started hanging out with his furry friends and just up and blocked me today,3,blocked me today
So yes I am now depressed as he was my only friend,3,he was my only friend
"So just sent everyone a New Year snaps, they opened it and no one has wished me back",3,no one has wished me back
"Last year, I got dumped on the holidays",3,got dumped
I can't tell what's worse --- my self pity that I have no friends and just watch snapchats of people having fun without me even though I know its self defeating ORRR the fact I really can't blame people for not inviting me out because even I hate spending time with myself,3,no friends
My parents do not understand that it is hard for me to get up when there is no point to,3,parents do not understand
Seeing their relationship and me being alone again has really brought me down again,3,Seeing their relationship and me being alone
"One again spending my New year's alone, even with my fiance home",3,alone
"She hates this ""holiday"" and barely spent any time with me, then gave me shit when I tried to go to bed early with her",3,barely spent any time with me
over the years i isolated myself,3,isolated
"got rid of my friends, been fournte enough to be financially well off to be able to stay awake all night and sleep thru the day to avoid anyone",3,got rid of my friends
Idk if this is even the place to ask or how to even ask tbh but how do i adjust again into society? iv now been so isolated from people even looking at my own family members in the eye tiggers anxiety,3,isolated
"First friend didn't pick up, second told me not to call again because she was with her SO",3,"First friend didn't pick up, not to call again"
"I don't know if it's that I don't care enough, but I can't seem to make any friends and it's hurting",3,can't seem to make any friends
This is my first year ever bringing in the new year alone,3,new year alone
"doesn't matter if you're a good person, someone who supports everyone else, no one supports me, no one cares about me, no one will care about me, because everyone is focused on their own lives",3,no one cares about me
I just need someone to listen and maybe tell me how to quiet the voices in my head that tell me that all of my friends hate me,3,"need someone to listen, friends hate me"
"From dealing with the fallout of my ex, to stressors at work, nothing compares to true loss of my baby boy",3,loss of my baby boy
I have now become broken beyond repair and only wait until the day we are together again,3,the day we are together again
I'm so alone and I'm so sad,3,alone
"Depressed because I have no intimate interactions with females, who I am absolutely attracted to",3,no intimate interactions
"This new year has helped me realize that im not depressed because im lonely, im depressed because i have depression, which means it will never go away",3,lonely
I lost contact with one of the only people I've ever cared about in 2015,3,lost contact
Knowing that it's now yet another year in the past is tearing me apart,3,past is tearing me apart
"Not one of my friends, or even other people I know went to Toronto for school",3,"Not one, friends"
"The only time I talk with my friends is when we play video games, and none of them show even any remote amount of interest in my life outside that",3,friends
"I had another group of friends I thought I was getting closer with, we were supposed to go to a New Years party together",3,friends
"They ditched me, I‚Äö√Ñ√¥m not sure why, or what happened",3,ditched me
Also just found out the first group of friends had a New Years party,3,friends
That‚Äö√Ñ√¥s all my friends,3,friends
"just someway, painful or painless, i dont care",3,painful
Tonight I‚Äö√Ñ√¥ve seen the girl I‚Äö√Ñ√¥ve a crush on for years made out with multiple other guys and in the meantime I‚Äö√Ñ√¥ve even manage to get rejected to have a dance with her,3,rejected
She currently already have a SO while I‚Äö√Ñ√¥m still trying to get pass my recent break up,3,recent break up
I‚Äö√Ñ√¥m tired of being alone,3,tired of being alone
It‚Äö√Ñ√¥s probably because I push people away,3,push people away
"Tried to talk to him, pushed for it despite his attempts to distance himself",3,talk to him
"I‚Äö√Ñ√¥ve been pushed, smacked wth a shoe, dumped, called all kinds of names in the book",3,dumped
My parents are divorced since I was 3,3,parents are divorced since I was 3
"Recently, I met up with my dad and my foster mother, and they thought I might have some psychological problems",3,"met up with my dad and my foster mother, and they thought I might have some psychological problems"
"Gf= buy her stuff constantly digging in your head a black hole that sallow you to a mental asylum Friends= useless fake snakes who will try to please you but actively they don‚Äö√Ñ√¥t care, you‚Äö√Ñ√¥re having fun because of your similar jokes yea, but it‚Äö√Ñ√¥s not pure it‚Äö√Ñ√¥s all interests long term I got abused abounded and found out every year a new discovery about my ‚Äö√Ñ√∫friends‚Äö√Ñ√π behind your back talk shit you should take it as a compliment cause you‚Äö√Ñ√¥re touching their insecurities and you‚Äö√Ñ√¥re interesting, the only thing that fun is the joking around part, when you‚Äö√Ñ√¥re suggesting something to someone it‚Äö√Ñ√¥s not real it‚Äö√Ñ√¥s fake lets be honest, we are all people pleasers obeying the rules of society but we were born evil , your ego your pride, to low key pass someone, that‚Äö√Ñ√¥s my perspective as I see it",3,Friends= useless fake snakes who will try to please you but actively they don‚Äö√Ñ√¥t care
2 months after I got dumped by my ex I had a mental breakdown and locked myself up in the bathroom for hours,3,got dumped by my ex I had a mental breakdown
I‚Äö√Ñ√¥m always so stone faced because I‚Äö√Ñ√¥m afraid that if I express myself people will reject me,3,m afraid that if I express myself people will reject me
I wonder what it's like to have healthy relationships and a good self image,3,healthy relationships
"I can be supportive but aside from that, I can't say or do anything to change his mind",3,I can't say or do anything to change his mind
I always look down or to the side of someone when I talk to someone because it actually hurts to look at them without feeling awkward or somehow disgusting,3,I talk to someone
Very rarely a girl comes to sit by me at lunch at school and when she talks to me I can't help but look at my food constantly or just barely past her or at her shirt or hair to avoid eye contact,3,rarely a girl comes to sit by me
fuck fuck fuck my shitty family,3,shitty family
"She didn't let me have friends, she didn't let me socialize, she GPS tracked my location and I was convinced even by her family that It was normal",3,didn't let me have friends
I couldn't go to a fast food restaurant without her screaming over the phone telling me I'm out with a friend or I'm cheating,3,cheating
"I think im going insane, I feel so lonely, all I want is my friend",3,"lonely, friend"
I‚Äö√Ñ√¥m 15 and I have zero friends,3,have zero friend
Nobody reaches out to me and i‚Äö√Ñ√¥m not romantically pursued,3,not romantically pursued
"You will still have the same problems, amount of friends, salary and so on",3,amount of friends
Why should I live? I have no friends,3,have no friends
My family is horrible,3,family is horrible
I just need someone to talk to I‚Äö√Ñ√¥m tired of caring and no one else reciprocating I want a friend,3,"tired of caring, no one else reciprocating"
"i cannot leave the house, i cannot and do not care anymore to develop social skills to find a woman, nor would any woman want to date an unemployed balding 5'6"" suicidal depression sufferer on disability",3,not would a woman want to date
I just feel so lonely and want to die,3,so lonely
All of my friends ended up bailing on me on New Years so I spent the night alone in my room until I fell asleep around 9 pm,3,friends ended up bailing
It‚Äö√Ñ√¥s now 1:30 in the afternoon and I still feel the same way with absolutely nobody to talk to about this because I don‚Äö√Ñ√¥t want to be that person that brings somebody down on New Years,3,nobody to talk to
"She said I love you, she said she could tell because I wasn't always trying to be funny",3,She said I love you
"Besides that, I asked if she liked me back and she responded with, ""Yeah, but as a friend"" She said she didnt want to friend zone be but she has her eyes on someone else *She's pansexual and she likes another girl* Im so sad",3,"but as a friend, friend zone"
"Thats all, just wanting to express myself to some reddit strangers beacause I am fed up with my fucked up relations with everybody around me",3,fucked up relations
"I thought they liked me, because we hung out sometimes, but I've recently discovered that they have been partying all together, without me",3,"partying all together, without me"
"And he never ""broke up"" with me",3,broke up
"Then I decided to move away, so problem solved I suppose",3,move away
I deactivated my facebook messenger since that's how I usually contacted him,3,deactivated my facebook
Late thirties here and I have no parents and am for all intents and purposes estranged from my only sibling,3,"no parents, estranged from my only sibling"
"I broke up with my girlfriend about 3 months ago because I wanted to move to a place she didn‚Äö√Ñ√¥t want to move to, I really wanted to move there as I‚Äö√Ñ√¥ve always wanted to live there and I have lots of friends there, so we broke up and I moved",3,broke up
She then says she doesn't want to be in a relationship right now,3,she doesn't want to be in a relationship
"My parents snapped at me, not knowing so",3,parents snapped
But this time I seem to be getting really mad at my boyfriend for seemingly no reason,3,seem to be getting really mad at my boyfriend for seemingly no reason
"I never have had many friends, but i was fine with that, because i only kept the real ones with me",3,ever have had many friends
"I want to tell someone, ""HEY LOOK WHAT I'M DOING!"" but I don't have anyone here, so I'd like to tell y'all ‚Äö√¥¬∞ It's a sunny day, but cold",3,don't have anyone here
I had hoped this would help me find new friends in addition to connecting with her but I feel like I failed at both,3,find new friends
I just want someone to think I deserve to be loved but I've never felt like I should be,3,deserve to be loved but I've never felt like I should be
"As for me, I just got divorced, my ex-wife is an incredibly manipulative narcissist, and we have a young child together",3,divorced
In the past she has successfully isolated and controlled me through guilt and accusations,3,isolated
"Aside from that, I have no friends, no social life, I'm almost 30",3,social life
"My mom has a really rare type of cancer, my dad abandoned us when I was 1 year old, so I don't know anything about him",3,abandoned
I wish people would leave me alone,3,wish people would leave me alone
"You know when you can feel a massive load of tears just behind your face waiting to come out at any second? I've had that for a while now, both a mixture of happiness and sadness I am so alone, I can't talk to anyone to figure out what's wrong with my because if anyone asks I just sit in silence because I have nothing to say What is wrong with me?",3,so alone
I have no friends and no one will ever truly care about me,3,have no friends and no one will ever truly care about me
4 year relationship ended about two months ago,3,relationship ended
if anyone needs to talk to someone I get it and I‚Äö√Ñ√¥ll listen,3,talk to someone
But lately Ive been feeling so miserable,3,miserable
"I feel so alone, I always feel like a second choice, and every day when Im alone I get a sick feeling in my stomach, it feels like a nervous feeling, like when you‚Äö√Ñ√¥re about to do something that‚Äö√Ñ√¥s out of your comfort zone, but i have nothing to be nervous about, the feeling is just there at all times when im alone and it makes me so sad",3,alone
"It‚Äö√Ñ√¥s so hard for me to express what im feeling and ive tried talking to professionals (in my school) and when im talking to them I dont feel what I feel when im alone so they dont understand, not saying i understand either because i dont know whats wrong with me or why i feel like this",3,alone
She says she doesn‚Äö√Ñ√¥t regret it but now I feel awful and my paranoia is telling me that she hates me and she hates what we did,3,she hates me
My best friend hasn't talked to me since I moved out from where she lives,3,best friend hasn't talked
Is there anything I can enjoy doing alone? I am always stuck in my room all day and I hate it so much,3,alone
I think im gonna stop chasing her,3,stop chasing her
"Its a hard feeling cause i hate my friend right now, but i couldnt live without him",3,hate my friend
But I was able to cry and let it all out knowing that my friends still have my back and I‚Äö√Ñ√¥m not alone after all,3,not alone
Throughout the relationship we both ‚Äö√Ñ√≤flirted‚Äö√Ñ√¥ with other people but never physically cheated,3,relationship
"My partner and I are having troubles , I'm having issues with family and my mental health just keeps getting worse",3,issues with family
I feel like my parents just didn't care anymore at that point because my first 3 sisters were exhausting,3,parents just didn't care anymore
"I hate it when my mom compares me to my cousin saying ‚Äö√Ñ√∫CJ never stress his mom out, but you stress me out‚Äö√Ñ√π",3,mom compares me to my cousin
I've been really heartbroken after getting rejected by a good friend who i had fallen deeply in love with,3,heartbroken
"I'm pretty outwardly cold and distrustful of people in general, so me falling in love only to get my heartbroken really pushed me deeper into my shell",3,heartbroken
"I created an instagram account, and tried to post some jokes, because I wanted him to think I was funny",3,created an instagram account
I just wanted to be closer to him,3,just wanted to be closer to him
"I never want to leave my room, talk to anyone, or do anything because it all requires unreal pain and effort",3,talk to anyone
My parents were never really around and I have been on my own since the day I turned 18,3,parents were never really around
I suck at everything I try to do and I feel like I'm just a disappointment to my family,3,disappointment to my family
now im all alone,3,all alone
ever since i got attached to some dumb bitch online and discarded her i have felt empty,3,"discarded her, have felt empty"
"My girlfriend of 3 years just left me, After I found out she has slept with 7+ different guys",3,"girlfriend of 3 years just left me, After I found out she has slept with 7+ different guys"
"I just don't feel like I'm deserving of love, I can't sleep I can't eat",3,deserving of love
"As a little backstory in a junior in high school, it may sound a little silly but i‚Äö√Ñ√¥ve been in love with this girl (who also is my best friend, been indirectly friendzoned more times than i‚Äö√Ñ√¥d like to admit) since about freshman year",3,been indirectly friendzoned
"I am curious to know why someone would help me here, but let's go, I used to be a very happy and pleasant person, at some point I became a negative person and a little depressive, I believe that due to the death of my grandmother (she always took care of me and I only realized how important she was when I lost her), because of this I think I felt guilty and started to see things more negatively, after that everything started to get worse in my life, even When I feel I'm happy, it's for a brief moment",3,death of my grandmother
I have cut out friends and some extended family because I don‚Äö√Ñ√¥t want to be hurt anymore,3,cut out friends
(I hate the word soul mate)Currently in a slightly toxic relationship where I am not heard and not really given the opportunity to discuss things in detail,3,toxic relationship
"I don‚Äö√Ñ√¥t think I‚Äö√Ñ√¥ll ever actually do anything to end my life for a few simple reasons ‚Äö√Ñ√Æ my brother hung himself 4 years ago and I know how hard it was on me, my dad would be lost without me, and honestly because I have stuff in my room I wouldn‚Äö√Ñ√¥t want my parents to have to see or find (stupid I know but whatever works right)",3,brother hung himself
I shouldn't care but I do because I still love her,3,still love
"Apparently, people hate it when others talk about their suffering online",3,people hate it
My mother is so hateful in a passive aggressive type of way and I am dependent on her,3,mother is so hateful
My cat is an amazing boy and would probably be better off with someone better than me,3,better off with someone
I grew up in a poor family and I've never got to travel much,3,poor family
"I blocked everyone on Whatsapp, and now I'm completely alone and my family is worried",3,blocked everyone on Whatsapp
I'm a 16y/o teen who's been probably struggling with depression since I was 8 and honestly losing more of my will to live day by day the only way I get to be happy is when I'm a part of something huge in gaming like being the top in the game I play in but lately it makes me feel empty on the inside and frankly it's like my friends are just using me and I don't even know what to do anymore I feel like ending it all but I could never go through with it 1st time using reddit,3,my friends are just using me
"I just wanted to say that if you know someone who is depressed/lonely, call them and let them know you care, it would mean a lot to them",3,lonely
"My boyfriend was always there for me even though, at the time, my anxiety wad mainly caused by him (emotionally)",3,mainly caused by him
"Hey anyone that would like to offer some advice, I just turned 16, a little backstory to help understand me My relationship with my dad is dysfunctional, (he‚Äö√Ñ√¥s really like bipolar and makes everything my fault somehow) I have pretty much had to stand up and fend for myself all my life, the only person that did those things and helped me out (grandad) died 3 or 4 years ago",3,dad is dysfunctional
"I miss my freedom, my family, my life",3,"family, life"
I'm 18 and have never really been able to make any friends,3,never really been able to make any friends
"Lonely, crying, and wanting to scatter my brains around my room because I felt like a worthless angry fuck",3,Lonely
I know she wants the best for me but I want her to think I'm happy and to not worry about me,3,want her to think
I'm about to lose my girlfriend and that feels like the final straw,3,about to lose my girlfriend and that feels like the final straw
"I‚Äö√Ñ√¥ve been talking to my best friend on snapchat earlier, yet a feel so alone",3,yet a feel so alone
"As a kid, I never had many friends",3,never had many friends
She doesn‚Äö√Ñ√¥t need to hear all of that,3,She doesn‚Äö√Ñ√¥t need to hear all of that
"She pities me, as do all of my other friends",3,as do all of my other friends
We're in a long distance relationship and it's getting harder for me too,3,in a long distance relationship and it's getting harder for me
"However, a string of events happened where most of my friends left me to rot alone",3,friends left me to rot alone
"It's the first time I was welcome and invited by people to go out on NYE so I didn't want to lose the opportunity plus those family gatherings make me feel stupid, useless and even more depressed",3,those family gatherings make me feel stupid
I‚Äö√Ñ√¥ve been thinking about jumping off a bridge lately and leaving a bunch of goodbye letters to my friends and family I went through a really rough breakup with someone who was my first love and they betrayed me and I still miss them so I just graduated from college last month but I don‚Äö√Ñ√¥t feel accomplished I don‚Äö√Ñ√¥t feel happy anymore I don‚Äö√Ñ√¥t know who I am I‚Äö√Ñ√¥m just a depressed anxiety filled mess and I don‚Äö√Ñ√¥t see a reason for being alive anymore I am incapable of being loved and accepted I don‚Äö√Ñ√¥t belong here,3,"breakup, first love"
Has anyone gotten through this and genuinely felt like they were okay? Here's how I feel: -She broke up with me and said we're romantically incompatible,3,She broke up with me and said we're romantically incompatible
No matter how many attempts I do to explain it to my parents they actually think im an attention seeker,3,parents they actually think im an attention seeker
"I can't be around my family because I'm sick of faking my happiness, I can't be with my friends because they don't realise the extent of my depression and I always bum them out by being too anxious to say anything",3,can't be around my family because I'm sick of faking my happiness
"I really want a long hug, not just a quick one to say hello or goodbye",3,really want a long hug
now some people are trying to help me but it only makes me feel worse feeling like im a burden to them,3,people are trying to help me
Long story short: In december I talked to my mother about how I feel and that I currently don't get my shit together; Mainly work,3,talked to my mother
"When I critizied her, she started the whole ""everything I do is wrong""-bullshit and now even my father called me, who is currently in hospital because of his weak heart and told me I should start using my brain",3,"criticize her, father called me,"
So I am locked in my room with my parents calling me a moron and idiot from outside screaming at me and im begging to be left alone just pleading to be alone and they won‚Äö√Ñ√¥t let me,3,parent calling me a moron
I'm getting increasingly worried that my girlfriend sees me as a burden,3,girlfriend sees me as a burden
"I'm kind of an introvert or whatever, I like having my alone time to just be",3,I like having my alone time to just be
"It's been a year since my ex and I broke up, and yet she's still on my mind, but I mean nothing to her",3,"ex and I broke up, and yet she's still on my mind, but I mean nothing to her"
A complete nobody that never gets noticed by others,3,A complete nobody that never gets noticed by others
"I always mess things up, don't have any true real life friends",3,don't have any true real life friends
"Ultimately, I've started to notice that most people around me (friends, family, etc) whom I highly regard as a big part in my life are seeing myself as a lifeboat or a complementary support that can attend to me, throw all their dirty laundry and shit all over myself (in a physcological aspect of course) and leave like nothing happened and expect me to not care, deal with their problems and understand them in a friendly way (which I have done lately, since I'm unable to find another course of action because showing displease will seem rude) until brief moments pass, these people have new problems and come to me again to throw everything again expecting me to be as friendly as ever",3,"most people around me, friends, family"
As if being pushed around all over the place and treated as a 3rd dish is what I deserve that is according to their point of view,3,being pushed around
I am ruining the only relationship I have ever been happy in,3,I am ruining the only relationship I have ever been happy in
"I don't want to be a disappointment to my mum, I want to make her proud of me",3,I want to make her proud of me
"Basically I go from zero to asshole in seconds), no friends, etc",3,no friends
"Where do I start? No friends really, because of drama",3,No friends really
"But he never came, never said happy new year, didn‚Äö√Ñ√¥t apologize or anything so I just flipped out on him and I never want to talk to him again",3,But he never came
"Whenever my girlfriend goes clubbing with her friends I get super anxious and depressed, I mean who‚Äö√Ñ√¥s gonna tell me if she does anything? Her? Her friends? No way",3,my girlfriend goes clubbing
It seems like everyone just eventually vanishes into thin air and stops talking to me all of a sudden,3,everyone just eventually vanishes
She left me 8 months later and there is a very good chance I will never speak to her again,3,She left me
A day ago she told me she dont want anything to do with me,3,day ago she told me she dont want anything to do with me
"I always do this, my girlfriend my family my friends, how would they be affected if tomorrow I were to jump in front of a car fall off a building or overdose on pills",3,my girlfriend my family my friends
"Grew up in an abusive home, had abusive relationships, bad marriages, etc",3,"Grew up in an abusive home, had abusive relationships, bad marriages"
My boyfriend thinks I'm overreacting and I should move on from the sexual and emotional abuse I experienced for years,3,My boyfriend thinks I'm overreacting
If I talk to either my mother or my brother they will probably force me to go back home or try to change my lifestyle somehow,3,If I talk to either my mother or my brother
"Within just two days I managed to drive a close friend out with my own conflicting emotions, be hit with 4 dysphoria attacks, and continue to feel abandoned, neglected, and blatantly ignored by the people that I consider my friends",3,"continue to feel abandoned, neglected, and blatantly ignored by the people that I consider my friends"
My family literally is talking about me behind my back and it makes me feel extremely hurt and violated,3,My family literally is talking about me behind my back
Doesn't matter if she said this isn't a break up or anything it still hurts being told someone you love doesn't want anything to do with you,3,break up
"I go on Discord and see people talking about how college helped them form friends, and I remember how all the friends I met in college I ended up hating",3,how all the friends I met in college
The only things now that keeps me going is seeing my mum so determine to be happy or try to be happy,3,seeing my mum so determine
I can't take this shit anymore and need someone to chat with,3,need someone to chat with
Fuck my mother for making me this way,3,Fuck my mother for making me this way
My fianc‚àö¬© cheated on me and then broke up with me,3,My fianc‚àö¬© cheated on me and then broke up with me
Does anyone know how to be more comfortable being alone? I always end up putting so much time and effort into these crushes that don't mean anything to me,3,crushes that don't mean
All these people lying to me and going behind my back every day has made me bitter and cold,3,people lying to me
I love too much and it's hurting me because they don't love me or care for me back,3,I love too much and it's hurting me because they don't love me or care for me back
I can't tell my friends because none are close enough and even if they were,3,can't tell my friends
"Anybody feel like they just don't have anybody to just talk to? Sure I have parents and my two siblings, but I feel like im not close enough with any of them to share anything",3,have parents and my two siblings
"I don't know why but family doesn't make me feel not alone, even when my family is great and I care about them more than myself",3,"don't know why but family doesn't make me feel not alone, even when my family is great and I care about them more than myself"
I really don't care bout a lot of shit anymore I'm losing my passion for gaming me and my gf are arguing every night family having problems all this shit is just to much for me I don't wana live in a world where there's constantly shit going on people getting killed kidnapped major tragedies Im to much of a caring and compassionate person every little thing affects me,3,me and my gf are arguing every night family having problems all this shit is just to much for me I
When I used to live with my father (parents have been separated since I was born) he always taught to me to bottle it all,3,used to live with my father
I love my wife deeply and would love to help her in any way that I can,3,love my wife deeply
"Most of my friends started experimenting with drugs and alcohol, but I knew that wasn't for me",3,friends started experimenting with drugs and alcohol
I was also scared they'd pressure me into doing it with them,3,scared they'd pressure me into doing it with them
Am I surrounding myself with people who will positively influence me? Am I going to be fucked over in this relationship like the one before? What's going to happen to me I almost don't really want to find out,3,fucked over in this relationship like the one before
"My girlfriend and I went though a rough break up, I got extremely drunk and my best friend is mad at me",3,girlfriend and I went though a rough break up
"Christmas day my dad whisks me off his hands so he can spend the day alone then I'm forced to spend the next WEEK at a beach working for my family, earning money, but not enough for anything really significant, then on my birthday, all my friends are in a different city, all my family is working and I'm basically brushed off and told to be alone for the whole day",3,forced to spend the next WEEK at a beach working for my family
There's really no chance of my romantic situation ever changing though,3,no chance of my romantic situation ever changing though
"So I'm back to sitting alone with no hope, just me and my shitty brain I don't even want",3,just me and my shitty brain
no family or anything,3,no family or anything
My friends left me after I told one of them that I go to therapy,3,My friends left me after I told one of them that I go to therapy
Am I boring? Does she not want me? Am I supposed to be mad at her? Is she worth keeping? What do you people make of this?,3,Does she not want me
Just stopped talking to the few friends i had,3,Just stopped talking to the few friends i had
"I'm lying everyone even about my favorite colour, not to mention about my current mental condition",3,lying everyone
Why do I feel like crying eventhough this is just me and my stubborn ego? Am I way too rough to socialize with anyone at all? I know not many people will reply to this but it would be nice if I at least know if someone feels the same way as I do,3,way too rough to socialize with anyone at all
"Or tell you they don‚Äö√Ñ√¥t love you anymore, or that you‚Äö√Ñ√¥re not good enough for them, or they‚Äö√Ñ√¥ve found someone else, or when you want to die",3,or that you‚Äö√Ñ√¥re not good enough for them
Just ignore the lonely loser,3,ignore the lonely loser
"The woman I've been talking to is married, and on top of it, I think is close to dumping me for another side guy",3,dumping me for another side guy
"So today in particular was a very bad day, I found out that my sister's husband beated my other sister who has been suffering from severe depression and he kept on calling her degrading terms (slut, bitch ) while my other sister is watching through the car, he also broke her phone, there were some 2 pieces of shit watching that didn't do anything, he also broke her expensive phone with all the data, I'm very angry and I think I might commit a murder I can't restrain myself",3,sister's husband beated my other sister who has been suffering from severe depression and he kept on calling her degrading terms (slut
Like i have a ok life im homeless right now its not the first time i have some fake friends not first i have little family my mom died a couple weeks ago (im 14) all this stuff is bad but im kinda use to this i losted all energy to live yet i cant kill myself because i know i would hurt maybe 2 or 3 people idk anymore haha,3,"have little family my mom died a couple weeks ago, have some fake friends"
i always thought my parents were more open minded but nope,3,always thought my parents were more open minded but nope
I think she's pushing me away so I'll break it off and she can move on guilt free,3,she's pushing me away
Is there somewhere online I can go to talk to someone? I need someone I can be completely honest with and the online barrier kinda helps me with that,3,talk to someone
My boyfriend sent a text to me saying that he wishes I would treat him better and would feel better about myself,3,boyfriend sent a text
Why do I have random fucking memories? Why have I suddenly remembered the smell of her?,3,suddenly remembered the smell of her
"Last year I thought I finally got over my depression and anxiety, but then my girlfriend cheated on me, broke up with me, and told me I wasn‚Äö√Ñ√¥t good enough for her",3,"girlfriend cheated on me, broke up with me, and told me I wasn‚Äö√Ñ√¥t good enough for her"
the event was triggered by an argument we had and i know its not my fault but i also knew for a long time that i couldn't give her the help she needed,3,couldn't give her the help she needed
"I‚Äö√Ñ√¥m sick of being alone, I want people who love me",3,"sick of being alone, I want people who love me"
"she's not hateful or part of the problem or anything like that, she's just an unhelpful no-impact",3,she's just an unhelpful no-impact
I don't like talking to people about my problems,3,don't like talking to people about my problems
"i know im supposed to be happy for them, but having no one here justs makes me feel lonely and even more empty than before",3,makes me feel lonely and even more empty than before
I feel sick and dumb and have no one to talk to,3,no one to talk to
"I'm suicidal every day and I'm pretty honest about it, and today my mom was talking about how she can't deal with me anymore and I asked her not to call me a burden cause it makes me want to die more and she said ""If you want to die so badly, you should kill yourself""",3,my mom
"Well now, I still think ""they must not want to be my friend"" but instead of going home and crying about it I just kind of shrug it off",3,they must not want to be my friend
"It's been six years since someone has been romantic with me, six years since I've felt unconditional love, six years since I've felt warmth in my heart and I'm really running out of steam",3,six years since someone has been romantic with me
"In my case it's my family and especially my mother who tell me that they can't deal with me and that they don't feel good either, which just gets me down even more",3,my family and especially my mother
"i have some good friends, even if i only see them at school, and my grades arent bad either",3,have some good friends
"No one really bothered me, but no one really cared for me either",3,but no one really cared for me either
"Hi everyone! So I realized my depression is better at home, when I can be with my dogs",3,when I can be with my dogs
I can't take anymore of these lonely summers,3,lonely summers
with a bad fight between us to end even our friendship,3,with a bad fight between us to end even our friendship
"Besides the fact that a lot of people i considered friends didnt even remember , now i have reached extremes levels of my anxiety because i have to invite friends over for a party otherwise they'll think im weird or i dont want to hang out with them",3,"have to invite friends over for a party otherwise they'll think im weird, i dont want to hang out with them"
"I do know I've had close relationships, but it's usually because they didn't leave me alone and I kinda had to hang out and be friendly with them because they didn't actually give me a reason to",3,"had close relationships, leave me alone"
I had friends that tried to help but I could never get myself to stop,3,had friends
I have talked about these feeling recently with some of my mates and they all think i do have depression this also includes my EX who has tried to get me to go doctors for the last 2 years,3,my EX
I never even got her name or number but I'm so fucking lonely that I can't stop thinking about her,3,can't stop thinking about her
Girls don't want to hang out with me because I'm not a typical douchebag like almost everyone,3,Girls don't want to hang out with me
"And here I am, unable to feel strongly about him, never responding to him on time, flaking out on seeing him, constantly",3,unable to feel strongly about him
She‚Äö√Ñ√¥ll barely talk to me,3,She‚Äö√Ñ√¥ll barely talk to me
I think my slide into depression the last 6 months is from the loss of my dad as well as some other personal issues (hated my job/fallout with some friends/bad breakup) but it took 6+ months after all that for me to finally realize I needed help,3,"the loss of my dad as well as some other personal issues, fallout with some friends, bad breakup"
"‚Äö√Ñ√π The holidays come and go, and long story short, I think she‚Äö√Ñ√¥s ghosting me",3,think she‚Äö√Ñ√¥s ghosting me
"It has caused me to isolate and feel shame, and I haven‚Äö√Ñ√¥t reached out to people who once meant very much to me",3,isolate
"She's always had depression/anxiety issues, and when I go on a trip without her (which is once every 2 years maybe) she gets upset to the point where she's in a rut and can't be productive, etc",3,she's in a rut and can't be productive
"I heard her tell me ""I love you"" and I love her too, but my depression prioritizes everything in my mind, even my feelings for her so half the time she is the only hope I have and the other half she becomes this endless pit and I fall deeper and deeper",3,my feelings for her
"Today she friendzoned me and said she's staying with her boyfriend, and now I'm completely alone all over again with no friends and nobody I care enough about to live for",3,"Today she friendzoned me, and now I'm completely alone"
My boyfriend dumped me yesterday and I was very depressed and down so I asked my ex's friend if he wanted to hang out and talk,3,boyfriend dumped me yesterday
"Don't look here if you want to get better, it's just a place for loners to feel lonelier",3,just a place for loners to feel lonelier
This may seem irrelevant to depression but I‚Äö√Ñ√¥m looking for people who are gamers and have any of the platforms I ask because I‚Äö√Ñ√¥ve been trying to find decent friends and I would like to start trying again I haven‚Äö√Ñ√¥t had any luck t doesn‚Äö√Ñ√¥t have to be gaming related just preferred I I just would like to find decent friends,3,just would like to find decent friends
"I'm seeking therapy, I have great friends and family who I hear from every few days, but no matter what: I feel isolated and I just don't want to bother anyone",3,feel isolated and I just don't want to bother anyone
I'm constantly thinking about suicide and I'm steadily losing people whom I can talk to,3,steadily losing people whom I can talk to
"But, recently (like a week), I haven't been able to write anything, I haven't talked to any of my friends, and I have a ton of trouble even talking with my girlfriend because",3,"haven't talked to any of my friends, ton of trouble even talking with my girlfriend"
I really need to talk to someone ASAP I don't feel good,3,really need to talk to someone ASAP I don't feel good
She says she felt like a burden to the people around her,3,she felt like a burden to the people around her
"Please can someone help me - I am feeling particularly depressed at the moment and very erratic - my boyfriend is really worn i Out by me and I feel like he is very close to giving up - he gets upset that he has to walk on eggshells constantly because I think he will leave me , he feels emotionally blackmailed and overwhelmed - do any of you guys have any tips or tricks (CBT etc) when it comes to adapting your thought processes and behaviours to be more rational, less ‚Äö√Ñ√∫attention seeking‚Äö√Ñ√π and less imposing on your partner - I want to save my relationship as it‚Äö√Ñ√¥s going so well and is the best I‚Äö√Ñ√¥ve ever had - ps: already on 20mg of citalopram (posted about this yesterday)",3,my boyfriend is really worn i
"Anywho, my birthday is tomorrow and my family usually doesn't make a big deal about it, but since i'm turning 21 my ""dad"" seems adamant about taking me to some bar to get me drunk which I'm not too thrilled about, but he'll probably throw a fit if I say no",3,"my ""dad"" seems adamant"
I've explained this and at first people claim to understand and will stick with me but in the end they just ignore me or some stupid argument causes a rift! I'm sick of it! I didn't cause depression and physical health to happen to me,3,first people claim
I feel alone even if I have a wonderful boyfriend and good friends,3,feel alone
I don't like the girls how like me and I allways fall for the ones who don't like me back :/ When I am textkng with them it goes good for a couple of days and then they just straight up ignore me,3,ignore me
"I don't want to tell my parents, my friends, because I'm scared they'll think I'm doing this for attention, or because I'm weak",3,"don't want to tell my parents, my friends"
"I felt ignored and taken for granted, but I didn't say anything because that means I have confront one of my demons",3,felt ignored and taken for granted
"My dad has had a long history of cheating on my mom, every time though he always denies it",3,"dad has had a long history of cheating on my mom, every time though he always denies it"
"I have supportive parents which I'm grateful for, and a few friends but I'm feeling an extremely strong urge to isolate myself completely",3,urge to isolate
I have no friends no one to reach out to,3,have no friends no one to reach out to
I just feel like I can't breathe and I have no one to talk to,3,can't breathe and I have no one to talk to
"Some of my interests have changed, things physically feel different, I don't feel as invested in my relationships, and in a strange way I miss my depression because it was like a comforting imaginary friend that was always there",3,don't feel as invested in my relationships
"So today, my best and only friend, he finally gave up on me",3,"my best and only friend, he finally gave up on me"
Have a guy who will love me and cherish me,3,Have a guy who will love me and cherish me
"Usually don't like having a relationship, Never really trusted having a significant other, They always leave holes in my heart, Thought I found someone who wouldn't, Let that someone into my life, Spend time with them, Became happy, Then they gave a stupid fucking reason, and left me in the gutter",3,don't like having a relationship
"[19F] Everything I do or don't do, I feel like such a disappointment and as if I owe my parents better",3,as if I owe my parents better
I feel extremely lonely and had suicidal thoughts all day,3,lonely
I know that i wont do such a thing but the thought is not going anywhere,3,thought is not going anywhere
"I'm specifically looking for a best friend instead of friend because most of the time, people don't take online friendships seriously",3,"looking for a best friend, people don't take online friendships seriously"
"I have been having a very rough 15 months after a breakup which really shouldn‚Äö√Ñ√¥t be the end of the world, but it‚Äö√Ñ√¥s really fucked me up",3,breakup
I moved back in with my parents and have had no energy or motivation to move forward with my life,3,oved back in with my parents
"Does anyone else find that they‚Äö√Ñ√¥re suicidal only when they‚Äö√Ñ√¥re alone? I am entirely dependent on others (mainly my fianc‚àö¬©), in the sense that I can‚Äö√Ñ√¥t be alone",3,"entirely dependent on others, mainly my fianc‚àö¬©"
i guess im just lonely,3,just lonely
I have a friend who is super caring and amazing and he always supports me during anxiety crises and everything,3,have a friend who is super caring
"He has never given me reason to doubt his friendship and yet today, because he is hanging out with some other friends and didn't invite me, I asked what he was doing and although he didnt lie, he didn't tell me either (but he never said he would so I'm not saying he had to) and yet I feel like he betrayed me and can't shake the feeling that he is going to abandon me and I keep thinking he must be annoyed me and I'm just freaking out because I'm really scared of getting all paranoid about him and pushing him away",3,feel like he betrayed me and can't shake the feeling that he is going to abandon me
You know what sucks even more? Opening up to the wrong person,3,Opening up to the wrong person
"I need a sense of community, but I have trouble connecting to people out of personal shame",3,"need a sense of community, but I have trouble connecting to people"
my first relationship I was broken up with 29 days later because she said she didn‚Äö√Ñ√¥t feel like I loved her,3,my first relationship I was broken up
Yesterday afternoon I was really upset so I asked my ex boyfriend's best friend if we could hang out,3,boyfriend's best friend
He kept telling me how beautiful and gorgeous I am and eventually we had sex,3,eventually we had sex
Ever since my divorce it's been like trying to dig out of a pit,3,since my divorce
My step dad that claims he loves and cares about me hasn't taken any time out for me at all since before my divorce,3,"step dad that claims he loves and cares about me, divorce"
I feel like a loser because I do not have a group of friends,3,I do not have a group of friends
"The distance between myself and the people I know keeps growing, and it's all my fault",3,distance between myself and the people I know keeps growing
Work was my only way out of the house and I have 0 friends who would talk to me outside of work I can't go pub till next Friday when I get paid I can't go OK much longer I'm gonna relapse soon my music isn't helping,3,have 0 friends who would talk to me outside of work
I dont know if im depressed or not and i feel like i am and it's true then the pain wont be as bad with my parents knowing i have depression,3,the pain wont be as bad with my parents knowing i have depression
"I feel like I can‚Äö√Ñ√¥t take this anymore, I‚Äö√Ñ√¥m trying so hard to calm myself down but I‚Äö√Ñ√¥ve been recently stationed in Japan away from my fianc‚àö¬© and family and my fianc‚àö¬© is slowly drifting away from me and I have no friends out here and I just feel like I‚Äö√Ñ√¥ve given up and have no point in continuing, I can‚Äö√Ñ√¥t do this for a whole 2 years it‚Äö√Ñ√¥s tearing me up already",3,I have no friends
I'm not close to my family and everyone I try talking to eventually starts ignoring me,3,"not close to my family and everyone, try talking to eventually starts ignoring me"
This causes me pain because all I ever want is to socialize and keep appearances like normal people,3,socialize
He is also my only friend,3,my only friend
Recently I had a thought that our relationship started to become more romantic? I don't know if it's just my imagination,3,had a thought that our relationship started to become more romantic
"I'm straight as far as I know, also I don't feel sexually attracted to him",3,don't feel sexually attracted to him
"My closest friends are all younger than me, and 2 of the closest are 16 (don‚Äö√Ñ√¥t worry, I met them through my job, I‚Äö√Ñ√¥m not a pedophile), so I feel pathetic for being unable to make friends my own age",3,feel pathetic for being unable to make friends my own age
I feel like not even opening up to anyone anymore,3,feel like not even opening up to anyone anymore
everytime i feel like i had a special connection with someone it just fades off,3,special connection with someone
Just been feeling depressed and lonely,3,been feeling depressed and lonely
Wanted someone to talk with,3,Wanted someone to talk with
"I know what I should be doing but can‚Äö√Ñ√¥t/don‚Äö√Ñ√¥t, I‚Äö√Ñ√¥m not a child anymore and my family won‚Äö√Ñ√¥t support me forever",3,not a child anymore and my family won‚Äö√Ñ√¥t support me forever
"I texted my mom, but she's in another timezone so she won't read it until later",3,"texted my mom, but she's in another timezone so she won't read it until later"
I just want to not be alone and have to cry myself to sleep to not feel so alone at night,3,just want to not be alone and have to cry myself to sleep
"Am I the only one who feels like when ever I try to talk about my depression or just my brain in general to someone that they instantly start talking about themselves or just say that they have the same thing even when they don't? It might just be my family, or it might be me being a raging cunt but talking to people doesn't help me at all I don't want people to instantly relate to what I have to say unless they are being sincere, I want people to help me (does that qualify as using people?) it is relief when someone knows what your talking about",3,want people to help me (does that qualify as using people?) it is relief when someone knows what your talking about
It is because i used to think that I dont need friends i have plenty on the internet,3,used to think that I dont need friends
"I have lost most of those ""friends"" that i had when i said that but now i only have 2 or 3 and i am lonely and wish that i would just die but i cant bring myself to do it",3,i am lonely
He fought for custody for his 3 kids and son,3,fought for custody for his 3 kids and son
Feeling a bit lonely,3,lonely
We can chat about your shit or mine or just stupid shit,3,can chat about your shit or mine
I met a few people online last year who I thought I could talk to about my feelings,3,met a few people online last year
I√î‚àè√®‚Äö√Ñ√¥m embarrassed to tell anyone and will more than likely never tell my family,3,never tell my family
"Is there any dating site or group for people with depression? Don't think that being single is the cause of my depression or dating the solution, but having someone to share time in that way would give a sense of stability to my life",3,but having someone to share time in that way would give a sense of stability to my life
"I've always been someone who has a small circle of very close friends and not much else and I'm fortunate that my current friends are wonderful people and very supportive of me, but I still feel very insecure in my relationships with them",3,but I still feel very insecure in my relationships
"Three years ago my dad died, it hardly feels like three weeks",3,dad died
I just really need a place to hang and talk,3,just really need a place to hang and talk
"So I posted earlier about my fianc‚àö¬© being distant and acting weird and just 30 minutes ago she ended our engagement, I‚Äö√Ñ√¥m so numb and just empty and I can‚Äö√Ñ√¥t go home and see family since being stationed over seas I just feel like I want to end it",3,ended our engagement
I just kept wishing that I had someone who loved me the way they loved each other,3,just kept wishing that I had someone who loved me
"Last week I got a new phone (Pixel 2, is vewy noice), and as I was setting it up, I realized that outside of family, I had no contacts to add",3,"realized that outside of family, I had no contacts to add"
I don't know or have a single friend outside of my family,3,have a single friend outside of my family
My girlfriend would also be very upset,3,girlfriend
My family yells and screams at me because I'm depressed,3,family yells
"I have zero support, no friends, nothing but pain",3,no friends
"I lost my sister to a car accident in January 2019, then my pet of ten years just three months later",3,pet
Our relationship was the best up until the 19th of February,3,relationship
all our conversations are one sided,3,conversations are one sided
"Several times everyday, I daydream about someone walking up to me and killing me",3,daydream about someone walking up to me
I‚Äö√Ñ√¥ve been depressed for quite a while now and I just got dumped 10 minutes ago,3,just got dumped 10 minutes ago
"Me and my friends grew up together, we all have common interests, all 3 of us tried out for a team and we all made it, however, the past 2 weeks have made me feel I‚Äö√Ñ√¥ve reached the end of the line, my 2 other friends accelerated and improved sharply while I didn‚Äö√Ñ√¥t, I later learned from one of them, let‚Äö√Ñ√¥s call him A, that I could possibly could get kicked should I not improve my level, however, our friendship blew up today when our other friend, P, spread a rumor about A and I unknowingly helped spread it, afterwards, A started hating me while P got mad at me for telling him who started the rumor, so now I‚Äö√Ñ√¥m now practically friendless and about to get kicked from the team of my favorite sport, I don‚Äö√Ñ√¥t feel I can continue in this shithole of my life",3,"2 other friends accelerated and improved sharply, friendship blew up today"
I've never had a girlfriend,3,never had a girlfriend
"My best friend is literally the sweetest person ever she brought me so much chocolate and facemasks to make me happy, even if its just for a few seconds and I just can't stop crying about that",3,best friend
I'm going to die alone and uncared for,3,die alone and uncared for
my first ever boyfriend just broke up with me after confronting him about cheating,3,first ever boyfriend just broke up
I'll be homeless soon since my dad threatened to kick me out today because I'm a problem to him which he doesnt want to fix and that it's too much for him to handle,3,"homeless soon, dad threatened"
"My mom left me when I was a kid, my family deserted me, my friends stopped talking to me, my brother hates me so much and my dad wants to leave me too now",3,"family deserted, mom left, brother hates me, friends stopped talking"
i met this girl at walmart she was the cashier she was kinda smiling a little bit and i felt all warm inside why can‚Äö√Ñ√¥t i feel like that all the time now i‚Äö√Ñ√¥m back alone in my house i need a girlfriend,3,need a girlfriend
"And I can't forgive my ex for never helping me, for leaving me in a worse situation and then abandoning me after taking everything from me, after I helped him until my last cent",3,"ex, abandoning me"
"This is so cruel and death is all I can think about, because I know that I have been a burden for my family since I was born",3,burden for my family
Very painfully (for me) over the past few months I've lost my best friend,3,lost my best friend
"I still care about this person greatly, but its pretty clear thats not the case for this person Over that time period, my mental state has just gone down the drain",3,care about this person
"I've been having suicidal thoughts for the past month and I honestly dont know how much longer I can hold out, with the lonliness and the stress given for being an academic student (Canadian system) I've always been more of a lonely kid, but over this friendship I was shown how much greener the grass is when you have someone to talk to, someone that (seems) to enjoy your company, and can make you smile",3,"friendship, someone to talk to, loneliness"
"Its irony when my mom keeps bugging me like why wont I spend my time to talk with her instead of me sulking in my bedroom when everytime I talk to her,she always manage to either compare me with one of her friend's child who are far way more successful or reminds me of how much my dad not wanting me",3,mom keeps bugging me
My mom says I was a mistake and she wanted to abort me,3,mom says I was a mistake
I'm lonely,3,lonely
My dad died last month and now I can‚Äö√Ñ√¥t get these thoughts out of my head,3,dad died
I‚Äö√Ñ√¥d like to reach out to people for help but I‚Äö√Ñ√¥ve never been able to do that; I feel like I have a mental barrier and just can‚Äö√Ñ√¥t get past it to better myself,3,like to reach out to people for help
"After our conversation I started thinking about what he said and about all the people in my life that care/depend on me (my son, parents, friends, etc",3,people in my life that care/depend on me
I liked knowing that despite my decision I would die knowing I had an impact on someones life,3,impact on someones life
"I've never had anybody i'd consider a true friend really my entire life and now i'm 20, it's starting to really hurt",3,"never had anybody, true friend"
"They're always making stupid jokes and putting me down, but - shit, they're the closest people I have to real friends, and the only people I talk to on a daily basis",3,"putting me down, closest people"
I just wish someone would genuinely listen to me and care about my feelings and problems,3,someone would genuinely listen to me
I have some pretty bad depression and I've been thinking about killing myself for a while but I have a 10 month old son and I want to be here for him but my wife hates me and makes me feel like the absolutely worst peice of shit ever and when she leaves me (because I know she will) I don't think I can handle not seeing my son,3,wife hates me
She is the only woman who would agree to marry me because I'm fat and gross and have no money and the only reason she has stayed is because she knows she can treat my like shit and I wont leave,3,only women who would agree to marry me
"I‚Äö√Ñ√¥ve been referred to places that all require insurance, but I only have my parents who will not allow me treatment",3,I only have my parents who will not allow me treatment
"I‚Äö√Ñ√¥m going to die soon, I‚Äö√Ñ√¥ve broken relationships and I‚Äö√Ñ√¥m unhealthier than I‚Äö√Ñ√¥ve ever been",3,broken relationship
"Please ignore my grammatical errors And thank you if you are reading this So the thing is I am trying so hard to be happy and ignore the toxic people in life but the thing is I don't have friends, not a girlfriend",3,"don't have friends, toxic people"
This is eating me inside making me awkward around people which gives the weird vibe around people,3,awkward around people
I am anxious around people which make me a different human which make more difficult to make friends,3,difficult to make friends
There were some people in my life which I thought would stay around me so I ignored toxicity and thought it will become better but it backfired me because when I tried to talk to them about what they have done to me they turned the table around me and blamed me for all,3,people in my life
No one cares,3,no one cares
My cousin died last weekend,3,cousin died
My dad and I did not attend the funeral because he molested me when I was a kid,3,My dad and I
My family is angry with us,3,family is angry
My family is angry and I can't tell them why,3,family is angry
"I'm a burden, and my parents refuse therapy because it costs money and all they care about is money and my grades",3,parents refuse therapy
im trapped in a house with a narcissistic asshole grandma and a grandpa who just sits there and takes it,3,narcissistic asshole grandma and a grandpa
i hate it here i fucking hate my whole family and myself and i promised myself i wouldn‚Äö√Ñ√¥t cut anymore but who gives a shit anymore at least it‚Äö√Ñ√¥ll give me something to do,3,hate my whole family
"I recently ended it with my girlfriend because I couldn't stand what I was doing to her emotionally, the burden of having to deal with me day after day is exhausting and its simply not fair to ask that of her",3,ended it with my girlfriend
"I‚Äö√Ñ√¥m alone, physically and emotionally",3,alone
"Hey everyone, I have a friend who lost her brother to suicide before Thanksgiving",3,lost her brother
I guess I‚Äö√Ñ√¥ll just be alone for some more years : (,3,alone
My relationships are shit and so am I,3,relationships are shit
Friends I used to talk with constantly are now either gone or distant because I just can't keep up with them anymore,3,Friends I used t talk with constantly
I've separated from so much of my family because of my own choices and shitty habits,3,separated from so much of my family
"For years I've wanted to reconnect with the people I shut out, but I've become trapped in a self-destructive cycle where I'm too ashamed to admit my problems to the same people I just want to make proud",3,become trapped
That said my depression stems from an early age abandoment issue ( i was 4 months old when left at an orphanage),3,early age abandoment
"I‚Äö√Ñ√¥m a huge hypocrite, and I get mad over the most ordinary things that aren‚Äö√Ñ√¥t important",3,get mad
I constantly insulted him and said that he was faking depression and begging for attention,3,insulted him
What he was doing was begging for sympathy and I had no right to be saying anything because people who are depressed are more inclined to act that way,3,begging for sympathy
And now I‚Äö√Ñ√¥m the one begging for sympathy,3,begging for sympathy
"My mother is dying, my brother is in jail with schizophrenia and I have no significant other",3,mother is dying
"it almost feels like ""god""(I'm not religious but this is how I feel about things, since everything is so terrible I just start having these delusional thoughts) instead of putting something good in my life to make me want to live, decided to put something terrible to force me to be alive for longer so I have more time to suffer, almost like I'm paying for my past sins, I've always tried so hard to make my life and my family's life better but I only see it deteriorate so at this point it only makes sense to leave",3,familty's life better
"They all begin to take you for granted eventually, you can be their rock n all, it doesn't matter",3,take you for granted
Why is it this hard to make a friend,3,hard to make a friend
"i don‚Äö√Ñ√¥t have support from friends and family, the closest thing i have is my best friend saying that if i ever did it would make her kill herself too, and then her bf would, and then my pets wouldn‚Äö√Ñ√¥t have me, and it would ruin everyone else‚Äö√Ñ√¥s lives",3,best friend
Potential for her ending the relationship,3,ending the relationship
I have told her about this and we try different things to strengthen the trust again but nothing really works,3,trust again
This is ruining our relationship that was going great until this,3,ruining our relationship
"If I don't pick a side, I'll start spending more time with one group than the other because I hate changing things, and then they'll hate me",3,they'll hate me
I told my girlfriend she should move on and find someone better who actually deserves her love,3,find someone better
Occasionally someone moe extroverted will make friends with me but it always ends with them taking advantage of my kindness so i have to drop them from my life,3,extroverted will make friends
I just feel alone as hell and I need to vent,3,feel alone
"my gf broke up with me, I no longer talk to my best friend, and I have good friends, i just feel so lonely all the time, like I'm drowning, and i feel like everyone is leaving me one by one and maybe it would help if i just died now because at least there would be someone who cared",3,gf broke up
"I feel like absolute shit, i‚Äö√Ñ√¥ve been very depressed and suicidal lately and now my boyfriend broke up with me too and i get it because of his mental health and mine but it hurts so much, we still love eachother but i am scared i will lose him, i always knew i would kill myself if he broke up with me (i know i am a dumbass) and now everything else is going downhill too, i can‚Äö√Ñ√¥t do this anymore but i am too much of a coward to do it",3,boyfriend broke up
"I have him between my friends on steam and I see the ""last logged in"" day always getting more far",3,friends on steam
"But at the same time, I feel that they shouldn't have bought my grandfather along because he is getting Parkinsons disease so I don't want him to worry about me as well",3,shouldn't have bought my grandfather along
But since my mom passed away last month at the age of 50 I am not who I am,3,mom passed away
I don‚Äö√Ñ√¥t hate my parents and I do sometimes feel bad for not being close to them but I can‚Äö√Ñ√¥t ignore how I feel,3,hate my parents
Another day of nobody at home understanding the underlying reasons I do things,3,nobody at home
"I‚Äö√Ñ√¥m stuck in a terrible spot, I hate my family and now that they know I have depression (friend forced me to tell a teacher) they treat me like I‚Äö√Ñ√¥m weak",3,hate my family
Depends on how much my friends and/or family hate me when I tell them I won't be here for much longer,3,friends and/or family hate me
I spent 4 years with my ex who was severely depressed and had suicidal tendencies at his worst points,3,ex
I tried so hard to be there for him but I eventually gave up when he forced me to leave him because he knew I would be better off without him,3,forced me to leave him
And I really want to help him somehow but I just don't know how,3,want to help him
"I don't understand how he feels to be honest, since we are just so different I guess, but I try",3,how he feels
"It wasn't a very bad relationship, I just couldn't handle being in it",3,wasn't a very bad relationship
You ever break up with your gf cus you want to be independent and you don‚Äö√Ñ√¥t think you want to be with that person and you feel fine the first month and then after that it hits you that you‚Äö√Ñ√¥ll never be able to hit that ever again or see that body or talk to them every night and you contemplate on how fucking stupid you are to do such a thing and then get depressed and a couple weeks later realize you made the right choice and then the cycle keeps repeating throughout the year,3,break up
"After being alone and lonely for years, I fell in love with you",3,being alone and lonely
My boyfriend found out today and it really got to him and it made me feel worse bc i didn‚Äö√Ñ√¥t consider how he could feel if i hurt myself,3,boyfriend found out
"She wanted to be angry with me that day, she was walking towards me about to explode",3,She wanted to be angry with me that day
"I tell her it's okay to talk to me about it, it won't change anything between us but she says no",3,she says no
I'm still in love with my ex and it hurts to be separated for six months,3,still in love with my ex
I'm about to break down in tears living crammed up with annoying family can be such a drag,3,annoying family
"Reasons to not off myself; 1) my sister moved in with my for university, 2) my mother",3,mother
"My self hatred has been growing rapidly &amp; to top it off, me and my now ex girlfriend broke up the other day",3,ex girlfriend broke up
I‚Äö√Ñ√¥ve lost all my friends over the past year,3,lost all my friends
"I have no friends, social anxiety and I‚Äö√Ñ√¥ve been homeschooled since I was 5",3,social anxiety
I for some reason have a huge fear of kids around my age,3,huge fear of kids
My bf lives on 9th floor I kinda want to jump out of the window,3,bf
"I just can‚Äö√Ñ√¥t stand this life anymore because everything has been spiraling downhill like, me and my mom are on bad terms and she‚Äö√Ñ√¥s the only parental figure i have in my life",3,"mom are on bad terms, only parental figure"
"Idk I'm really struggling with my emotions this last month or so, I get really angry over the dumbest things, just had a fist fight with my brother over a little arguement , severing ties with my friends over small things",3,severing ties with my friends over small things
I am an orphan and my adoptive parent never told me this,3,an orphan
"And in my country it is a shame, an orphan usually treated very bad and deserved to be a maid",3,treated very bad
Is it possible to be overbearing to someone who might be depressed and push them away? Would sharing make him lose trust in me?,3,overbearing to someone
"Recently i had a big fight with my bff we said a lot of bad things, in a month it will be his birthday and he is going to invite other friends of him and i am so afraid they will all hate me i mean i can‚Äö√Ñ√¥t blame it i am an awful person",3,big fight with my bff
I have had a rough childhood and recently something awful happened to me,3,had a rough childhood
"My dad has ALS, my mom is stressed out to the max taking care of a husband who is a selfish unappreciative jack wagon",3,mom is stressed out
My parents deserve no sympathy,3,parents deserve no sympathy
I recently went through an abusive relationship and it caused me to be even more fucked up than ever,3,recently went through an abusive relationship
Tonight my mom got pissy over something incredibly petty which made me mad- my dad told me to just walk away before things get bad which I did- but of course my mom has to get the last words in and they‚Äö√Ñ√¥re always insults so I‚Äö√Ñ√¥ve been in my room crying for a while because everything came back up and the years of self hatred really hit hard again,3,dad told me to just walk away before things get bad
I see the guy that my girlfriend cheated on me with he laughs right at my face just a spit on my face to show what a failure I am,3,girlfriend cheated on me
Sorry for all the self loathing but I just have no one to talk to,3,have no one to talk
"How can i go about telling my best friend that I love her, just to make sure I've done everything i feel necessary? She's been the best thing to ever happen to me, and i want her to know that",3,want her to know that
I can't say I was close to him but it's just I've never had a friend die,3,friend die
"I just watched her walk to her car and leave, while I stood there an anxious mess, trying to force myself to go over to her and talk to her, say I thought she was really cute, and ask her out for coffee",3,trying to force myself to go over to her
"My mom passed away 6 months ago (cancer), my dad lives in a memory care facility (dementia), I got divorced in September and I am estranged from my crazy brother (for good reason)",3,"mom passed away 6 months ago, dad lives in a memory care facility"
I would never want to give up on my parents,3,never want to give up on my parents
And remember mom would be sad,3,remember mom would be sad
I have loving friends and family and a pretty good life but it‚Äö√Ñ√¥s like that stuff doesnt matter when all I want is for her to love me but she doesn‚Äö√Ñ√¥t she left me for him and I‚Äö√Ñ√¥ll never understand why,3,she left me for him
"It‚Äö√Ñ√¥s your average story everyone‚Äö√Ñ√¥s heard: no friends, broken family, bullied throughout elementary and high school, rough breakup, only escapes through drugs and self harm",3,no friends
she didn‚Äö√Ñ√¥t tell me she was stressed or how she was feeling and she broke up with me while i had no idea what the fuck was going on,3,she broke up with me
"Life isn‚Äö√Ñ√¥t getting better, i have tons of family issues, school for me is a struggle",3,i have tons of family issues
"Announcing that my spouse is transgender, and so is my kid, is trying",3,Announcing that my spouse is transgender
I should just give up and die cause my own father left me to this horrible fate,3,father left me to this horrible fate
I feel so bad I really got my hopes up today then nothing happened I'm in love with this girl,3,love with this girl
"I have had periods of intense depression in my life and there have been so many times when I‚Äö√Ñ√¥ve contemplated self harm, but never dared to actually take action just because I thought about how much my mom loves me and how sad she would be if I hurt myself",3,mom loves me and how sad she would be
Yesterday my brother committed suicide half the country away and I‚Äö√Ñ√¥m now on the road up to get him cremated,3,my brother committed suicide
I‚Äö√Ñ√¥ve been single for over a year now after a 5 year relationship,3,been single for over a year now after a 5 year relationship
There‚Äö√Ñ√¥s a bad situation in my group home that i‚Äö√Ñ√¥m unable to handle and they just say live with it and i can‚Äö√Ñ√¥t leave bc my parents are sick of me,3,parents are sick of me
I‚Äö√Ñ√¥m losing everyone and everything around me,3,losing everyone
Right now I still hear his voice and sense his presence even though I know he‚Äö√Ñ√¥s not here,3,"still hear his voice, sense his presence"
I'm 18 my parents constantly tell me there disappointed in me and my life is going no where and I'm a failure every time iv asked them to stop saying this kind of stuff they say they wouldn't say it if it wasn't true and I have absolutely no one to turn to and am at the lowest iv ever been in a while,3,"parents, no one to turn"
I have 0 friends,3,0 friends
"Tired of doing everything alone, having no one to talk",3,"doing everything alone, no one to talk"
why does it hurt so much? Why can‚Äö√Ñ√¥t I be happy without it? There‚Äö√Ñ√¥s this empty void in my heart that gets bigger everyday,3,empty void in my heart that gets bigger everyday
"How can I be so fucking stupid that I manage to fuck everything up? I was dating a girl, and then we broke up because I‚Äö√Ñ√¥m such a problematic fuck that she just pretends I don‚Äö√Ñ√¥t even exist anymore, and me, a stupid cunt thinks that one day I‚Äö√Ñ√¥ll feel fine and loved again haha! I really don‚Äö√Ñ√¥t wanna do anything anymore, my parents hate me, all my friends are running away from me and those who aren‚Äö√Ñ√¥t doing it are lovely and I really appreciate it",3,"my parents hate me, friends are running away from me, loved again"
"I'm 18 I want to commit suicide but I'm not brave enough I don't want to tell my parents or friends but they said I've been acting weird plus I haven't gone to class in a month and my parents know it yet my dad decides to say that I'm like this because of videogames, yesterday I smashed my phone into pieces because he called me just to blame me for that",3,tell my parents or friends
I was born in a urban family and have got a lot of traumas and hatreds duo to unfortunate childhood but I was strived to have a decent education and have tough myself a lot about psychology,3,"got a lot of traumas and hatred, unfortunate childhood"
I have a band concert today and I was excited for it because I was going to see my girlfriend there who I have not seen for a while because she has not been at school the past couple of days but she texted me saying she might not be able to go and that should not be a big deal but when ever I get bad news especially when I'm excited for something and then so one who I wanted to go with/see at something cancels it real effects my depression and right now not even self harm can help I'm questioning wether or not I should go on i would not go to the concert but I know my mom would force me to go and blame me not wanting to go on the fact my girlfriend is not going which in a way is true her not going caused my depression to start but me being depressed is why i don't want to go dealing with people when I'm depressed makes every thing worse and I don't know what to do I just can't take going on like this I need relief from the depression and anxiety I almost for got to say if thinks don't get better I'm going to use my tie to chock my self to death,3,going to see my girlfriend
"I have chronic pain that is awful the last few years, relationship problems that he won't work out with me because he chooses to be stubborn and stand offish",3,relationship problems that he won't work out with me
It's been mostly bias and loneliness with a few brief happy moments,3,bias and loneliness
"Day in and day out my family calls me a dissapointment, failure, and they wish they never had me",3,"my family calls me a dissapointment, failure, they wish they never had me"
"Everyone lies, everyone will backstab you in the end",3,backstab you
"I fucking love you, please take me back",3,take me back
"Ive been bullied since grade 1, my father used to bias me when i was young, i was lied too by damn near everyone, lost my mom in 2018, attempted on multiple ocasions, nobody ever fucking listens to me, and im finally past my tipping point",3,"lost my mom, father used to bias me"
I'm tired of seeing everyone else in happy marriages with families,3,tired of seeing everyone else in happy marriages
After that they decided that my phone was distracting me so it was confiscated as soon as I got home from school,3,they decided that my phone was distracting me
Now I get home and feel empty and alone,3,get home and feel empty and alone
"That way, my family can claim the insurance and I would be finally free",3,my family can claim the insurance
My wife passed of cancer 4 years ago this May,3,wife passed of cancer
"I'm tired of having a extremely hard life, my father used crack till I was 12, beat my mom every day, then he stopped and was still impossible to deal with, now he's on cocaine and we don't talk, my mom has another kid and another husband far, I don't have family and I live in the US alone, I work 10 hours and I don't have shiiiiit, I'm just 19 and I'm so tired u know, why does it have to be so hard, I can barely pay the rent ant eat, I'm tired of not having anyone to rely since was born, well, this is just me letting go u know, srry",3,not having anyone to rely since was born
I loved him with all my heart and soul,3,loved him with all my heart and soul
And I just want to escape this feeling of loneliness and sadness,3,escape this feeling of loneliness and sadness
"My sister has been crying saying she wants to kill herself since her mom took away her ps4 and phone over a F in asl she punched a hole through the wall and has cuts on her arm is their anything i can say or do to help her, i am really worried about her and dont want her to die please can you help me out",3,really worried about her
"I hate my life so much I would be better off dead I feel, everyday is the same and nothing in life gets better, and the few friends I have seen to not like me anymore, a lot of them don‚Äö√Ñ√¥t talk to me at all and my school friends seem like they don‚Äö√Ñ√¥t like me anymore and I found out a lot of them talking shit about me that I thought were my friends, and I already got bullied for half the year",3,few friends I have seen to not like me anymore
Canada has shit healthcare My grades are so bad and I‚Äö√Ñ√¥m disappointment to my parents,3,disappointment to my parents
I have no friends,3,"have no friends, no friends"
"I miss my girlfriend, I hate my job, I don't want to move out of my home, I'm letting others down at my volunteer work",3,miss my girlfriend
Just wondering if we could maybe find comfort in each other,3,if we could maybe find comfort in each other
"I haven't been going to my college classes, I've been overeating out of stress, I haven't contacted my girlfriend much, and I feel like killing myself is all I'm really good for",3,haven't contacted my girlfriend
"Why I don‚Äö√Ñ√¥t have any lifelong friends from elementary or middle school like everyone else does, or why I never had a boyfriend from my hometown of state",3,never had a boyfriend
Im having trouble with my wife I think the best way out is to kill myself,3,trouble with my wife
How do I get over my depression? it all started when my ex left any tips?,3,all started when my ex left
"I‚Äö√Ñ√¥m like i‚Äö√Ñ√¥m not into anything at ALL I come from a great family btw, my mom and dad love me even spoiled a little, they are a good person",3,my mom and dad love me even spoiled a little
I don't have any friends anymore,3,don't have any friends anymore
My family is shit,3,family is shit
I have really have nothing to live for,3,nothing to live for
"I won't lie, all my feelings of death were enhanced when I saw that my e‚àö√≥, my first and only love, have the time of his life with someone else",3,"my first and only love, have the time of his life with someone else"
"However, knowing that whatever feelings I felt of love were unrequited, just makes me wish I wasn't alive to see it",3,feelings I felt of love were unrequited
"I have no friends to talk with, my family doesn‚Äö√Ñ√¥t care or are too busy to care, and those people I message are too centered in themselves to notice",3,have no friends to talk
I can't forget her,3,can't forget her
"I don't have a heart, I never ever get that feeling when you like/care about someone",3,I never ever get that feeling when you like/care about someone
"My heart hurts from the pain, I wish I could just disappear, my parents have gone through so much because of me, they do so much to make me happy ,Even my siblings are jealous, I feel so guilty they have to deal with me, see their child try to kill themselves everyday, crying from depression",3,my parents have gone through so much because of me
I‚Äö√Ñ√¥m not sure why I‚Äö√Ñ√¥ve kept you around for 2 more years after we broke up,3,broke up
I was literally driving my girlfriend to this store and traffic was so insane,3,literally driving my girlfriend to this store and traffic was so insane
"Nothing i can say can seem to right the wrongs i‚Äö√Ñ√¥ve done, and i‚Äö√Ñ√¥m paying for it now by losing relationships with all the ones i love",3,now by losing relationships with all the ones i love
"Just another reason to do it, and to be honest main reason of all the bad things happening, it's better to be abandoned, rather than have a ""family"" like that, if you can even call 1 parent that hates you, and blames for everything, a ""family""",3,"it's better to be abandoned, rather than have a ""family"" like that"
"It hurts so much and the things she said about me how amazing i am and how bad she wants me to stay there, but i just cant im falling into depression again",3,she wants me to stay there
I've never felt more alone in my life than I do right now and I have nowhere to turn to anymore,3,alone
I usually spent the night at his house and we had sex a lot,3,usually spent the night
The only thing wrong in my life is my emotionally and verbally abusive father,3,emotionally and verbally abusive father
"5 years now, I feel void",3,feel void
"there‚Äö√Ñ√¥s no one to turn to, nothing left to do in this miserable life",3,no one to turn to
It hurts being alone,3,hurts being alone
It made me realize how much I still cared about her,3,still cared about her
One of my best friends recently lost a friend to suicide &amp; it is rlly affecting his mental health,3,recently lost a friend to suicide
"But of course nobody understands that one can feel exhausted from hanging with other people for a few days, so I'm the ungrateful asshole for wanting some alone time",3,exhausted from hanging with other people
New year is just another time that makes some feel a little more lonely than usual,3,makes some feel a little more lonely
"I'm spending it alone and drunk in bed, I hope you guys are doing something more fun than I am",3,alone and drunk in bed
I just stay at home all day and wonder why I'm so lonely,3,so lonely
"But at the same time, I feel alone",3,I feel alone
"And as much as I appreciate my own company, it would be nice to have someone who values me as much as I do",3,it would be nice to have someone who values me as much as I do
I'd honestly much rather sit and be depressed alone than put on a fake smile and attempt to socialize,3,socialize
"Now an again I feel so alone, empty and that I have nothing going for me",3,"I feel so alone, empty and that I have nothing going for me"
Just like most users here I'm alone I'll probably just go to sleep sometime soon,3,alone
As the new year starts i am 13 mins alone by myself,3,alone by myself
I have no close friends around,3,no close friends
"party in my house, im sitting here in my room wanting people to leave so i can just go to sleep",3,wanting people to leave
I just feel so alone and worthless and I just wish I had someone to talk to and I just wish I loved myself cause I've hated myself for the past 7 years and not a day goes by that I don't overly criticize myself,3,feel so alone and worthless
"i have no one to talk to, not only about my feelings, but just in general (for example, i spent new year's eve all alone though it is an important celebration in my country), though people my age (14) have many friends and are really sociable",3,have no one to talk to
"I pushed people away, not because I wanted to be alone, but because it was less exhausting than going out and doing stuff",3,"I wanted to be alone, pushed people away"
My family sucks and without him I would have killed myself a year ago,3,family sucks
It feels like nobody really cares about me and my feelings,3,nobody really cares
"I feel completely alone, but I'm physically not",3,feel completely alone
I need someone to relate to,3,need someone to relate to
I'm not sure which is worse: to be completely physically alone or mentally alone despite there being physical presence,3,completely physically alone or mentally alone
"Some people can get so much out of life with minimal effort, and all I can really do is lay in bed and cry about how nothing makes me feel good, how I can't enjoy anything, and how incredibly lonely and alien I feel",3,incredibly lonely and alien
I kinda just feel like I need to talk to somebody,3,need to talk to somebody
"I'm very lonely lately, I'd like to find someone who can feel like I do and help me through it all",3,very lonely
"I'd like to exchange private messages, as there's no real life people I can really turn to with my problem",3,no real life people
I feel disconnected,3,feel disconnected
My only problem is I live alone and have no friends,3,live alone
People are more social than me,3,social
"Essentially just giving him fucking money? I'm poor, I'm lonely, I'm broke despite living with my parents",3,"lonely, living with my parents"
"So now I'm lonely in college, my depression is creeping back up after years of carefree happiness, and I've taken to the Internet and video games as my safe place",3,lonely in college
Ive never felt so alone,3,never felt so alone
I don't think any one on here cares honestly I'm tired of being alone with depression and ptsd and being constantly disrespected trying to make friends,3,trying to make friends
"I have very few friends, I feel alone and helpless",3,feel alone
"I don't have friends at home really, and I guess this has me all wondering, am I just predisposed to being sad? Like if I'm only happy when I'm busy and with other people, then is my natural state of being just being a pile of shit? And does anyone else ever feel this way? I'm good as long as I'm distracted I guess",3,don't have friends
I don't think I'll ever get a girlfriend and i have a few friends who i don't see very often,3,few friends
Not in a literal context but I really do feel like I'm regaining my life from someone else's control after a decade of numbing myself from meaningful social interaction,3,regaining my life from someone else's control
"I never talked to others, I've never flirted with a woman, I don't know how to read people, and I gave everyone the idea that I want to be left alone",3,never talked to others
I just want to be hated and left alone forever so I can fucking die,3,left alone
I want a friend who always wants to talk to me and know about me or my day or whatever,3,want a friend
"I have no real friends, no one to ""lean"" on or speak to",3,no real friends
"After trying to reach out and reconnect with old friends over the course of the year, it just feels so stiff and like",3,trying to reach out and reconnect with old friends
"I'm fucking sick of it all I do is spend my days helping people with their bullshit problems and get nothing back, what's even the point and without them I just feel bored and lonely",3,feel bored and lonely
"If I try to be social, I just push people away",3,push people away
Nothing but social anxiety and depression,3,social anxiety
"I'm 24, no family and very few friends (none close)",3,no family
"Its not that fucking easy, i have no friends, my family cant care less, and my only place to vent is fucking REDDIT",3,no friends
"I have no friends in my class, my days are lonely as fuck, I dont want to wake up to go to school",3,"no friends, lonely"
Maybe I prefer to just be alone as I've been used to that now for about 4year,3,alone
"I feel lonely and unloved, how do you guys feel loved in a time of need",3,feel lonely and unloved
"I remember being carefree and happy as a child, now I dread every day due to being alone, being in my house 24/7 and having no one to talk to (doesn't help that people seem to drop out of conversations and forget I exist)",3,no one to talk to
I have no real friends,3,no real friends
i've been alone for 2 years or so,3,alone for 2 years
Everything feels so mundane,3,mundane
"I can't even fully understand it, let alone put it into words",3,alone
"I a'm a very quiet person, don't get much attention, and I spend all my time at home or at school",3,don't get much attention
"I want to socialize and build relationships to strengthen my life's meaning, but this is really, REALLY fucking hard",3,want to socialize and build relations
"The family disappointment, the one who everyone sees as the family loser",3,family disappointment
I have no one and I just want to confide in someone,3,have no one
Please I need to talk to someone,3,need to talk to someone
"texting with my ex, dreading all the calls I'll have to answer tomorrow, reflecting on all the ways 2017 sucked, and realizing how little I bring to the table as a person",3,exting with my ex
Whenever I try I end up either hating it or changing it back to the same thing and it sucks,3,end up either hating it or changing it back to the same thing and it sucks
I feel so alone in this,3,feel so alone
"But instead, I'm sick, I'm alone, I'm supposed to work tomorrow, I'm in hell",3,alone
For the last month i have been overly deppresed with no end in sight every day getting worse and worse everyday i do somthing wrong and fuck up or make one of my friends mad i dont have anyone to talk to anymore about how i am feeling because i can trust any one i had one thing that kept me going and that was god but i am starting to loose my faith i dont know what to do any more if i dint care for the people around me i would of killed my self weeks ago i just i dont know what to do and i cant hold on much longer,3,i dont have anyone to talk to anymore
It's big day for me and I feel guilty for not being happy and not wanting to enjoy it but all I want to do is to shut myself off from everyone and sleep,3,shut myself off from everyone
I remember I used to be so happy about my birthday coming up but now I just don't want to celebrate it anymore,3,birthday coming up but now I just don't want to celebrate it anymore
Just don't have friends to go out with anywhere,3,don't have friends
Just going to be lonely and nothing to do about it,3,lonely
"I'm 15, a freshmen at online school, I don't have much friends, and That's kind of the problem, but when I start feeling better I have a birthday, and it makes me feel like the deadline for being an adult is coming closer",3,don't have much friends
"I am so worried about growing up, I grew up in an extremely poor family with a single mother but the bond I have with my sister (17) and mother is what keeps me going",3,single mother
"I don't want these times to end,I am so alone",3,so alone
"I'm not good at anything, I'm ugly, I have no friends, no social life, I have no plan at all and I'm so scared",3,no social life
I started hating everyone around me because it felt like they were uncaring jerks who only looked out for themselves but I realised it was my fault,3,"hating everyone, uncaring jerks"
You keep getting lonelier until you start getting confused whether you're saying stuff in your head or out loud,3,getting lonelier
I just hope someone understands,3,hope someone understands
"Its 2018 and i see no sign of me getting a girl, i feel ashamed and embarrassed that i never managed to impress a girl in my entire life",3,impress a girl
Society despise me,3,Society despise me
"I'm scared once my boys are content and moved out I'll be more lonely, no purpose and I'll go so far down that people won't notice as I hide it",3,more lonely
"Relationships, friends (or lack of), grades, lost loved ones - whatever it may be, maybe this year was garbage",3,"Relationships, friends"
"Personally (22/M), I just spent my fifth consecutive New Years alone - sitting here wondering why I'm still incapable of making any notable friendships at what some people consider to be the best/easiest age to socialize and make friends",3,socialize and make friends
"I'm starting to loath people to such an extent that I will become fucking dangerous, mark my words",3,loath people
"And for my personal life, it has been the most bumpy year ever",3,personal life
Some people will criticise me that I'm selfish and don't care about my family,3,don't care about my family
"Another year spent completely alone, is finally over",3,completely alone
"They are old and tired dad is 60yo and mom is 58yo and I'm also so tired of everything I never had any true friends, never had girlfriend, finished crappy high school, quit college on third year because of loneliness and depression",3,never had any true friends
I‚Äö√Ñ√¥ve been feeling numb towards my boyfriend which sucks because he‚Äö√Ñ√¥s trying so hard to help and I just end up hurting him,3,feeling numb towards my boyfriend
"I have no real friends, only one that I met on a game 4 years ago",3,have no real friends
I'm also so sad because in 3 hours it's the NYE and everyone is supposed to have a good time partying and I'm staying here feeling insecure and lonely,3,feeling insecure and lonely
When I'm talking to girls that I find attractive I stutter so bad and don't make eye contact but with the rest of people I think I'm improving,3,talking to girls
I kinda think about it a lot more than I should but would things be the same? Would people miss me? Would people just be like whatever he's gone how would they go about life knowing they'll never see hear or talk to me again ?,3,Would people miss me
"im so lonley this new years all my family is out and i have nothing to do alone at home im 24 years old,what kind i do to distract myself?",3,"lonley, nothing to do alone"
"and it isn't just this, i feel like if i never made an effort to talk to any of them they would just continue to ignore me",3,continue to ignore me
"I'm a 29 year old man live alone, no friends anymore, no girlfriend just isolated and alone everyday",3,"no friends anymore, no girlfriend just isolated"
"I use to be fine with it because I was completely numb and didn't care about anything at all, now I'm no longer numb because I've stopped bad habits/addiction that made me extremely numb, so now I just feel completely alone/lonely and like the world is passing me by especially on holidays like this",3,completely alone/lonely
"So here I am, with high standards, irritable, possibly depressed, lonely, confused and wrathful",3,lonely
Nothing too extreme but detached kinda,3,detached
Spending it alone,3,Spending it alone
We moved away from family so she could finish her degree,3,family
Now with her gone I have nobody,3,have nobody
No friends or family,3,"No friends, family"
I'm all alone,3,all alone
"I see instead people who understand how empty life really is, and attempt to spread happiness and be interesting, at the most",3,how empty life really is
"I haven't talked to anyone about my life in years, I haven't had a friend like that in years and I know I never will again",3,haven't had a friend
"Basically, I'm entirely alone this year",3,entirely alone
"I really miss playing ps1 games with my best friend all day, I miss not having to worry about anything",3,with my best friend
"I feel so lost,tired,empty",3,empty
"I'm not getting into the ""who would care if I die"" discussion",3,who would care if I die
"i have been having problems with my parents for awhile as they always do something to affect my depression like putting me down every time i say im going to improve something about my life like i'm going to go out more then i get a response like this ""well you have to go out first to do that"" which makes me feel useless",3,problems with my parents
and that everyone will just leave me behind because of me,3,everyone will just leave me behind
"It's like every other lonely night of the year, but with a more urgent sense of isolation, and a sadder pit of regret inside",3,"lonely night, urgent sense of isolation"
They don't understand my diseases and I just isolate myself for weeks at a time because I have no one to turn too,3,just isolate myself for weeks at a time because I have no one to turn too
I actually feel more alone and miserable than I've felt in weeks,3,feel more alone
I feel disconnected from almost everyone and everything,3,feel disconnected from almost everyone and everything
I hate being alone,3,hate being alone
I hate being single,3,being single
Halloween is bad because you get to see how much of a loser you are and how lonely you are,3,"how lonely you are, loser you are"
Birthdays are bad because no one cares enough to remember,3,no one cares enough to remember
I am alone,3,alone
I will always be alone in this world,3,alone
"If there is anyone else who is isolated in their piece of the room, wilt thou like to talk to me?",3,isolated in their piece of the room
People just don't want me around I guess,3,people just don't want me
Just so lonely and shitty right now :(,3,"so lonely, shitty"
"It's new years, I'm supposed to celebrate with friends but all fucking alone",3,fucking alone
No one treats anyone with respect,3,treats anyone with respect
Does the feeling of emptiness ever go away? Or will I actually like myself at some point?,3,emptiness
I‚Äö√Ñ√¥m at the point where I‚Äö√Ñ√¥m past sadness I just feel empty or hollow,3,empty or hollow
Me against the world and nobody is on my side,3,nobody is on my side
And then I realized everyone around me is fake,3,everyone around me is fake
I hate my home I hate my family and I hate my life,3,"hate my home, hate my family"
I feel lonely all the time and only have a few friends,3,feel lonely all the time
"I have a few friends but they don't like me that much and I don't blame them because I'm a bad person to be friends with, I am boring, I have no distinct interests and I can't hold a conversation for more than 5 seconds",3,bad person to be friends with
Want to run away loose touch with everyone I know and vanish,3,loose touch with everyone
"I can't do this anymore, nothing motivates me, no one seems to care enough",3,no one seems to care enough
"My sister died of an overdose when I was 13, then my father passed away when I was 16",3,"father passed away, sister died of an overdose"
"It might be loneliness, grief, pain, or feeling lost",3,loneliness
Does anyone else hate venting to friends about your problems? It just feels like I'm dragging them down to my level,3,hate venting to friends
I sat in my room alone last night and watched the ball drop,3,alone
i fear i live in six month stretches/ routine bliss yields bleak obsessions/ time spent alone the aching abscess/ for now distraction disrupts the process/,3,alone
I mean complete isolation,3,isolation
The only reason I haven't is because I don't want to hurt my family,3,on't want to hurt my family
Anybody else feel like the only choice of happiness is to completely shut the world out and exist only in solitary?,3,shut the world out
"After all, your the one who wishes to be left alone and refuses to share your pain with anyone else",3,left alone
"I started feeling extremely alone for no reason, and started hugging my pillow and crying myself to sleep, two of the day of this past week I didn't sleep until at least 8 am",3,feeling extremely alone for no reason
"Just before writing this I felt a sudden overwhelming flow of anxiety (something I've not really ever struggled with) , and my stomach and chest feel like their more empty than ever, my head is about to explode",3,more empty
its not that i cant be around people id just rather be alone,3,be alone
I appreciate that he tries but I still feel overwhelmingly alone,3,alone
"I broke up with my girlfriend a few months ago and honestly, it barely affected me",3,broke up
"But after yet another lonely, boring day I realized that I'm reaching too high because nothing's gonna change",3,lonely
"I became serious with out any sign of change and now I don't care about anything, but mean absolutely anything it is what can only be described as ""detached""",3,don't care about anything
"I'm reading /r/depression alot these days and I noticed almost everyone here is feeling lonely, including myself",3,feeling lonely
I struggle with meeting new people and maintaining relationships,3,"struggle with meeting new people, maintaining relationships"
I woke up this morning after going to a New Years party last night with people that I genuinely call my closest friends sad and alone,3,people that I genuinely call
I love my friends but they don't know the real me,3,friends
") almost as a form of escapism, but know that you'll never meet them and it hurts? I personally am a huge fan of one specific band/group member, and she makes me really happy, I'm just trying to emotionally detach myself from her because I'm afraid her group is going to disband in the near future and she's going to be out of the public eye",3,emotionally detack myself from her
Why the hell do I always fall in love with them???,3,fall in love
im on year 3 on living by myself with no social life and no real family and its just too empty I've ruined my life so much,3,no real family
I‚Äö√Ñ√¥m just really lonely,3,really lonely
I feel like no one genuinely cares about me,3,like no one genuinely cares about me
I feel so disassociated with everyone and everything,3,feel so disassociated with everyone and everything
"I'm afraid that things will get worse in this year, and I'm so alone",3,and I'm so alone
"I really feel alone, like really alone",3,"really feel alone, like really alone"
"But ever since elementary school its been a same circle of talking to people, making them happy, and then them forgetting about me in the long run to the point of were I cant tell you who I can actually view as a friend or not",3,view as a friend or not
"I end up messaging people im close to, sharing too much information about myself and my mental state to them",3,end up messaging people im close to
I thought that maybe I wasnt depressed anymore but now I feel so scared and lonely and I just want it to stop,3,feel so scared and lonely and I just want it to stop
"I'm 17 if that's of importance I don't know if this is depression honestly, I'm posting here to ask: Is this something any of you find yourselves feeling? I just want to know if I'm alone here or not",3,I'm alone here
Anyway I am just tired of feeling like im wasting my life and I dont understand what makes other people actually happy,3,people actually happy
I almost don‚Äö√Ñ√¥t wanna say I‚Äö√Ñ√¥m depressed because I know that clinically I am but over the last couple months the despair I was feeling has kinda subsided a lot but now I‚Äö√Ñ√¥m falling back into a loneliness,3,falling back into a loneliness
"I also get the physical feeling that the world stops existing, and that I am isolated to my area",3,and that I am isolated to my area
"Hi! Was just with my therapist and she suggested that when depression says ‚Äö√Ñ√≤isolate yourself from your friends and family‚Äö√Ñ√¥, do the exact opposite",3,√≤isolate yourself from your friends and family
So I took a week off because I couldnt handle work anymore and started to isolate myself again,3,started to isolate myself again
"I keep getting overwhelmed by the knowledge that everyone goes through life alone - we all live in our own little worlds and sometimes we interact with one another, but I feel incredibly lonely knowing no one will ever really know how I feel at any time",3,feel incredibly lonely knowing no one will ever really know how I feel at any time
I just want to isolate myself so I can stop hurting other people,3,want to isolate myself so I can stop hurting other people
"I hate that Ive never been truly understood, and i hate that I'll never be understood",3,never been truly understood
"My girlfriend loves me, she always says I‚Äö√Ñ√¥m perfect and that everything is perfect with us, I know she‚Äö√Ñ√¥ll never cheat on me or do me wrong, but my anxiety and depression means I‚Äö√Ñ√¥m constantly thinking I‚Äö√Ñ√¥m not good enough or that she‚Äö√Ñ√¥s talking to other guys or flirting with them or dancing with guys at clubs",3,ever cheat on me or do me wrong
At that moment Im alone in a large dark room,3,alone
"My best friend doesn‚Äö√Ñ√¥t want to talk to me, I don‚Äö√Ñ√¥t deserve my boyfriend, I‚Äö√Ñ√¥m unemployed, I worked my ass for a degree and it‚Äö√Ñ√¥s fucking useless",3,best friend
A feeling of loneliness even with people around,3,feeling of loneliness even with people around
Ive been using ADD stimulant meds to cope woth my social isolation and and I finally got rid of them all a while ago,3,social isolation
I have no family but care workers come a few hours a day to care for me,3,have no family but care workers come a few hours a day to care for me
It makes me feel so lonely,3,makes me feel so lonely
"Nobody would ever talk to me, I'm isolated beyond recovery",3,isolated beyond recovery
I'm destined to remain lonely,3,destined to remain lonely
"So sometimes when I am super lonely, depressed, and bored I enjoy a lot of ""alone time""",3,super lonely
I deserve to be alone,3,deserve to be alone
I have been isolated for most of my life,3,been isolated for most of my life
I feel like I am doomed forever and that nobody will love me,3,am doomed forever and that nobody will love me
i'm going to kill myself people have ruined everything in my life for me,3,going to kill myself people have ruined everything in my life for me
Nobody cares when,3,Nobody cares when
"Almost everyday I wake up hating myself, why would I hate myself though? I graduated High School, have a loving and healthy family, have hobbies and online friends",3,online friends
"I don‚Äö√Ñ√¥t have real life friends, post secondary, a job, a car or a license and the closest family I have is 6 hours away and barely talks to me",3,barely talks to me
I know I'm not alone,3,alone
Knowing I need to learn how to like myself better and be okay to be alone doesnt help me actually get there,3,alone
"Yes, I'm lonely",3,lonely
I'm still lonely,3,lonely
"I don't take care of my appearance, I do the minimal work I need to get by and I rarely socialize with the few friends I have",3,rarely socialize
"The emptiness leads to a lack of people, activities and more, which in turn leave me feeling lonely and unfulfilled respectively",3,"lonely, emptiness"
"I feel hopeless,broken, lonely, but I still fight",3,"lonely, hopeless"
"At times I feel so lonely, like there's no one I can trust",3,lonely
Another period of apathy and emptiness setting in,3,"emptines, period of apathy"
"Supplementary information: College student, physics major; I‚Äö√Ñ√¥ve been dealing with systemic loneliness and depression for a number of years",3,systemic loneliness
"No one will care for me as an old man, because I‚Äö√Ñ√¥m incapable of caring for people now",3,incapable of caring
I‚Äö√Ñ√¥m doomed to mediocrity and loneliness,3,loneliness
"I feel like I‚Äö√Ñ√¥m screaming for help and nobody fucking hears me Nobody notices, nobody sees I‚Äö√Ñ√¥m incredibly alone Dying just sounds *right*",3,incredibly alone
"So I can maybe feel cared about, and not feel so alone",3,alone
I am at a loss and lonely as fuck,3,lonely
But I don't want someone to encourage me,3,want someone
"I want someone to sit with me and say, ""Yeah that really sucks",3,want someone
They always block me or quit talking to me,3,quit talking
I feel so helpless and lonely and unloved,3,"lonely, helpless, unloved"
"I feel worthless every day, I have no close friends, it really sucks",3,"feel worthless, no close friends"
"Countless social rejections have led me to believe that I am fundamentally broken, that no one wants to be my friend",3,social rejections
"I also feel lonely, even around friends and family which leads to me think this is depression",3,feel lonely
Now it just makes me feel so alone,3,alone
"Honestly its making me feel so bitter, it feels like no one cares enough to try and get involved with the interests which mean the most to me",3,no one cares
I can be surrounded by people but I feel so alone because I know no one cares,3,"alone, no one cares"
I know no one cares about me,3,no one cares
It seems that everyone that leaves me behind or stops interacting with me goes off and has a better life without me there,3,stops interacting
"And even if it's because of the stupidity, ignorance, or complete inconsiderance of another human, it's just NOT acceptable to exact your own justice upon them",3,ignorance
"i am empty, and dead",3,empty
"Keeping this in mind, Take care of yourself and be proactive towards seeking friendships and human connections whenever possible",3,connections
"This is a weird question, but is there someplace I can call and talk to someone before I go? I don't want to be talked out of it",3,talk to someone
I'm so scared and feel like I have no one to talk to about it,3,no one to talk
I'm afraid of reaching out to friends out of fear of them leaving me,3,afraid of reaching out to friends
"Nobody actually likes me, not a single person I know values me and has interest in me as a friend or a best friend , I just suck and I'm so easily replaced, I don't want to live anymore feeling this empty",3,"values me, feeling this empty"
i'm extremely isolated and i only ever leave the house for my (extremely tough medical) school and to get food,3,extremely isolated
"If I had been there alone, I probably would‚Äö√Ñ√¥ve jumped",3,alone
I spoke to the well being people yesterday but it wasn't any help and it 3 months waiting to talk to some one over the phone,3,talk to some one
"The day I left, I felt so free, yet I was the loneliest I‚Äö√Ñ√¥ve ever felt",3,loneliest
I don't know maybe I am alone in this but the best way to describe it is: like a fly in a contained room,3,am alone
The only way I can get any satisfaction is masturbation and afterwards I always feel disgusted with myself,3,satisfaction is masturbation
"So my school‚Äö√Ñ√¥s currently on ‚Äö√Ñ√∫winter‚Äö√Ñ√π break so everyone went back home and I‚Äö√Ñ√¥m sitting alone in my room, extremely lonely and scared",3,alone
As a kid I was afraid to be left alone in the house when my parents were at work and I‚Äö√Ñ√¥m having an exact same feeling again,3,alone
I also have other bad memories of being left alone so I‚Äö√Ñ√¥m assuming those memories are also affecting me,3,"alone, bad memories"
"There's no way that I can live life so isolated, and trapped in my own head",3,isolated
"I hate being alone all the time, I won‚Äö√Ñ√¥t even speak for an entire week because I have no one to talk to here at college",3,hate being alone all the time
"For example I'm feeling fairly rubbish at the moment, but instead of the thoughts of loneliness and inadequacy I used to get with these feelings, I now just look forward to not feeling like this",3,thoughts of loneliness and inadequacy
"Depressed as I‚Äö√Ñ√¥ll ever be, walking through life numb, detached, lonely, empty, feeling dejected, with no light at the end of the tunnel",3,"detached, lonely, empty"
"I desperately crave feeling loved and cared about, and I have the urge to talk to people I'm close to, but all I end up doing is isolating myself, depriving myself of what I want, and then feel worse",3,end up doing is isolating myself
"Hey, I've struggled hard with depression and I'm currently grieving a suicide of a loved one",3,currently grieving a suicide of a loved one
i‚Äö√Ñ√¥m tired of being belittled by so many people in my life,3,tired of being belittled by so many people in my life
I‚Äö√Ñ√¥m currently waiting for that time when my heartbreak ebbs and I can see the light at the end of the tunnel,3,currently waiting for that time when my heartbreak
I feel alone in the world,3,feel alone in the world
"I guess I need to just move on and write this girl off as what she‚Äö√Ñ√¥s presented herself to be now, an entitled, money-obsessed bitch",3,need to just move on
"I don't know what to do, my parents love me so much it will destroy them",3,love
"When I try and share something from my life, I just feel like they shrug me off or ignore me completely",3,just feel like they shrug me off or ignore me completely
I am depressed and wanna die my own family puts me down! I am trying to grow my youtube channel and nothing works! What to do? I am losing interest in all my favourite things I just wanna die!,3,trying to grow my youtube channel and nothing works
Right now I'm feeling very alone I live in a city and don't know very many people because with depression and anxiety that I haven't treated for 7 years keeps me from wanting to meet new people because out in the real world it's scary,3,feeling very alone
"I use to be more suicidal then i am now, i just feel alone",3,i just feel alone
How it's gonna impact social life (got no friends and family so probably not too much),3,got no friends and family so probably not too much
if i could get myself alone i could but i‚Äö√Ñ√¥m fortunate enough that that wouldn‚Äö√Ñ√¥t really work for me,3,i could get myself alone
"I think at this point i just need someone to talk to, to be able to convince me why it's not a good idea to just slit my fucking throat or just jump off my 3rd floor balcony",3,need someone to talk to
Honestly i'm just so tired of life &amp; just want to end it all somehow without bothering my family,3,just want to end it all somehow without bothering my family
"I can't handle the loneliness, the isolation, the constant DEMAND to work day in and day out and make money just to pay bills just to feel this fucking awful all day long",3,the isolation
I feel so alone and I want to move away and meet new people,3,feel so alone
i was on track to feeling better with my sessions with one of them but now they got fired and ive fallen back down the deep depression and self harm hole again i also have social anxiety and dont feel confident to see the therapist outside of school and i don‚Äö√Ñ√¥t feel confident talking to my parents,3,social anxiety
does anyone want to talk? im 16 f and i just need somebody to talk to who i won‚Äö√Ñ√¥t scare,3,need somebody to talk
"I keep in phone contact with my parents, but sometimes when I make a big mistake I really need someone to hug and cry to",3,need someone to hug and cry
I feel so lost and alone,3,alone
"I have just been feeling empty, hopeless and worthless lately",3,"feeling empty, worthless, hopeless"
"And, I've done what I always do, which is cut everyone off, delete/deactivate everything, go to work with a mask on every day, crying myself to sleep every single night",3,cut everyone off
All they care about just to get rid of me even tho i dont know wtf i did wrong,3,get rid of me
They always ignore me like im worse than pile of shit,3,ignore me
Having no one to talk to adds on to this anger so I en up just bottling it up and I feel like just one day I may physically hurt someone,3,no one to talk to
"It's not that I don't think anyone would miss me, it's the fact that I don't honestly care if they would or wouldn't",3,don't think anyone would miss me
"I need someone to talk about this that knows how to cope, cause everyone in my life is fucking useless",3,need someone to talk about this that knows how to cope
"It's like it knows how it makes me feel, and it knows when I'm alone",3,it knows when I'm alone
Drinking alone is never good for me but I felt like I really needed to drink,3,alone
"Anyway 2 glasses in I‚Äö√Ñ√¥m trying to find somebody to hang out with, texting all my friends that are nearby and everyone was busy",3,"texting all my friends, everyone was busy"
"I felt so lonely, painfully lonely, and I started hating on myself",3,"painfully lonely, hating on myself"
I was crying and cutting myself continuously but the sad thing it no one care at all,3,no one care
"and im just here, alone what's wrong with me? i try my best i just dont want to be alone anymore",3,dont want to be alone
I‚Äö√Ñ√¥ve isolated myself from others in order to heal,3,isolated myself
"Nothing is helping, not even talking to others",3,not even talking to others
I always feel so alone,3,feel so alone
I would know damn well that this feeling of emptiness and being suicidal will subside after this episode,3,feeling of emptiness
I feel so pathetic and like nobody cares,3,nobody cares
this loneliness is killing me inside,3,loneliness is killing me inside
I'm so lonely that I can tear up just by playing and realising I'm alone,3,alone
I want to talk to someone who understands this feeling,3,want to talk to someone
I just want someone to hug me ad cry about this shitty life with me,3,want someone to hug me
I just need to know someone is there for me,3,need to know someone is there for me
YET my cats are coddling me like no tomorrow because they can sense something is up?! What is wrong with us as human beings? Are we really that afraid of connection?,3,afraid of connection
I feel completely empty,3,completely empty
"I dont wanna hear call the helpline, because I've called several and no one gives a shit and they really dont help",3,no one gives a shit
"I might fit in more or i can talk to other people, I don't know",3,talk to other people
"People, even family have been against me",3,even family have been against me
"All of us on here are probably feeling alone and lonely and depressed and like everyone else out there is having an awesome time except us, so why don't we have our own ""party""? (In a way)",3,feeling alone and lonely
"It's all I think about when I see attractive people anymore, I just get jealous and wonder why the world is so fucking unfair",3,see attractive people
"I suspect that what I'm dealing with is a mixture of anxiety and depression, but I haven't been to talk to anyone yet",3,talk to anyone
"I can't anymore, I have no one to talk to, I'm getting tired of all this shit, they don't know, his family doesn't know Who i am, i just can't anymore, all this shit in just one week",3,family doesn't know Who i am
It was there I realized what was loneliness and being an outcast,3,loneliness
"Punch bullies in their faces, prevent broken family relationships, be better equipped for the real world, stop abusive father, have friends",3,broken family relationships
"I thought there was a small chance that I might get invited to make plans by old friends, but I should have known that wasn't gonna happen due to persisting false rumors",3,old friends
"All these fucking people celebrating for no reason, setting off fireworks, and disturbing my life and depression",3,fucking people
Goddammit it sucks so much being friends with so many fucking people and not being close to a single one of them,3,being friends
I can‚Äö√Ñ√¥t even call myself a loner because I talk to so many people at school,3,loner
But nobody ever thinks of inviting me because I‚Äö√Ñ√¥m at best a second tier friend to every person I know,3,nobody ever thinks of inviting me
"I never get signals, I've had shit luck on dating sites, no one ever approaches me, no one has ever had a crush on me, and my family are the only people that call me handsome",3,no one ever approaches me
abused in childhood never loved by anyone and jealous of everyone who isn't grateful that they're loved and appreciated,3,abused in childhood
"My mind is gone, any chances I had are gone at this point, socially I will never be successful and so what's the point? Youre depressed yeah just tell your friends and family they love you and want you happy! My family wont help me I dont have the means to help myself",3,friends and family
man i fucking hate talking to people because i just feel disgusted with myself for being a waste of space and not being able to hold a conversation i hate having friends / knowing people because they give me so much anxiety and worry that theyre all gonna gang up on me and make my life miserable,3,gang up on me
"Within the last month, she has lost her best friend and her grandmother, who she was very close with (both passed away)",3,lost her best friend
"This time last year, she was involved in an incident where she was assaulted (we were not dating at the time), and it is bringing up some bad memories for her",3,bad memories
Ive lost 2 friends so far and I think the end is near,3,lost 2 friends so far and I think the end is near
"Does that make me wrong? To feel so unloved even though they do? Even if they are the only ones, why do I feel so bad? What‚Äö√Ñ√¥s wrong?",3,feel so unloved even though they do
"I get worse whenever I see porn, since I chastise myself for not having the genetics to date and bang hot women",3,bang hot women
"I mean, it's fucking awful man, I remember I used to help people left an right, and now, I don't know, I make people cry for no good reason, I feel fucking awful, I know that I shouldn't be so mean to everyone, I know that they're only trying to help, but I only know it afterwards, I only understand afterwards that I was a huge asshole, but never in the moment, and I hate it",3,I know that I shouldn't be so mean to everyone
"More so a voice in my head that sounds very familiar to me father's that just tears me down from the inside out when I get down, and then I feel like that me being down all the time is gonna fuck up things with my fiance, she loves me and helps me a ton but I feel like I'm a burden on her and I don't like any of this",3,my fiance
In highschool and college I find everyone just ignores me,3,everyone just ignores me
I am a very hard person to love,3,hard person to love
One think i wont ever understand is my friends getting extremly sad when i mention that i want to kill myself,3,"friends, sad"
I sometimes have to look around to make sure no one heard me,3,no one heard me
"I‚Äö√Ñ√¥m frantic, I try too hard to be funny, etc",3,try too hard to be funny
"I love fictional girls though, but not in a romantic fashion",3,fictional girls
"I struggle to make real connections with people, I am so emotionally unavailable and have hurt so many people leading them on and being unable to commit to them",3,"hurt so many people, emotionally unavailable"
I just feel so lonely and just downright defeated honestly,3,feel so lonely
"Instead of being sad about my problems I laugh them off and ignore them leaving them there, instead of being too open with my friends driving them away I now have serious problems not being able to express that I care about people",3,with my friends
It hurts and I am tired of being ignored,3,being ignored
My friends all ignore and exclude me,3,exclude me
"When you cant keep up the ""im fine"" charade and realize that you have nobody to turn to",3,have nobody to turn to
I've fought the desire to end it completely so I no longer have to deal with the loneliness,3,loneliness
It's a crippling loneliness,3,loneliness
I‚Äö√Ñ√¥m always alone,3,alone
I wish I wasn‚Äö√Ñ√¥t so hard to make friends with and I just wish I was different,3,hard to make friends
"i don't care if you have to deal with your sad thoughts and shit that sucks but you're an embarrassment to me and antisocial your friends seem to have more fun with each other than with you, you're antisocial i wouldn't wanna be your friend",3,"antisocial, embarrassment"
Now of course I'm not calling them liars I just find it to hard to believe,3,calling them liars
And it really sucks you know? I wish I could be vocal about my life and not be given blank looks from everyone and turn the mood sour with my negativity,3,blank looks from everyone
I need help but I‚Äö√Ñ√¥m so embarrassed to tell anyone I have depression and idk why,3,so embarrassed to tell anyone
"I have degrees but I have no confidence, I suffer from social anxiety and I have little work experience",3,social anxiety
"I rarely answer texts and if i'm invited to go out, i either don't respond or make up an excuse",3,rarely answer texts
"my life is worth nothing, yesterday my roommate raped me and now i'm scared of him, me and my bf broke up, it's just time to end this, if i end it now i won't feel like i have anything that i might as well finish, i have set the time, 6:30 tonight",3,my bf broke up
I‚Äö√Ñ√¥ve been isolated so long I‚Äö√Ñ√¥m beginning to actually despise people,3,been isolated
I used to loathe the idea of hating all other humans but this isolation is starting to get to me,3,hating all other humans
"I can't tell anyone about how I feel, my friends abandoned me and nobody gives a crap about my feelings",3,friends abandoned me
"I would like to spend 2 weeks at home, not working or leaving the house and not interacting with anyone, without the sickness",3,not interacting with anyone
I can't even talk to anyone anymore because everyone walks around with those goddamn airpods and it makes everyone so unapproachable,3,makes everyone so unapproachable
I started having brake-downs and even wetting the bed,4,started having brake-downs and even wetting the bed
For some reason my insecurities have been super intense lately as I lay here these words keep repeating,4,my insecurities have been super intense lately
"No more suffering no more humiliation no more worrying about the future, too bad im such a coward i wanna die so bad",4,no more humiliation
I feel so defeated and worthless and that I‚Äö√Ñ√¥ll never amount to anything and that I I‚Äö√Ñ√¥m inferior to everyone,4,feel so defeated
I got biasd when I was 7 and I thought it could only get better now everyone either laughs at me and says I‚Äö√Ñ√¥m ugly and a disappointment even my parents say that,4,"got biasd, laughs at me"
Today I got made fun of got called that I look like an ugly horse and a loner by my so called friends I hate school I hate being alive what‚Äö√Ñ√¥s even purpose just to fucking suffer idk how much longer I can hold out,4,got made fun of
I also am a gymnast and seeing everyone around me be thin and look good in leotards makes me feel awful,4,feel awful
I hate myself,4,"hate myself, hate myself, hate myself, hate myself, myself, hate myself"
"I would love nothing more than to feel or do anything other than artificial emotions and automated actions, but alas must take that pill or else it will all crumble, oh and that pill, and maybe these 3 too",4,artificial emotions
I just am completely miserable and lost,4,completely miserable and lost
"I don't have any patience to sit on a chair for 8 hours every day just listening to an annoying teacher and maybe some times going to the board to get made fun of when I can't do an exercise, I get really angry, anxious, and frustrated",4,"anxious, frustrated"
"So I'm back to jobseeking once again, and experiencing incredible anxiety about telling my family about my failure, they've been really supportive of me ""taking life into my own hands"" and striving to do better with my education",4,incredible anxiety
"Probably my anxiety acting up, but also because I worry it'll only make me worse",4,my anxiety acting up
"I‚Äö√Ñ√¥m pretty anxious, so talking to people and selling things can be tough, though I‚Äö√Ñ√¥m pretty good at talking when I know what I‚Äö√Ñ√¥m talking about",4,pretty anxious
I was thinking of going to my old therapist and showing her my diary with all of my suicidal thoughts with the intention of getting hospitalised but that comes across like attention seeking and that I don't really have a desire to die,4,attention seeking
"This year has been the same as far as I can remember, feeling sad, angry, sick, but overall, tired",4,"sad, angry, sick, but overall, tired"
"I'm so anxious right now, and I just want to go back to bed and shut down",4,anxious
"At first this was heartbreaking and I went through depression, however during that time I always thought that my emotions were not nearly as strong as a normal person's would be in this situation",4,heartbreaking
"Since then I have stoped being depressed but have also stopped feeling emotion towards my situation completely, both positive, negative and even neutral emotions, I just don't feel",4,just don't feel
So I am wondering if my lack of emotion is normal or not? Is there anything I can do about it because it feels very unnatural,4,lack of emotion
"A movie or TV show might be really interesting every now and then, or a song might spark some emotional response, but then 5 minutes later I pick up a pen and everything I know about creativity goes down the drain",4,song might spark some emotional response
I've also picked 2 new scabs into my face due to anxiety,4,anxiety
"It's a small dumb thing, but I hate that job, and it seems dumb as hell to get in trouble for that",4,hate that job
People are constantly insulting me on the Internet,4,insulting me on the Internet
Im the biggest disappointment ever,4,disappointment
I just can‚Äö√Ñ√¥t Anymore and I‚Äö√Ñ√¥m tired of being an disappointment,4,disappointment
I always end up crying from frustration and wondering why I'm never good at anything,4,crying from frustration
I thought that this would numb my pain,4,pain
"All of this is just frustrating, ik the answer it's just a matter of applying myself",4,frustrating
I never tell anyone anything because I feel so embarrassed and people might not believe me but I‚Äö√Ñ√¥ve hid all this for so long,4,feel so embarrassed
I feel so sick and exhausted,4,"feel so sick, exhausted"
I‚Äö√Ñ√¥ve been trying to be a happy medium for weeks and it‚Äö√Ñ√¥s all turned to shit,4,shit
"So like many of us, I've suffered from anxiety and depression for my entire adult life",4,anxiety and depression
"I don't know why but I swell with anxiety everytime I think of the future, I feel cold and alone, I really just want it to end and I just can't see any alternative",4,anxiety
I don't have something that should worries me right this moment but I just have anxiety attacks all the time and it's all chaotic inside my head,4,anxiety
"I have both depression and anxiety so it may be more of an anxiety thing, it's hard for me to tell",4,anxiety
"A few months back I found I have anxiety and severe depression, still trying to find the right combo of meds and the right doctor",4,anxiety
My psychologist also believes I have borderline personality disorder,4,borderline personality disorder
"My severe anxiety over work, relationships, friendships, and money",4,severe anxiety
"Effects: A looot of anger, I get so irritated easily and prone to anger outbursts",4,anger
"I am so exhausted guys, i'm so tired of trying to be strong, happy and stable",4,exhausted
"I feel like my brother and sister would be too emotionally damaged or traumatised if I did it, and I don't want to cause any more pain to anyone anymore",4,emotionally damaged
I'll stay miserable as always,4,miserable
Curious as to this? I get in a bitter angry mood and come here,4,bitter angry mood
"I‚Äö√Ñ√¥m scared and mad, I think I‚Äö√Ñ√¥m just gunna get drunk off my ass",4,"mad, scared"
"And that no matter what, I'll never be truly happy, I'll only be like a stupid robot, doing and saying stuff just to make ppl feel better",4,be like a stupid robot
I have anger and emotional problems and I'm not sure what's wrong with me,4,"anger, emotional problems"
I don't feel depressed except when I have long thoughts but I know when your depressed you sometimes don't feel anything,4,don't feel anything
"I'm so miserable, I have fallen into deep dark severe depression of emotionless days that plagued me since 22",4,emotionless days
"My whole life she has talked about how my dad was always so bad because he was bipolar and didn‚Äö√Ñ√¥t take his medication so I always associated bipolar disorder to raging, abusive behavior and I‚Äö√Ñ√¥m not like that at all",4,"abusive behavior, raging"
"I'd made jokes about needing time to remember how to speak after so much tension with family, and think he may have gotten the wrong impression",4,so much tension
I‚Äö√Ñ√¥ve struggled with depression and anxiety for a very long time and it felt like things weren‚Äö√Ñ√¥t going to get any better,4,anxiety
I just want to make life a little less pathetic than what it is now,4,less pathetic
On Friday I was cleaning at work and I was getting really frustrated because I was extremely tired,4,"frustrated, extremely tired"
Then I came home very angry and had a really bad outburst at my boyfriend,4,angry
"I was at a point where I was depressed, anxious, and desperate",4,anxious
The title says it all my anxiety stopped me from going down a small waterslide and yet I have the drive and courage to kill myself there must really be something fucking wrong with me,4,anxiety
im so sick of feeling like shit constantly and I can‚Äö√Ñ√¥t handle it anymore,4,feeling like shit
I‚Äö√Ñ√¥m just so tired of feeling this way,4,tired of feeling
"So, I'm new to Reddit and mostly for the sole purpose of being a bit social and talk about my depression and anxiety issues",4,anxiety issues
"It's been a rollercoaster of emotions since then, and all I could do to keep me sane was studying and working",4,rollercoaster of emotions
once i confessed to her and i got rejected,4,got rejected
"I already had major difficulties showing interest in people, and after being rejected like this I don't know if I will ever be able to",4,rejected
"Thinking of you only causes me grief, just like everything else",4,grief
I was angry and anxious all the time and I put her through so much,4,angry
I have depression but I never told her because I don't want her to feel it was her fault or that she made me feel like a complete failure,4,she made me feel complete failure
I am so emotionally freezing,4,emotionally freezing
"every girl I've tried to get with has just used me and manipulated me to make themselves feel good, then threw me aside",4,manipulated me
My sisters are having friends over and they are just going to make fun of me for being by myself in my room playing video games,4,make fun of me for being by myself
He will never understand how much he hurts me with his words,4,he hurts me with his words
"I was psychologically abused quite severely by my parent when growing up since I was born, and it has taken such a toll on me mentally, that I'm basically just an anxious, miserable wreck",4,psychologically abused
I could hear the disappointment and anger in my father's voice,4,anger
I can identify that I am failing I am so pathetic all of my friends are just friends with me out of pity I can trust no one,4,with me out of pity
"Thoughts of suicide and all of my past failures and embarrassing moments no matter how small, are all huge and I feel as if everyone Either hates me, takes advantage of me for what little intelligence is left, or is just friends with me out of pity or to bully me and belittle me",4,"to bully, belittle me"
"As I look in the sky up at the full moon at the arrival of the new year, all that I have in me is pain, anger, hate, and suffering that this year has brought me",4,"anger, hate, and suffering"
"Everyone seems to hate me though, which leads to me hating myself even more",4,"hate me, hating myself"
"That's why even though he is physically strong, he is emotionally damaged",4,emotionally damaged
"Constant fights over nothing, their psychotic breakdowns, how the always take their anger out on me, belittle me over innocent things, fight me to the point that I have to stay in hospital for 2 weeks, and always make me feel pathetic",4,"anger out on me, belittle me, pathetic"
"But people don't want to be around the sad girl, it's draining or depressing",4,sad
I feel like these people hate me more than I hate my self,4,"people hate me more, hate my self"
I haven't cried about it and I dont plan on it but im just extremely sad,4,extremely sad
It was agonizing for me,4,agonizing
I want to hug somebody I'm so sad,4,so sad
I'll update y'all with my resolution progress if that isn't too annoying,4,annoying
"No matter what I do on the internet to distract me, there will always be something that triggers my sad thoughts",4,triggers my sad thoughts
"Im just gonna stay single, and sad",4,sad
"Cruelty can be administered through rejecting someone, but by ignoring them you take away their worth",4,"rejecting someone, by ignoring"
Those who have been unfortunately mentally wired wrong and those who have experienced some awful trauma or emotional pain,4,experienced some awful trauma or emotional pain
"i'm not happy, sad, angry, in fact i am calm just calm and respectful of my environment but i feel so ''numb'' and disconnected",4,"not happy, sad, angry, disconnected"
He always believes that there's no light at the end of the tunnel and that he'll never be happy no matter what he does,4,never be happy
"A sincere cry for help makes you an ""Attention Whore"" apparently",4,cry for help
lol I used to struggle HEAVILY with severe anxiety and my parents would belittle it until I was having anxiety attacks and even then they said that therapists were for crazy people (my parents are very traditional and care about what others could say about you),4,anxiety
That I'm unhappy with everything,4,unhappy with everything
"I have no one to vent or turn to and whenever I want something it always slips out my hands, I can't find love nor happiness and my life has been on a downspiral",4,can't find love nor happiness and my life has been on a downspiral
"And when it all came down to it, all my answers were either things that give me validation (love or praise) or things that are fun but don‚Äö√Ñ√¥t truly make me happy (talking to friends) or things that just give me comfort (staying in bed / no responsibilities)",4,"give me validation, or things"
But after a break down this fall i have been convinced i need to try it again so i will,4,break down
Just super emotional but also numb inside,4,Just super emotional but also numb inside
"I've had enough with life and I can't get to fucking sleep, I'm just lying here crying and nobody even gives a fuck about me on a daily basis",4,crying
"Sometimes, there will be a situation that she is not looking forward to (for example, she is getting her wisdom teeth out tomorrow), and she gets incredibly down and grumpy about the situation",4,grumpy
I have a feeling these past months thinking my dad will die soon,4,feeling these past months thinking my dad will die soon
"I'm a 15 year old kid, I've been putting up with lots of verbal and emotional abuse from my parents, just got screamed at again",4,emotional abuse from my parents
"So I'm kind of by myself venting because nobody really cares, I spend most of everyday just talking to myself",4,venting because nobody really cares
"She said it was an out of mind, out of sight sort of thing and she doesn't really need to tell me every single thing, that she thought I figured it out, but eventually she apologized and said that it was disrespectful of her to suddenly revert to her usual ways when she knows I'm used to the contrary",4,disrespectful
"Worst of all, I fell like I seriously disrespected the people I avoided and missed a once in a lifetime chance to know them better",4,disrespected
"For the last few years I've ben hopping in and out of depression, but recently I have stopped caring about myself, I just want to make the people around me happy so that they don't end up the same way as me",4,people around me happy
"I want to fucking fall off a high rise, I wake up and struggle to find a reason to get out of bed, I get on the bus, I cry under my arms, I get to class, I hold in my tears and put on a smile to talk to my friends, I cry in between classes, I go home, I cry, I go to bed, I cry, I'm sad as someone would be if their whole family died all the time, AND NOTHING IS CAUSING IT IM JUST FUCKING SAD",4,"SAD, cry"
"As I lay in med bed crying my eyes out because of this horrible depression, I, as always, try to call on my dog for comfot",4,crying my eyes
"Then when I am alone, I get these intense feeling of anger over miniscule and insignificant things",4,get these intense feeling of anger over miniscule and insignificant things
"Their avoidance can hurt and damage, and their ridicule can cut and bruise",4,Their avoidance can hurt and damage
"I can't be the only one putting myself down all the time? It's like when there is a brightening in the air, I find something wrong mostly with my body and I get frustrated, angry and sad at the same time",4,"frustrated, angry, sad"
"I'm having trouble falling asleep, remembering every single sad moment of my life",4,remembering every single sad moment of my life
"Whenever I feel down, i grab the bottle",4,Whenever I feel down
"Or because of guilt, your own and what others put on you",4,because of guilt
"I'm always there for people who want to talk to me when they're sad, as I've done this many times in the past, but there is no a single who I can turn to when I'm sad",4,I'm sad
At first it was just arguments over random things we disagreed on and slowly the crying episodes came on,4,crying
"If i ask to get tested, like i said they'll laugh at me",4,like i said they'll laugh at me
I bury all my emotions inside of me and its so hard to keep them contained,4,bury all my emotions
"When he told me, I got nauseous, I saw his look of sadness",4,"got nauseous, I saw his look of sadness"
I'm just feeling betrayed and hurt by someone I have always been there for and I just don't want to go through this again and again,4,feeling betrayed
i barely feel anything anymore,4,barely feel anything
Everything is just awful,4,awful
So basically for a while ive been unable to feel emotions,4,unable to feel emotions
All this has been affecting me emotionally and physically,4,affecting me emotionally
Everything I've had in life has slowly been ruined by anxiety,4,ruined by anxiety
It hurts being rejected,4,hurts being rejected
Is this depression or am I just a weak coward cause I'm not too sure,4,weak coward
All people see when they look at me is a lazy failure,4,lazy failure
"Since my middle school I've developed a ,,mask'' to hide my feelings",4,hide my feelings
"I can just say ""oh we're going to feel like complete shit for a while, then it will be gone",4,complete shit
I just don‚Äö√Ñ√¥t know why I don‚Äö√Ñ√¥t commit suicide and die Life is full of pain and misery I have done nothing wrong and I have tried so hard but i just cannot find the happiness that I deserve My Lord I ask you for nothing but my happiness,4,cannot find the happiness
"Will I ever find the ""one"" for me? This spiral of emotions I deal with on a daily basis has me emotionally numb if that makes any sense",4,emotionally numb
"No emotional pain, no excitement or happiness",4,"No emotional pain, no excitement or happiness"
Everything in the world just feels so heavy,4,feels so heavy
"Everything I do feels worthless and even though I try my hardest to make it all better, to distract myself, but I never feel better",4,feels worthless
"So many people have it so much worse than I do and it makes me feel like my emotions are invalid, and that if I were to actually acknowledge them to someone else it would seem like I'm being dramatic and attention-seeking",4,emotions are invalid
I've been emotionally unstable since last night and have been unstable all day,4,emotionally unstable
It's like a part of my inhibitions goes and my brain is too focused on task at hand to torment me with my usual existential and emotional angst,4,emotional angst
"If god is real, he hates me",4,hates me
"I've always felt like emotions are hard for me, I always smile but thats just to make other people feel at ease around me",4,emotions are hard
"At my worst, I feel like I want to fight or insult others, which is obviously not the way to go",4,insult others
I woke up early this morning in order to do research and perform a workout but ended up breaking down and crying instead,4,breaking down
"I fcking hate myself for being so fcking useless, fcking ugly and a fcking pussy",4,hate myself for being so fcking useless
"‚Äö√∫√ñ Why should I let others hate me, when I can do it best myself? :)",4,others hate me
"I want to be alone, I actually want to die right now this is unbearable, nothing happened, and nothing incredibly bad is happening to me but I'm just so fucking sad and bored and lonely and terrified",4,and nothing incredibly bad is happening to me but I'm just so fucking sad and bored and lonely and terrified
I just want to be happy,4,want to be happy
"I tried to cry today, I can't even remember the last time I did",4,tried to cry today
Why do I have to sabotage my own mind and feelings?,4,have to sabotage my own mind and feelings
"I honestly believed that I deserved all those horrible feelings and lack of happiness, but I have a better self-esteem now and I want to feel better",4,deserved all those horrible feelings and lack of happiness
"I sometimes randomly feel really depressed and sad for a few days, which seems too short to qualify as a full blown episode",4,sometimes randomly feel really depressed and sad for a few days
I can cry in fucking peace,4,cry
"I didn't understand the emotions that I was releasing at the time, and I find it cathartically spooky to listen to [this](https://instaud",4,emotions
Can there be happiness in despair? Because I think I felt it and I want to kill off any hope that's left for me,4,Can there be happiness in despair
"All the emotions i can feel are profound sadness, anger, or complete apathy",4,"the emotions i can feel are profound sadness, anger, or complete apathy"
A feeling of sadness even though I have nothing to be sad about besides normal stresses,4,nothing to be sad
I need to die so I can maybe be happy,4,need to die so I can maybe be happy
I deleted all social media from my phone but I always catch myself trying to check my instagram etc I know this doesnt make me happy cause i never see messages I literally have set dates when i can check back into the accounts what are some tips? This is prob a weird question but yea,4,now this doesnt make me happy cause i never see messages
My mind is cluttered with great amount of sadness and anxiety and when I lie down I just cant make it quiet so I stay up until morning,4,My mind is cluttered with great amount of sadness and anxiety and when I lie down
"It‚Äö√Ñ√¥s like if I‚Äö√Ñ√¥m enjoying myself heaps, like laughing with friends or watching cute animals, and realise that I‚Äö√Ñ√¥m having fun, and that thought triggers myself to say to myself that I will never be happy and this is a fleeting moment, and that thought itself acts as ‚Äö√Ñ√≤evidence that I‚Äö√Ñ√¥m depressed‚Äö√Ñ√¥ which goes back into the cycle of negativity which de-purifies whatever enjoyment I‚Äö√Ñ√¥m feeling",4,will never be happy
"it's 12am, im hungry but too scared to eat, full of self hate and want to cry but can't",4,cry
Even if I should be feeling proud of myself and all it just feels weird to feel happy,4,should be feeling proud of myself and all it just feels weird to feel happy
I feel lazy and sad and like I'm not a nice person to be around,4,"sad, not a nice person to be around"
"For me, depression has always been this suffocating apathy, and ""feeling"" isn't an option",4,suffocating apathy
"Years pass by, emotions and seasons change, sometimes life, is mystical in its ways I miss the joy of the mornings, now every sunrise brings more pain",4,emotions and seasons change
"I feel cold when I look at people, and I feel nothing towards the things that used to bring me such joy",4,bring me such joy
"My ""happy"" emotions are mainly nostalgia and excitement",4,"My ""happy"" emotions are mainly nostalgia"
"I went through some emotional shit before, I have fucked up before, but I won't act like this crap defines me or my worth as a human",4,went through some emotional shit before
"So I've been seeing a therapist for a couple of months now, and besides all the other upsides of therapy, I think my favorite and also most frustrating part is that my therapist confirmed that I am incredibly self-aware",4,frustrating
Because I already know why my thoughts are irrational,4,irrational
And that's so frustrating,4,frustrating
My therapist part of the problem is that I overthink and keep having these expectations for myself,4,expectations
Ive been struggling with depression for the last 2 years and i dont want to keep living but i dont want to die i feel very alone and sad every day and it feels like theres only one way out,4,sad every day
This is my cry for help,4,cry for help
"Oh well another day that I can't wait till it's over"" I feel empty emotionless and sad I have been feeling like this for years(4 years)",4,feel empty emotionless and sad
Ironically you cry yourself to sleep wishing someone would help you through the pain but it's never gonna be like that,4,cry yourself
I just want to stop feeling guilty and I don't know how to do that except kill myself,4,want to stop feeling guilty
I don't remember being scared or sad or numb or even considering something stupid like this,4,sad
I have been wanting to cry for a month but I just couldn't? I am so tired,4,wanting to cry
I cry in the shower sometimes so no one would ever hear me,4,cry
"I don't know what the hell makes me being sad, I just can't really be happy right now",4,sad
"I wanna cry, I feel like a struggling with self-worth, aiming for positivity, I can't do things, I feel sad, I wanna die",4,cry
I really can't see any pro in this life I am tired of crying and wheeping and whining over and over i am tired of my family my health everything about me i wish i wasnt born,4,tired of crying
"*Posting on behalf of friend* Basically I'm perpetually sad, but for no apparent reason (I work a lot at 17, but that seems normal) I think suicide is a valid option, as I would be at peace, but I do not want to commit suicide due to friends and family feeling bad",4,perpetually sad
I get stressed anxious and sad at the same time,4,sad
Honestly its just gotten really sad,4,sad
For all this pain and never ending sadness to just be over with,4,sadness
I don‚Äö√Ñ√¥t really know how I got from point a to b but i did and i feel so awful and suicide becomes a realistic feeling and temptation,4,feel so awful
"no matter what happens or what i do, i always end up crying begging for my life to end desperately in the middle of the night",4,end up crying
I‚Äö√Ñ√¥ve learned that life is fucking sad sometimes,4,sad
"I understand that pain makes you stronger but at this point I‚Äö√Ñ√¥m just numb, and I‚Äö√Ñ√¥m not learning from these setbacks",4,just numb
"I also just want someone to hug the entire night platonically, but have no one to do so with, and I feel numb when it comes to sadness, like I can't cry or anything or if I do, its just a few tears and I have no clue why",4,feel numb
"I feel so stupid for feeling like this, I‚Äö√Ñ√¥m lucky enough to (it appears so far) gotten past the darkness that defined my teens and early adulthood, and I have this sick lust to feel it again? It also come with this constant creeping fear that this ‚Äö√Ñ√≤ok‚Äö√Ñ√¥ness I‚Äö√Ñ√¥m feeling now is a facade, that soon something will happen and I will fall back into my old state instantly",4,feel so stupid
"I can‚Äö√Ñ√¥t talk to anyone I know about it because I‚Äö√Ñ√¥m pretty sure I‚Äö√Ñ√¥m gonna sound insane, so I guess I‚Äö√Ñ√¥m asking you guys",4,sound insane
I wouldn't stay in bed and cry all day about how much I just want to disappear,4,cry all day
"I‚Äö√Ñ√¥m not sure if I‚Äö√Ñ√¥m subconsciously looking for help, or just attention",4,just attention
I would delete it along with my search history as I would hate for someone to view it and be concerned,4,hate for someone
I feel sad for myself when I see a couple walking holding hands or kissing,4,feel sad for myself
It almost hurts,4,almost hurts
It doesnt help that it feels like everyone god damn hates me,4,feels like everyone god damn hates me
"What kind of feedback (or perhaps lack of) are best when someone is self deprecating? To disagree, to give alternatives, to change subjects? I don't hope to invalidate a feeling or pretend like it isn't significant or impactful",4,don't hope to invalidate a feeling or pretend like it isn't significant or impactful
"But the last thing I want to do is talk to a stranger about my feelings or not wanting to go on, feeling hopeless, and just fed up",4,feeling hopeless
"It's been anout 5 days since this sadness hit me, and all I've wanted to do is sleep",4,sadness hit me
"I feel so low, I feel like I am never good enough and hopeless at everything",4,feel so low
I have so much thoughts built up Inside me but there‚Äö√Ñ√¥s no one I can trust who won‚Äö√Ñ√¥t judge or complain about what I have to say and every time I hold this stuff in I end up having a big breakdown but if I tell someone I usually regret it,4,having a big breakdown
I honestly am happy for them but when I stew over it for a while and just feel bad about my own situation,4,just feel bad
"I feel empathy so hard, because of the severe depressive episode I went through a few years ago",4,feel empathy so hard
I'm so god damn alone and I feel guilty that people care about me,4,guilty
I'm using an alt because earlier this month someone went through my post history and harassed me for posting here,4,someone went through my post history and harassed me
"It seems like every person on this website is an aggressive, closed-minded asshole",4,every person on this website is an aggressive
I am going to be a 29 year old friendless virgin,4,friendless virgin
"I felt like she was emotionally abusive, so I left",4,she was emotionally abusive
"I been bullied throughout my life, ignored, look down upon, and even laughed at for being stupid",4,"bullied, ignored"
"People I try to talk to at school just ignore me or talk to my so called friends around me who also ignored me, and it just makes me filled with rage, sadness, and envy",4,just ignore me
"My life has been constant ups and downs, from abusive parents and partners, to self sabotage and circumstances out of my control that almost ruined my life",4,abusive parents and partners
They either pity me or ignore me like the plague,4,pity me
Being emotionally and verbally abused by my sister,4,Being emotionally and verbally abused
Letting guilt numb me till I can't feel anymore,4,guilt
Im an idiot i‚Äö√Ñ√¥m an idiot idiot idiot idiot idiot i‚Äö√Ñ√¥m an idiot an idiot idiot idiot,4,an idiot
"Hi, I wrote a text about depression, anxiety and stress and really want to share with you",4,anxiety and stress
"Hello, I'm 19 yo and I'm 5 years thinking I'm a burden to everyone, I got bullied for several years due I'm the lower of all my ""friends""",4,m a burden to everyone
"I‚Äö√Ñ√¥m socially anxious, I guess that‚Äö√Ñ√¥s the point",4,socially anxious
I have an intense hatred towards women but I like a very small number of them,4,intense hatred towards women
I hate romance more than anything,4,hate romance
"Having this constant feeling of being judged, mocked, persecuted against, glared at, being the one in others way, being talked about",4,"constant feeling of being judged, mocked"
I think I get misinterpreted a lot,4,get misinterpreted
I don't feel good,4,don't feel good
I‚Äö√Ñ√¥ve been suffering from depression and anxiety since like 8th grade,4,anxiety
"I don‚Äö√Ñ√¥t find the right one and I let the ones that do become attracted to me abuse me, and hurt me mentally",4,"abuse me, hurt me mentally"
"My Step-Grandmother, who has been extremely abusive and toxic to myself and my Mother all of our lives got diagnosed with cancer last year",4,"extremely abusive, toxic"
"She is still extremely abusive and no matter how much I help out, she still abuses me and it‚Äö√Ñ√¥s never enough",4,extremely abusive
Before he passed she was still extremely abusive,4,extremely abusive
Does it make me a bad person for wanting her to die so we can finally be at peace? I have struggled with severe depression and anxiety since a very young age and this on top of it all has been VERY hard on me,4,anxiety
"How do you treat someone so badly and yet maintain such a great image of yourself? How do you live with it? Especially if you're hurtful to a person, but then later act as if nothing happened?",4,hurtful to
The first few times hurt my ego but I recovered,4,hurt my ego
"When my ego dies, will it take me with it? It's a selfish creature",4,ego
It throws tantrums,4,throws tantrums
It lashes out when it's made to feel small,4,made to feel small
Tonight is the night my ego will die,4,ego
Putting you out of your misery,4,misery
Right now it‚Äö√Ñ√¥s 2 in the morning and I have to go to work in 3 hours and I‚Äö√Ñ√¥m crying my eyes out,4,crying
No one will cry,4,cry
The next morning he threatened me,4,threatened
"I was scared he was going to do what he did to me to another little girl, and so I finally reported my bias to the police nearly 6 years after it had ended",4,bias
I cried with pain and satisfaction that I will be leaving this earth then the shower curtain rod in my bathroom broke,4,cried with pain and satisfaction
i hate myself for being so selfish and lazy and shy and anxious and depressed,4,"selfish and lazy and shy, hate myself"
", is therapy really best for me? would therapy be helping me become less stubborn and more open-minded? 4) for those who have gone through therapy, was it relieving to finally have the official diagnosis? 5) again, for those who have gone through/are going through therapy, what's the biggest change you've seen in yourself? it can be good or bad",4,"less stubborn, more open-minded"
"Fat, useless ,uneducated, LAZY I‚Äö√Ñ√¥ve never felt this empty and emotionless, Today I didn‚Äö√Ñ√¥t even smile once all I could feel was I‚Äö√Ñ√¥m exhausted and kept staring off into blank space I don‚Äö√Ñ√¥t understand why My brain has decided I don‚Äö√Ñ√¥t deserve dopamine or Serotonin",4,useless
I hate myself and everything,4,hate myself
I feel utterly worthless and stupid and I don't know why,4,worthless
I‚Äö√Ñ√¥m worse than everyone else no matter what I do,4,worse than everyone
"I don‚Äö√Ñ√¥t have any positive thoughts about myself what so ever, I‚Äö√Ñ√¥m also very hard on myself and I punish myself in a way I shouldn‚Äö√Ñ√¥t",4,very hard on myself
i hate myself,4,hate myself
"What should I do? I hate myself, I don't have friends anymore and I hate my life",4,I hate myself
I've lost my motivation to go on,4,lost my motivation
"I'm not special, unique, important, smart, helpful, or human in any sense",4,not special
"Nothing for me, nothing in me",4,nothing in me
There is utter absence of meaning in my day to day life,4,absence of meaning
"Waking up doing the same thing every day, lie in bed for hours, watch some series or game, feel like shit every time I eat, thinking about how things could've been so much better if things went differently",4,"feel like shit, lie in bed"
Alone because of a lack of self confidence ‚Äö√ú‚Ñ¢√î‚àè√® Not being able to give nor receive love and affection ‚Äö√ú‚Ñ¢√î‚àè√® Feeling of being unwanted/undesired ‚Äö√ú‚Ñ¢√î‚àè√® Loss of self confidence intensifies ‚Äö√ú‚Ñ¢√î‚àè√® Isolation : no more opportunities to meet new people ‚Äö√ú‚Ñ¢√î‚àè√® Depression ‚Äö√ú‚Ñ¢√î‚àè√® Feeling of being worthless ‚Äö√ú‚Ñ¢√î‚àè√® Not achieving anything : ashamed of yourself Ô£ø√º√Æ√á,4,lack of self confidence
Normally it's the bathroom because it's the smallest room and my brain hates me,4,hates me
Even when I type this I get a boost of happy from my brain to tell me I'm a fucking liar idiot but if I delete it I would feel even stupider for wasting my time so I'm going to post it anyway,4,fucking liar idiot
Before I just feel down for a week or two and it go away but now I'm having random crying attacks for fuck all I know everything feels muted and I just don't have the motivation to care about anything to much,4,everything feels muted
Im a senior at highschool and Im very unmotivated to even try and study but I do want to succeed,4,very unmotivated
I can be getting good grades if I put a little effort into studying but Im just not motivated,4,not motivated
I'm not needed yet I was born and want to exist,4,not needed
I feel like I‚Äö√Ñ√¥m in hell,4,feel like I‚Äö√Ñ√¥m in hell
"""People interrupt me because I'm a wimp",4,I'm a whimp
"Which makes me feel worse and more worthless, and I'd rather be gone than do another year of this, I don't see my life getting much better",4,worthless
"I don‚Äö√Ñ√¥t expect anyone to comment and give me any sort of resolve, but I honestly just needed to vent this out because I‚Äö√Ñ√¥m a pathetic human being",4,pathetic human being
"Hi, do any of you have practical advice and methods on how to overcome fear? There are some things I have to do which, when I try to start them, cause me to have this intense freezing fear",4,overcome fear
I feel bored and scared,4,scared
Scared that I lost my mind and will never be normal again,4,lost my mind
"I spend my days crying and listening to music, and I don't want to be like this forever",4,spend my days crying
I truly wish I was never born,4,wish I was never born
And I sat at home and cried,4,sat at home and cried
"But, God, sitting around the house sucks",4,sitting around the house sucks
fuck idk why I‚Äö√Ñ√¥m posting this but I‚Äö√Ñ√¥m feel so tired and worn and broken,4,feel so tired
I've been sleeping more and waking up later than I have been for the last few months,4,sleeping more
idk what to do!!! I feel so ashamed!!! It`s not the first time doing something really stupid while depressed but this is just a small inane stupid thing i did wich can have big consequences for my stupid shitty life,4,feel so ashamed
"Ultimately my whole life feels like I squandered it and wasted myself when others could've capitalized and lived a happy, fruitful life while my depression and anxiety rules who I am to this day",4,wasted myself
A reminder of how fucking depressed and hopeless I am compared to the rest of my family members,4,hopeless
I am worthless,4,worthless
I am a nerd,4,nerd
I have alienated myself,4,alienated myself
I've been absolutely miserable and unwanting to do anything in the past week,4,unwanting
I‚Äö√Ñ√¥ve now got a house to pay for but I can‚Äö√Ñ√¥t not work but the thought of going back makes me sick! I left the last job over anxiety I can‚Äö√Ñ√¥t do it again,4,anxiety
"Been having on and off waves of depression since 10th grade and just a total, consistent lack of motivation to put effort into anything",4,lack of motivation
New Year's Eve drank myself unconscious and now I'm back to my depressed self and self harming again,4,self harming
"I‚Äö√Ñ√¥m in a poor mental state, my mind is shrivelled and I want to hide forever",4,hide forever
"I am always tired, no matter how much sleep I get",4,always tired
I have so many bad habits and unhelpful coping mechanisms,4,bad habits
I hate feeling inadequate all the time,4,hate feeling inadequate all the time
I just feel empty,4,just feel empty
"It's starting to take me hours to get out of bed, and my motivation is slipping away",4,motivation is slipping away
"But, I am not at peace, for if I were, I wouldn't have such feelings of my own insecurities and self loathing",4,"insecurities, self loathing"
I‚Äö√Ñ√¥m just a better person and not a little bitch I need help why can‚Äö√Ñ√¥t I just remove the insecurities from my life and just live my life please just help me,4,just remove the insecurities from my life and just live my life
"i‚Äö√Ñ√¥ve always been the type to be super unmotivated when doing things whether it‚Äö√Ñ√¥s my ‚Äö√Ñ√∫hobbies‚Äö√Ñ√π or school and super introverted and not confident at all, but last year i joined a pageant and it really brought my confidence up for a while",4,unmotivated
"i really dont want to sleep tonight, for mood swing reasons (and for schoolwork too)",4,mood swing
"I‚Äö√Ñ√¥ve been depressed ever since I‚Äö√Ñ√¥ve been old enough to understand it, I‚Äö√Ñ√¥m scared of the future and of anything I don‚Äö√Ñ√¥t know hence my anxiety, when my girlfriend goes out, I get anxious, when my friends tell me they have something to tell me, I get anxious",4,scared of the future and of anything
I‚Äö√Ñ√¥ve let my home be turned into a hovel because I cannot find the motivation to clean,4,motivation to clean
"I sometime feel great and productive in the morning and when I‚Äö√Ñ√¥m about to leave home, I get this very down feeling forcing me to overthink about my appearance, my life, my education",4,get this very down feeling forcing me to overthink about my appearance
"Then this morning came around and I laid in bed for a good 2 hours before convincing myself to take a sick day and be alone with my thoughts (working from home wasn‚Äö√Ñ√¥t an option today) I‚Äö√Ñ√¥ve been home all day just dotting between Reddit, naps and the Xbox recharging my batteries but everyone close to me has tried to contact me to see that I‚Äö√Ñ√¥m ok and ask if I want to be visited",4,laid in bed for a good 2 hours before convincing myself to take a sick day
"I can't get motivated to do what I need to do at work, and when I do, I have terrible anxiety that I'm going to fuck something up and get fired",4,can't get motivated to do what I need to do at work
Most of the mess was me just not doing laundry,4,Most of the mess was me just not doing laundry
""" I won't be able to do fucking anything",4,won't be able to do fucking anything
"Me, I'm nobody",4,I'm nobody
I bully people because of my own insecurities,4,bully people because of my own insecurities
"I have no motivation to do anything, I'm getting so easily frustrated at everything, I resent my parents, and overall I just feel like I'm going to waste my life",4,"no motivation, frustrated"
I'm just a disappointment to everyone,4,disappointment
If I'm not smart I'm not worthy of living,4,not smart not worthy
The work is just piling up and I cry in class almost once a week it seems,4,cry in class
It's so close! Bc of depression &amp; anxiety it's really really hard to motivate myself to do things,4,hard to motivate
I don't like myself,4,don't like myself
"I know that I shouldn't be ashamed of them, but I often feel that way",4,ashamed of them
"Failing half my classes, same as last semester, going to drop out of college at the end of the semester with no life direction, no ambition, no motivation, no desires, dreams, will to live",4,"no ambition, no motivation, no desires, dreams, will to live"
Seriously what‚Äö√Ñ√¥s the point anymore of trying? I know I‚Äö√Ñ√¥m a burden and I know people don‚Äö√Ñ√¥t like me,4,burden
I know you people are much older and have to deal with way worse problems but when your a goddamn 5th grader life shouldn't make you feel like your worthless,4,worthless
"Feeling helpless, no motivation, angry, no confidence",4,"no motivation, no confidence"
I haven‚Äö√Ñ√¥t been eating properly and have very little motivation to do anything,4,very little motivation
"I just feel lost, depressed, numb, want the stress to go away, even for a moment",4,"just feel lost, depressed, numb"
It's making me feel worthless,4,feel worthless
"While this was happening, while my car was sliding towards the edge of the road I didn't feel any fear or anything",4,feel any fear
They tell me to kill myself every time I achieve anything and I am exhausted,4,I am exhausted
"I don't know if I'm overreacting or if I'm just a struggling with self-worth, aiming for positivity that should go die in hell",4,overreacting
"Crying, freaking out, insomnia, and the feeling of staring into a black hole of hopeless nothingness",4,"freaking out, insomnia"
"Well I did my self-care and took an emergency xanax, I've been drinking chamomile and letting the crying come when it comes",4,crying
When I'm not actually crying I don't feel a god damn thing,4,crying
"I have absolutely no motivation, I sleep or nap or am zoning out all the time",4,no motivation
Every day I wake up sad,4,wake up sad
"It seems like they just see it as laziness, even though there's nothing I wouldn't do to feel 'normal' one day",4,they just see it as laziness
Why should I ever leave my house? Work is not a suitable answer because I dont have to and will rather throw myself off a high building before I have to do that again,4,will rather throw myself off a high building
In these moments I remember that I'm a useless waste of life,4,useless waste of life
"I can't even really identify anything I'm scared of, I just feel like my body is having a biological reaction and is creating tension",4,scared of
"There was no hope, I was just delusional",4,no hope
I'm tired and weak,4,tired and weak
I hate my life,4,"hate my life, hate my life, hate my life"
I hate myself for it,4,hate myself
My mindset changed and I looked back at myself and couldn‚Äö√Ñ√¥t believe the thoughts I had and was scared how bad I was,4,scared how bad
"Yes, be considerate of your boyfriend, who cares about ugly useless me",4,useless me
I might be one of the mentally worst person here,4,worst person
These thoughts scare me and they're occurring more each day,4,thoughts scare me
I hate the way i look,4,"hate the way i look, hate the way i look"
This is why I have very low self esteem and another reason why I'm depressed,4,low self esteem
I was so scared and had no idea what to do that I called 911,4,scared
I have no motivation to do anything right now,4,no motivation
"I love to read and have been thinking about starting a blog for book reviews, which is something I'm still interested in, but I have absolutely no motivation to pick up a book or do anything except sleep or watch mindless TV",4,no motivation
Last time I was nowhere near as depressed as I am now or maybe I was and just didn‚Äö√Ñ√¥t realise but I lost tonnes of my hair just before starting college and it destroyed my confidence and self esteem,4,lost tonnes of my hair just before starting college and it destroyed my confidence and self esteem
At times I want to give up because I'm so tired of facking and fighting the demons in my head,4,demons in my head
"I'm not a believer of anything spiritual or supernatural, but it truly does feel like I was cursed with bad luck or some shit",4,"bad luck, cursed"
I feel like I'll just constantly have bad luck in life,4,bad luck
It makes me lose excitement in things I'm actually excited for because I'm just in that mindset that it'll go wrong because of my bad luck,4,bad luck
"Again, I don't believe in karma or the supernatural or anything, but this shit really makes me question it",4,"supernatural, karma"
i hate myself so much,4,hate myself
i lost all my interests in everything but i hate doing nothing and i just want to go away,4,"lost all my interest, hate doing nothing"
It feels like I‚Äö√Ñ√¥m in a different realm/world now because of mental illness which is primarily depression and dissociation,4,different realm/world now
I'm an 18 male and I'm very confused about life as a whole,4,confused about life
Just makes me feel stupid,4,makes me feel stupid
"I dont have anyone to talk to and it feels like its a deep void filling inside me and it saps my motivation and happiness, I cant even get out of bed anymore",4,saps my motivation and happiness
I feel so neglected and abandoned by everyone,4,feel so neglected
I feel worthless,4,feel worthless
im losing myself,4,losing myself
but nobody likes me,4,nobody likes me
Going out makes me anxious and being at home is driving me nuts,4,anxious
"I feel alone and scared of the world, scared of myself",4,feel alone
To keep things short I hate my life and wished I could kill myself but i cant,4,hate my life
But I can't do it cause I'm a pansy,4,a pansy
Wondering when this inner pain and struggle will end? Every appointment I have gone to has resulted in nothing but disappointment,4,inner pain and struggle will end
"It feels like boredom, but I know I can't help it",4,feels like boredom
"In addition of making this last 5 years of my life hell, now I don't even feel anything when an event as sad as this happens",4,don't even feel anything when an event as sad as this happens
"I've hated myself my whole life, and I've tried killing myself multiple times",4,hated myself my whole life
doesn't matter if i don't freak girls out by being a pushy creepy person,4,pushy creepy person
I'm still a shitty person who deserves nothing and no one,4,shitty person
i dont wanna live on this shithole of a planet anymore,4,shithole
"I'm also really self-obsessed and ungrateful, I'm realising",4,"self-obsessed, ungrateful"
I want someone to hold me and prove me wrong and tell me that I‚Äö√Ñ√¥m valued and not worthless,4,worthless
"When I‚Äö√Ñ√¥m alone, all I have are shitty thoughts and memories that tell me how worthless I am",4,worthless
Hit a new low kinda miserable,4,miserable
Even though some of my friends tell me otherwise I still feel guilty of what I've done and unworthy of everything,4,unworthy
I went to a New Years Party last night with some people I hadn't seen in a while and I felt so out of place the whole time,4,felt so out of place the whole time
i cry waking up and going to bed every day hating myself and wishing i could re do everything,4,hating myself
I feel worthless and like a burden and I just wish I could find the motivation to get out of bed in the morning without bothering them,4,"worthless, burden"
"So, I'm blocked in a useless, never stopping suffering circle, because of the demotivating thing keeping me from completing something",4,"I'm blocked in a useless, demotivating"
I'm so fucking tired of being treated like shit,4,tired of being treated like shit
My parents and brothers talk shit about right in front of me,4,My parents and brothers talk shit about right in front of me
"While I'm back in control of my life (sort of), I feel like I damaged my reputation beyond repair, am mortifyingly embarrassed by my actions, and now feel so behind in life",4,feel like I damaged my reputation beyond repair
"In the past two weeks, I haven't spoken to a soul",4,I haven't spoken to a soul
I just wish that i was never born in the first place,4,never born
It's been so long now that I've felt like an entirely useless waste of space,4,"useless, waste of space"
My mom says I cant work and controls my life,4,controls my life
I've lost motivation to do even the smallest simplest things,4,lost motivation
"So Since I'm a problem, a number, a worthless person I'm doing myself a favor Since nobody wants to help me not even God or Jesus christ So be it",4,worthless person
We ended up arguing and he told me I was spoilt and I was being manipulative?? I started crying and kept repeating the same things over and over again,4,"being manipulative, was spoilt"
I'm so extremely embarrassed and I wish more than anything I hadn't told him,4,extremely embarrassed
I feel stupid and pathetic because of how much I kept repeating myself,4,stupid and pathetic
I'm ugly,4,ugly
"I'm a fail, I'm a big mess",4,fail
My thoughts have been getting darker and darker by the day and I‚Äö√Ñ√¥m beginning to fear myself,4,fear myself
"Things haven't been going well for me for a long time, and i'm constantly miserable",4,constantly miserable
"I'm a useless freeloader who's never, not for a single second, done or said anything of use",4,useless
I honestly feel worthless for the millionth time,4,feel worthless
"Oh and what do y‚Äö√Ñ√¥all recommend, slitting or jumping? I could write sooo much more but I‚Äö√Ñ√¥m kinda lazy",4,lazy
"Sometimes the self blame and guilt get so immense and overwhelming and I want to go, too",4,self blame and guilt get so immense and overwhelming
My life is a total and complete shit show,4,complete shit show
"I‚Äö√Ñ√¥m too scared to open up to anyone because I‚Äö√Ñ√¥m worried they‚Äö√Ñ√¥ll just go tell the office and boom, I have to run another lap through the system that has done virtually nothing for me the first two times",4,scared to open up
I‚Äö√Ñ√¥ve grown disgusted with myself and hating myself,4,"disgusted with myself, hating myself"
"I have no self esteem, no redeeming qualities, nothing about me is good",4,have no self esteem
"i‚Äö√Ñ√¥m tired of being told that i‚Äö√Ñ√¥m no help, tired of feeling guilt and shame",4,guilt and shame
I started getting even more panicky thinking about what happens after life and that if I die is that it? I solved that by reading some theories on after life and forming my opinion that we go into a sort of lounge with the spirits who wait for us,4,I started getting even more panicky thinking about what happens after life
19 and never had anyone attracted to me! I feel like a loser,4,feel like a loser
I lack motivation and fail to be up to standard like every person should be at this age,4,lack motivation
Like I‚Äö√Ñ√¥m allowing the pain in,4,allowing the pain in
I hate every single thing about myself and I don't know how to stop,4,hate every single thing about myself
"Soon people don't help your loneliness, compliments don't cure your disgust for yourself, and success doesn't cure your guilt",4,disgust for yourself
Greeting 2018 in a mere few hours with complete lack of hope and optimism,4,lack of hope and optimism
"How can I make therapy worth more to my brain I suppose? What are good questions or things to say to really lead into that because my therapist thinks I‚Äö√Ñ√¥m getting better and am learning how to cope but in reality, I‚Äö√Ñ√¥ve become numb and emotionless",4,numb and emotionless
Most days that's all I believe about myself,4,that's all I believe about myself
"God, feel so hopeless during this time of the year, every minute is a waste of time! Every breath hurts! When will I have the courage to end it?! I feel so worthless",4,worthless
I'm fucking miserable,4,miserable
Remember achievement of any form is important for improving our already shattered self-esteem,4,shattered self-esteem
"To everyone feeling shitty this New Year‚Äö√Ñ√¥s Eve, you are not alone",4,feeling shitty
"I hate myself the most, but after that? Every single other goddamn person",4,hate myself the most
And it's just a feeling of utter hopelessness,4,utter hopelessness
They say I have low self-esteem,4,low self-esteem
I just hate what am I and that I cannot become what I want,4,hate
I don't like me,4,don't like me
I hate me,4,hate
I'm feeling so worthless and I don't know where life will lead me to,4,feeling so worthless
I kinda felt like i wasn't in my body either,4,felt like i wasn't in my body
Hey! So I‚Äö√Ñ√¥ve been having a depressive episode for a few weeks now and my biggest problem has been loss of motivation,4,loss of motivation
It is just completely locking me down to worthlessness,4,worthlessness
I feel like I've lost myself because I don't enjoy anything anymore,4,lost myself
"I feel so shitty and unworthy, and thinking about all the shit I regret from this year doesn‚Äö√Ñ√¥t help",4,"so shitty, unworthy"
"It's going to be shit,I know it, you know it, we all do",4,going to be shit
I hate everyone for their happyness,4,"hate, hate everyone"
Hahahahahahahahahahahahahaah fuck all of you that I've ever known and hated in life,4,hated in life
I feel like I wasted all my life away,4,wasted all my life away
I'm a nobody,4,a nobody
i hate how i isolate myself and then complain i hate myself since i know what i have to do but i cant choose it because i seem to love being sad / depressed i hate myself since i cant self harm like i desire i hate myself since i cant go back and change what has happened i hate myself since i put myself in these situations i hate myself since i just hate myself why cant i just die,4,just hate myself
I know what needs to be done to change things but have no motivation to do so,4,no motivation
It‚Äö√Ñ√¥s gotten to the point where I feel hopeless when I‚Äö√Ñ√¥m by myself when in fact I know there is hope,4,feel hopeless
"You should have accomplished something in an entire year, right? No, you are a worthless and pathetic waste of energy",4,worthless
"Guys n girls, I think it's time for me to pass on to the next life/afterlife/darkness/otherside, or whatever you wanna call it",4,time for me to pass on to the next life
It got to me at around 6 and I've been feeling like shit since,4,feeling like shit since
I feel so fucking useless I feel so awful fuck new years fuck it fuck it fuck it,4,fucking useless
The only thing I had going for me is now gone because of how shit I am,4,shit I am
Stuck entering the new year wondering if my friends still like me like the pathetic piece of trash that i am,4,pathetic piece of trash
Edit: Adding more because i feel even shittier,4,feel even shittier
I literally push myself because I'm too embarrassed not to,4,too embarrassed
"I start to get my shit together, do good by eating and exercise for a couple weeks, start to feel good, then fall right back to depression",4,get my shit together
I hate how useless I am,4,hate how useles
I can be on Cloud 9 until some insignificant thing just makes me feel worthless,4,feel worthless
"I can‚Äö√Ñ√¥t motivate myself to do anything at all, not even open up my laptop and do stuff with that",4,motivate myself to do anything at all
I want to disappear Everytime I try to conquer this feeling of worthlessness just doesn't work and actually makes it worse,4,worthlessness
Sitting in my apartment alone last night and watching all these people I know going out partying really made me realise how shit my life is,4,shit my life
I just feel worthless and just can't cope with anything no more,4,worthless
I can't tell them that I'm broken inside,4,broken inside
i can't remember the last time i've seen my reflection without feeling disgust,4,disgust
My life is meaningless,4,meaningless
"But I would only be depressed most of the time, 4-5/12 months or more (plus at least 3 months of self- disliking/ hate)",4,"self- disliking, hate"
"I think I'm just a burden, because most of the time I am useless and super demotivated (except for some manic phases which are &lt;2 hours long)",4,"useless, demotivated"
"Here‚Äö√Ñ√¥s to another lonely, isolating, hopeless, regretful, shameful, heart-breaking, suicide-inducing, 365 days of anguish",4,hopeless
I don't even know if that's what hurts or if it's just the existential dread that I am nothing and am useless,4,useless
I constantly ponder how meaningless everything is,4,meaningless everything
"I feel unwanted, appreciated, as if I don't matter in life, that I can be uprooted and no one would miss my presence",4,unwanted
Im scared of myself,4,scared of myself
Im scared of other people,4,scared of other people
Im just scared in general,4,scared in general
"Any sense of community or responsibility is gone I can read a book, play video games or something but eventually I realize it's just mindless escapism and I feel bad about spending so much time on it",4,mindless escapism
"Or they make it through their whole life with bad luck,bad coincidences and overall a life filled with negative feelings",4,"bad luck, bad coincidences"
I have this constant feeling that I am invisible to everyone else,4,invisible to everyone
"Its like there is a constant voice in your head telling you that you are worthless, pathetic, useless, a failure, a disappointment that you don‚Äö√Ñ√¥t deserve happiness or to be alive but to only feel pain",4,"worthless, pathetic, useless"
You begin to doubt everything about yourself; telling yourself whatever you do isn‚Äö√Ñ√¥t good enough and you should just stop trying or its worthless to just go on and might be better to just end it all,4,worthless
You feel like you are nothing and will be important to anyone ever and when you are gone everyone will be happier knowing the pathetic failure that they once knew will be gone forever and can no longer fuck up their lives,4,pathetic
Afterwards you are left with scars as a constant reminder of the pain you cause others and how worthless you are,4,worthless
I feel like I‚Äö√Ñ√¥m slowly losing the mental fortitude to do most tasks that would supposedly ‚Äö√Ñ√∫improve‚Äö√Ñ√π my wellbeing,4,losing
"I'm a terrible person, by the way, you really don't have to tell me",4,m a terrible person
"I hate promises, I hate myself but especially I hate my feelings for believing that people stay, ""THEY NEVER DID"" and nobody will ever stay",4,hate myself
Instead of constantly think about the bad about myself and how horrible i am,4,constantly think about the bad about myself and how horrible i am
I'm only 29 but sometimes I get these feelings of complete hopelessness,4,feelings of complete hopelessness
"I have no one, Fucked up my future, disappointed my parents and family (many times), I'm useless and all I do is, is to waste space",4,useless and all I do is
"I been trying to workout with a friend, but my motivation is at a all time low",4,my motivation is at a all time low
"Only to go to bed and wake up feeling just as bad if not worse, totally demotivated",4,totally demotivated
"When I finally do sleep, I can finally be at peace and then I wake up to this shitty feeling",4,I can finally be at peace and then I wake up to this shitty feeling
I really have no motivation and feel hopeless,4,really have no motivation and feel hopeless
All in all my day to day life has improved greatly but I still find myself hitting spells of complete demotivation,4,myself hitting spells of complete demotivation
The reason for this is because of my lack of motivation due to my anxiety and depression,4,lack of motivation due to my anxiety and depression
"I knew what would happen after, but who knows where my soul will go? It certainly won‚Äö√Ñ√¥t be in heaven that‚Äö√Ñ√¥s for sure",4,who knows where my soul will go
"These boards are riddled with self contempt and self loathing, which is naturally what you might expect on depression boards",4,self contempt and self loathing
It's when my depression got worst where I am not motivated to do anything at all and just stay at home doing nothing when I'm supposed to be looking for a job/goals in life,4,not motivated to do anything at all
Do I smile :D :Do I exist :Does it hurt :Do I keep going ;Do anything :d on't I just die,4,Do I exist
"The point is, i have suffered from depression and I have gotten over it about 2 years ago, but everything that goes a little downhill in my life spurs this fear that I might not be able to be ""normal""",4,"fear that I might not be able to be ""normal"""
I really don't know what to do all I want to do right now is just sit alone with no one around me and just cry like why does life have to be this terrible why and why did this have to happen to me why am I only so dumb so stupid and just useless I don't want to be like this i hate it but i don't know what to do,4,why am I only so dumb so stupid and just useless
"I don't think I'll ever find peace, even if I achieve all my dreams, it's the human condition--but I want to at least give something back to the world and live on that way, let someone carry forward my flame of hope and passion",4,find peace
"Hi , I've struggled most all of my life with terrible depression ,anxiety, low self-esteem, suicidal thoughts",4,low self-esteem
"My depression has always involved a lot of self blame, guilt, and self hatred, as well as anger and emptiness",4,"lot of self blame, guilt, and self hatred"
"I can't remember much about my dreams these days, just that I'm happy in them and the world is beautiful",4,much about my dreams
When daydreaming my mind brings up negative memories,4,daydreaming my mind brings up negative memories
So I am constantly questioning my worth and life based on that alone,4,constantly questioning my worth and life based on that alone
I haven't done it yet but I've been close to doing it and I'm scared and worried but I can't stop thinking about it,4,scared and worried but I can't stop thinking about it
I feel so embarrassed just by being present anywhere because of how hideous and cringy I am,4,how hideous and cringy I am
i'm worthless and nothing to anyone,4,worthless and nothing to anyone
"I feel hopeless, even my imagined fanatsy escapism i feel like theres no way out",4,fanatsy escapism
I fantasize about my own suicide daily,4,fantasize
I daydream about different ways I might die/be killed,4,daydream
Do any of you know a symbol that I can wear that means a broken soul,4,broken soul
I hate myself and everything around me and these days it's been getting worse and worse,4,hate myself
"I cherish those few moments with my friends, but in the end, life is just a space between birth and death",4,life is just a space between birth and death
"we are literally born for no reason, no one asked to be here and we‚Äö√Ñ√¥re all going to eventually die anyways",4,born for no reason
i‚Äö√Ñ√¥m a coward,4,coward
why can‚Äö√Ñ√¥t i just have the option to disappear from the world? why can‚Äö√Ñ√¥t i just die without becoming even bigger of a burden to everyone,4,burden to everyone
I harm myself fairly often and it does little to quell my disgust in myself,4,disgust in myself
But I'm scared that voice will go away someday? I don't know,4,scared
"Since then, I've been seriously looking for good reasons to live for the last month, and I feel as useless and worthless as ever",4,worthless
"Everyone hates me, and I am a burden at the best of times",4,burden
"I feel like a struggling with self-worth, aiming for positivity",4,"self-criticism, striving for self-compassion"
"This echoing nothing that carries on from day to day, the overwhelming sadness, the worthlessness",4,worthlessness
And yet these thoughts they still exist and seem to scare and creep and haunt,4,scare
So I tell myself that I'm fed up with life,4,fed up
"No pain, no thought just endless peace",4,endless peace
"Nothing makes sense anymore and I feel like nobody, but one person, actually cares about me",4,feel like nobody
Here i am in bed holding a knife its been like an hour that im trying to get to courage just to stab myself in the carotid artery already wrote a suicide note and everything but im such a coward i just cant do it fuck fuck fuck i dont wanna live in this nightmare anymore i dont wanna wake for tomorrow everyday day is the same shitty day,4,such a coward
"I was given the disclaimer before starting (50mg, 3 weeks ago) that this wasn‚Äö√Ñ√¥t going to fix every issue in my life, but I‚Äö√Ñ√¥ve been feeling so tired, unhappy and unmotivated",4,unhappy and unmotivated
I was completely lost and confused,4,completely lost and confused
"I posted before on here about how I'm depressed, a worthless struggling with self-worth, aiming for positivity and how I tried to hang myself",4,"a worthless self-criticism, striving for self-compassion"
I deserve to suffer for everything I have done,4,deserve to suffer for everything
I feel so lost and like I have no direction,4,feel so lost
I deserve nothing but death but nothing ever works,4,deserve nothing
I‚Äö√Ñ√¥ve been told that I matter but the words don‚Äö√Ñ√¥t mean anything when I‚Äö√Ñ√¥ve been told that I‚Äö√Ñ√¥m worthless and should give up,4,worthless
It hurts and it ruins your head it's either suicide or find salvation in that person,4,find salvation
I'm starting to think that I really am just as useless as my family thinks I am,4,useless as my family thinks
I just want out of the life I've been given,4,just want out of the life
Whenever I start dreaming up serious ways of killing myself I get tingly all over,4,dreaming up serious ways of killing myself
"The feeling of inadequacy, the contempt of others, the anger, and the overwhelming loneliness",4,feeling of inadequacy
"I'm 23 years old I don't know what to even do with my life, I just work long hours (11 to 12) for 400 a week and when I do get time off I want to stream even tho I don't have a set up at all but I get taken over by low motivation",4,get taken over by low motivation
"I‚Äö√Ñ√¥ve been feeling pretty lost lately, lack of motivation, all my work gets put off until the very last minute then I cram it in",4,lack of motivation
I feel so incredibly lost and I can't help but to want so badly to end it all,4,feel so incredibly lost
"Need ideas, inspiration, advice, anything to help me get out of this funk",4,inspiration
And life has been hell to me so far so why should I even bother finishing,4,life has been hell to me so far
"A little background on me, I don't have many hobbies,dropped out of HS because of social anxiety and deppression,fathers dead,still living with mother, have no car nor license,and have no motivation whatsoever",4,have no motivation
"I don't feel useless, im useless",4,im useless
I know there's no after life and even if there was I would be fine in hell I would actually prefer it there,4,there's no after life
like a hug I never had anyone truly love me or care about me so it helps my insecurity Thanks guys,4,helps my insecurity
I don‚Äö√Ñ√¥t feel anything other than feeling out of place and like I am not meant to be in this world,4,"feeling out of place, not meant to be in this world"
The hurt I have caused my SO has made me feel like I have no true identity,4,no true identity
I‚Äö√Ñ√¥m just so tired of being a fuck up and I feel worthless and I just don‚Äö√Ñ√¥t know what to do,4,I feel worthless
I'm treating myself like shit,4,treating myself like shit
Just anxious as hell and hopeless,4,hopeless
And I always blame myself,4,blame myself
I just want to go back to wherever my soul came from,4,want to go back to wherever my soul came from
Is it my fault? am I a gross slut?,4,slut
I feel like my new friends are a cult I feel like an outcast,4,oucast
"Maybe I just hate myself, maybe I hate society for making me this way",4,just hate myself
Why is it so hard? Why is it so painful? Why won't the voices go away? Why me? I have the perfect life,4,Why won't the voices go away
"&gt; The self-serving bias is the tendency to attribute dispositional causes for successes, and situational causes for failure, particularly when self-esteem is threatened",4,self-esteem is threatened
"Other ways people protect their self-esteem are by believing in a just world, blaming victims for their suffering, and making defensive attributions, which explain our behavior in ways which defend us from feelings of vulnerability and mortality",4,protect their self-esteem
I've felt like a social outcast for as long as I can remember,4,felt like a social outcast
"I spent days in bed, crying, paranoid walking around outside thinking people know all my secrets and all thats wrong with me",4,spent days in bed
I am an outcast from society and everything about it pisses me off,4,outcast from society
That my existence is comical to others,4,my existence is comical to others
"I had to be cursed to live a life where I wake up everyday hating myself more and more and more till the white noise becomes a ringing that becomes banging in my head screaming ""YOU ARE WORTHLESS"" in a mask of my own voice",4,worthless
"Has some of you ever sometimes or all the times tell yourself that ""I hate myself"" like it just comes out out of nowhere? Or ""I want to die""",4,hate myself
I hate being undesirable,4,being undesirable
Anyone else have this happen to them? These visions or hallucinations that seem SO REAL even though you know it‚Äö√Ñ√¥s not?,4,hallucinations
"I hate myself so fucking much, it hurts to exist",4,hate myself
I fucking ruined one of the best things that happened to me,4,ruined
"I always feel like an outsider looking in, never really belonging",4,never really belonging
I'm useless,4,useless
"In all honesty, I‚Äö√Ñ√¥m just a bad person who deserves what‚Äö√Ñ√¥s coming to me",4,bad person
I‚Äö√Ñ√¥m disgusting,4,disgusting
why not end it now before i really fuck up and become miserable? i dont see the point in going on im just really down right now i dont know what to do )): all there is darkness idk how to get out of this hole i hate myself i hate my body i hate my life i dont think it will ever get better,4,become miserable
If reincarnation is a real thing I was a selfish person that wanted the world now im stuck,4,selfish person
"Then the stress of it all just builds up and the stress paralyzes me into inaction even more and then more stress piles up and so on I‚Äö√Ñ√¥m digging myself a hole, I‚Äö√Ñ√¥m making myself worse off and ruining my own life And at the end of the day it‚Äö√Ñ√¥s up to me to fix myself",4,myself worse off
"I am mature student in, Toxic class mates, basically today i was older than the teacher i hate myself i want die, i had car accident 2 years ago i wish i died in it why i have to live to see this, every goddamn person i know has done much more than me in his life, i hate myself, i live in the 4th floor best thing is jumping",4,hate myself
"i want to be dead, everyone hates me",4,everyone hates me
I believe that I am selfish and feel because I haven‚Äö√Ñ√¥t done what I have wanted in my life I am inauthentic,4,selfish
"i dont wanna die, i want to live to be happy to not cry everyday o have friends to date and stuff but i dont know how and i feeli like i dont deserve do be happy or loved by anyone and it hurts, idk what to do anymore everyday is just so boring and sad and even when i have a good time i know it wont happen again so i just get sad and sadder everyday im afraid of everything and i know everyone's life would be better than me im just useless and i hate myself for not giving up of it all",4,hate myself
"Fuck I really hate myself, I get upset over the tiniest stupidest things",4,hate myself
